id,name,brand,category,calories,protein,carbs,fat,fiber,sugar,saturated_fat,salt,source
1243,Baked potato,,Eesti toidud,86,2.2,18.4,0.2,1.8,0,,,
1256,Baltic sprat sauce,,Eesti toidud,148,12.4,4.6,8.8,0.4,0,,,
1273,Barley groat porridge,,Eesti toidud,104,3.6,18.8,1.6,1.8,0,,,
1266,Berry jam,,Eesti toidud,248,0.4,62.4,0.1,1.2,0,,,
1274,Blood dumpling,,Eesti toidud,184,8.6,18.4,8.4,1.4,0,,,
1216,Blood sausage,,Eesti toidud,295,14.2,16.8,20.1,1.4,0,,,
1281,Blood sausage in sauce,,Eesti toidud,312,13.8,18.6,20.8,1.6,0,,,
1244,Boiled potato,,Eesti toidud,76,2,16.8,0.1,1.6,0,,,
1249,Borscht,,Eesti toidud,62,3.6,8.2,1.6,1.8,0,,,
1245,Braised cabbage,,Eesti toidud,62,2.4,7.8,2.2,2.6,0,,,
1258,Bread cutlet,,Eesti toidud,184,6.8,24.4,7.2,1.6,0,,,
1308,Buckwheat patty (veggie),,Eesti toidud,148,6.4,20.8,4.4,2.6,0,,,
1235,Buckwheat porridge,,Eesti toidud,102,3.4,18.2,1.8,1.8,0,,,
1237,Cabbage pie,,Eesti toidud,198,5.8,26.4,8.2,2.2,0,,,
1240,Chicken cutlet,,Eesti toidud,188,20.4,7.8,9.2,0.4,0,,,
1253,Chicken fillet grilled,,Eesti toidud,148,26.8,0.4,3.8,0,0,,,
1307,Chicken soup,,Eesti toidud,62,5.8,5.4,1.8,0.8,0,,,
1269,Chocolate glazed curd snack,,Eesti toidud,268,8.2,30.8,12.6,0.4,0,,,
1294,Cold smoked sausage,,Eesti toidud,386,18.4,1.8,34.2,0.2,0,,,
1277,Curd cake (cheesecake),,Eesti toidud,268,10.4,28.6,12.8,0.4,0,,,
1260,Curd cookie,,Eesti toidud,312,8.6,42.4,12.2,0.8,0,,,
1221,Curd cream,,Eesti toidud,182,9.6,18.4,7.8,0.2,0,,,
1259,Curd pancakes,,Eesti toidud,188,10.4,22.4,6.8,0.6,0,,,
1285,Dark wheat bread,,Eesti toidud,236,8.2,44.6,2.8,3.4,0,,,
1224,Estonian barley flatbread,,Eesti toidud,224,5.8,38.4,5.6,3.2,0,,,
1225,Estonian beet and herring salad,,Eesti toidud,116,4.2,14.8,4.6,2.4,0,,,
1267,Estonian caraway curd cheese,,Eesti toidud,268,18.4,4.2,20.2,0,0,,,
1287,Estonian cottage cheese,,Eesti toidud,98,12.6,3.4,4.2,0,0,,,
1283,Estonian curd cheese (quark),,Eesti toidud,96,12.4,4.2,3.6,0,0,,,
1261,Estonian fruit pudding (kissel),,Eesti toidud,62,0.2,15.4,0.1,0.4,0,,,
1228,Estonian pancakes,,Eesti toidud,216,6.4,28.8,8.6,0.8,0,,,
1230,Estonian potato salad,,Eesti toidud,142,3.8,16.4,7.2,1.8,0,,,
1262,Estonian sweet braid bread,,Eesti toidud,318,7.8,52.4,9.2,1.8,0,,,
1282,Fermented milk,,Eesti toidud,62,3.2,4.8,3.4,0,0,,,
1302,Fish bread (open sandwich),,Eesti toidud,168,10.4,18.4,6.2,1.8,0,,,
1241,Fish cutlet,,Eesti toidud,162,16.2,8.6,7.4,0.6,0,,,
1254,Fried Baltic sprat,,Eesti toidud,198,18.4,4.8,11.6,0.4,0,,,
1304,Fried egg,,Eesti toidud,196,13.2,0.8,15.4,0,0,,,
1242,Fried potatoes,,Eesti toidud,154,2.4,20.8,7.2,2.2,0,,,
1265,Fruit kissel,,Eesti toidud,54,0.4,13.2,0,0.4,0,,,
1279,Gingerbread cookies,,Eesti toidud,362,5.4,72.8,5.6,1.8,0,,,
1268,Glazed curd snack (plain),,Eesti toidud,248,8.6,28.4,11.2,0.2,0,,,
1299,Home-style meat salad,,Eesti toidud,186,10.4,8.6,13.2,1.4,0,,,
1271,Kalev chocolate bar,,Eesti toidud,548,6.2,58.4,32.4,2.2,0,,,
1220,Kama with kefir,,Eesti toidud,138,7.2,21.8,2.9,3.4,0,,,
1219,Kama with milk,,Eesti toidud,142,6.8,22.4,3.1,3.4,0,,,
1289,Kefir 2.5% fat,,Eesti toidud,68,3.4,4.8,2.5,0,0,,,
1218,Marinated eel,,Eesti toidud,184,16.8,4.2,11.2,0,0,,,
1275,Marinated mushrooms,,Eesti toidud,32,1.8,4.2,0.6,1.4,0,,,
1229,Mashed potatoes,,Eesti toidud,94,2.2,14.8,3.4,1.6,0,,,
1250,Meatballs in sauce,,Eesti toidud,198,14.8,8.6,11.4,0.8,0,,,
1223,Meat jelly / brawn,,Eesti toidud,96,14.8,1.2,3.6,0,0,,,
1236,Meat pie,,Eesti toidud,246,10.2,24.8,11.4,1.4,0,,,
1303,Meat sauce with rice,,Eesti toidud,248,16.4,28.6,7.8,1.2,0,,,
1297,Meat soup,,Eesti toidud,74,6.8,6.4,2.4,1.2,0,,,
1290,Milk 2.5% fat,,Eesti toidud,52,3.4,4.8,2.5,0,0,,,
1291,Milk 3.5% fat,,Eesti toidud,64,3.4,4.8,3.5,0,0,,,
1298,Milk soup with pasta,,Eesti toidud,92,4.2,13.8,2.4,0.6,0,,,
1217,Mulgi cabbage with pork,,Eesti toidud,138,9.4,6.2,8.7,2.1,0,,,
1272,Mulgi potato and barley porridge,,Eesti toidud,112,4.2,18.6,2.8,2.4,0,,,
1278,Oat cookies,,Eesti toidud,428,6.8,62.4,16.8,3.4,0,,,
1234,Oatmeal porridge,,Eesti toidud,106,3.8,16.4,2.6,2.2,0,,,
1301,Oven-roasted chicken,,Eesti toidud,198,24.6,1.2,10.8,0,0,,,
1227,Pea soup,,Eesti toidud,88,5.6,12.4,1.8,3.6,0,,,
1231,Pelmeni dumplings,,Eesti toidud,198,10.4,24.6,6.2,1.2,0,,,
1232,Pelmeni with sour cream,,Eesti toidud,228,10.8,24.8,9.6,1.2,0,,,
1246,Pickled cucumber,,Eesti toidud,12,0.6,1.8,0.1,0.8,0,,,
1247,Pickled pumpkin,,Eesti toidud,48,0.4,11.8,0.1,0.6,0,,,
1239,Pork cutlet,,Eesti toidud,224,18.6,8.4,13.2,0.6,0,,,
1309,Pork noodle soup,,Eesti toidud,88,6.4,9.8,2.8,1.2,0,,,
1252,Pork roast,,Eesti toidud,268,24.2,0.6,18.4,0,0,,,
1238,Rice pie,,Eesti toidud,218,6.2,30.4,8.4,0.8,0,,,
1251,Roasted meat,,Eesti toidud,218,22.4,1.2,13.8,0,0,,,
1284,Rye bread,,Eesti toidud,218,6.4,40.8,2.4,6.2,0,,,
1257,Rye bread porridge,,Eesti toidud,118,3.4,22.6,1.8,2.8,0,,,
1295,Salt-cured salmon,,Eesti toidud,182,20.6,0,11.4,0,0,,,
1276,Salted mushrooms,,Eesti toidud,22,1.6,2.4,0.4,1.6,0,,,
1306,Sandwich with ham,,Eesti toidud,218,12.4,22.8,8.4,1.8,0,,,
1226,Sauerkraut soup,,Eesti toidud,68,4.8,5.6,2.8,1.8,0,,,
1233,Semolina porridge,,Eesti toidud,86,3.2,14.6,1.8,0.4,0,,,
1263,Shrovetide bun,,Eesti toidud,326,8.2,48.6,11.4,1.6,0,,,
1255,Smoked fish,,Eesti toidud,172,22.6,0,9.2,0,0,,,
1293,Smoked sausage,,Eesti toidud,312,14.8,2.4,27.6,0.2,0,,,
1248,Solyanka soup,,Eesti toidud,78,5.2,5.4,3.8,1.2,0,,,
1288,Sour cream,,Eesti toidud,214,2.6,4,20.8,0,0,,,
1292,Soured milk,,Eesti toidud,60,3.2,4.6,2.6,0,0,,,
1296,Sprat pies,,Eesti toidud,226,10.8,22.4,10.4,1.4,0,,,
1222,Sprat sandwich,,Eesti toidud,198,8.4,18.6,9.8,1.8,0,,,
1264,Stewed fruit compote,,Eesti toidud,48,0.2,12.2,0,0.4,0,,,
1305,Toast,,Eesti toidud,292,9.4,52.6,4.2,2.8,0,,,
1280,Typical Estonian breakfast plate,,Eesti toidud,386,18.4,32.4,19.8,2.4,0,,,
1300,Typical Estonian lunch plate,,Eesti toidud,486,28.4,42.4,20.8,3.2,0,,,
1270,Vanilla curd snack,,Eesti toidud,252,8.4,29.2,11.8,0.2,0,,,
1286,White bread rolls,,Eesti toidud,282,8.8,54.2,3.4,1.8,0,,,
944,Açaí bowl,,Hommikusöögid,145,3,23,5,4,0,,,
951,Banana pancake,,Hommikusöögid,235,6,36,8,1.8,0,,,
950,Blueberry pancake,,Hommikusöögid,240,6,37,8,1.5,0,,,
934,Bran flakes,,Hommikusöögid,320,9,73,2,13,0,,,
952,Buckwheat pancake,,Hommikusöögid,220,7,32,7,2.5,0,,,
15253,"Cereals, corn grits, white, regular and quick, cooked with water",,Hommikusöögid,71,1.7,14.8,0.5,0.8,0.1,0.07,0.005,usda_sr_legacy
15269,"Cereals, corn grits, white, regular and quick, cooked with water",,Hommikusöögid,71,1.7,14.8,0.5,0.8,0.1,0.07,0.558,usda_sr_legacy
15252,"Cereals, corn grits, white, regular and quick, dry",,Hommikusöögid,370,7.7,79.1,1.8,4.6,0.6,0.34,0.003,usda_sr_legacy
15271,"Cereals, corn grits, yellow, quick, cooked with water",,Hommikusöögid,65,1.2,13.9,0.4,0.7,0.1,0.06,0.558,usda_sr_legacy
15270,"Cereals, corn grits, yellow, regular and quick, cooked with water",,Hommikusöögid,65,1.2,13.9,0.4,0.7,0.1,0.06,0.005,usda_sr_legacy
15268,"Cereals, corn grits, yellow, regular and quick, dry",,Hommikusöögid,371,8.8,79.6,1.2,1.6,0.6,0.16,0.003,usda_sr_legacy
17336,"Cereals, CREAM OF RICE, cooked with water, with salt",,Hommikusöögid,52,0.9,11.5,0.1,0.1,0,0.02,0.433,usda_sr_legacy
17322,"Cereals, CREAM OF RICE, dry",,Hommikusöögid,370,6.3,82.4,0.5,0.7,0.3,0.14,0.015,usda_sr_legacy
17323,"Cereals, CREAM OF WHEAT, 10 minute cooking, dry",,Hommikusöögid,370,10.5,76.5,1.5,3.8,0.2,0.24,0.018,usda_sr_legacy
16527,"Cereals, CREAM OF WHEAT, 1 minute cook time, cooked with water, microwaved",,Hommikusöögid,55,2,10.7,0.4,1.5,3,0.09,0.01,usda_sr_legacy
16526,"Cereals, CREAM OF WHEAT, 1 minute cook time, cooked with water, stove-top",,Hommikusöögid,56,1.7,11.2,0.4,0.4,0.1,0.11,0.01,usda_sr_legacy
16525,"Cereals, CREAM OF WHEAT, 1 minute cook time, dry",,Hommikusöögid,359,11.8,72.6,1.5,4.4,0.5,0.3,0.018,usda_sr_legacy
16524,"Cereals, CREAM OF WHEAT, 2 1/2 minute cook time, cooked with water, microwaved",,Hommikusöögid,52,1.9,10.1,0.4,0.7,0.3,0.1,0.113,usda_sr_legacy
16523,"Cereals, CREAM OF WHEAT, 2 1/2 minute cook time, cooked with water, stove-top",,Hommikusöögid,56,1.4,11.7,0.2,0.7,0.1,0.05,0.085,usda_sr_legacy
18077,"Cereals, CREAM OF WHEAT, 2 1/2 minute cook time, dry",,Hommikusöögid,355,11.6,71.8,1.4,4.4,0.5,0.25,0.82,usda_sr_legacy
15258,"Cereals, CREAM OF WHEAT, instant, dry",,Hommikusöögid,366,10.6,75.5,1.4,3.3,0.4,0.22,1.428,usda_sr_legacy
17324,"Cereals, CREAM OF WHEAT, instant, prepared with water, without salt",,Hommikusöögid,62,1.8,13.1,0.2,0.6,0.1,0.04,0.255,usda_sr_legacy
15255,"Cereals, CREAM OF WHEAT, regular (10 minute), cooked with water, without salt",,Hommikusöögid,50,1.4,10.5,0.2,0.5,0,0.03,0.015,usda_sr_legacy
17337,"Cereals, CREAM OF WHEAT, regular (10 minute), cooked with water, with salt",,Hommikusöögid,50,1.5,10.7,0.2,0.5,0,0.03,0.323,usda_sr_legacy
15257,"Cereals, farina, assorted brands including CREAM OF WHEAT, quick (1-3 minutes), cooked with water",,Hommikusöögid,55,1.8,10.9,0.3,0.8,0.8,0.07,0.045,usda_sr_legacy
15256,"Cereals, farina, assorted brands including CREAM OF WHEAT, quick (1-3 minutes), dry",,Hommikusöögid,360,11.6,73.2,1.4,4.2,0.6,0.23,0.31,usda_sr_legacy
17339,"Cereals, farina, cooked with water, with salt",,Hommikusöögid,53,1.8,10.9,0.3,0.8,0.8,0.07,0.315,usda_sr_legacy
17338,"Cereals, farina, dry",,Hommikusöögid,369,10.6,78,0.5,1.9,,0.08,0.008,usda_sr_legacy
15276,"Cereals, MALT-O-MEAL, Blueberry Mini SPOONERS",,Hommikusöögid,350,8.8,79.4,1.9,10.3,18.4,0.4,0.005,usda_sr_legacy
15272,"Cereals, MALT-O-MEAL, chocolate, dry",,Hommikusöögid,363,10.6,79.6,0.8,2.8,16.6,0.31,0.025,usda_sr_legacy
16519,"Cereals, MALT-O-MEAL, chocolate, prepared with water, without salt",,Hommikusöögid,47,1.4,9.2,0.1,0.4,2.2,0.03,0.003,usda_sr_legacy
16513,"Cereals, MALT-O-MEAL, Farina Hot Wheat Cereal, dry",,Hommikusöögid,365,10.5,77.2,0.5,2.9,0.7,0.07,0.008,usda_sr_legacy
16514,"Cereals, MALT-O-MEAL, Maple & Brown Sugar Hot Wheat Cereal, dry",,Hommikusöögid,368,8.8,80.5,0.5,1.8,28,0.09,0.013,usda_sr_legacy
17325,"Cereals, MALT-O-MEAL, original, plain, dry",,Hommikusöögid,365,11.8,77.3,0.7,2.1,0,0.08,0,usda_sr_legacy
18073,"Cereals, MALT-O-MEAL, original, plain, prepared with water",,Hommikusöögid,48,1.7,10.1,0.1,0.3,0.1,0.01,0,usda_sr_legacy
16493,"Cereals, Oat Bran, QUAKER, QUAKER/MOTHER'S Oat Bran, prepared with water",,Hommikusöögid,43,2,7.5,1,1.7,,0.17,0.115,usda_sr_legacy
17342,"Cereals, oats, instant, maple and brown sugar, dry",,Hommikusöögid,386,9.3,76.7,4.7,7.2,30.3,0.78,1.263,usda_sr_legacy
15259,"Cereals, oats, instant, plain, dry",,Hommikusöögid,362,11.9,69.5,6.9,10,1.5,1.35,0.55,usda_sr_legacy
15260,"Cereals, oats, instant, plain, prepared with water (boiling water added or microwaved)",,Hommikusöögid,68,2.4,11.7,1.4,1.7,0.5,0.23,0.123,usda_sr_legacy
15262,"Cereals, oats, instant, with cinnamon and spice, dry",,Hommikusöögid,369,9.5,76.1,4.8,8,25.3,0.77,1.085,usda_sr_legacy
17328,"Cereals, oats, instant, with cinnamon and spice, prepared with water",,Hommikusöögid,96,2.4,19,1.2,2,6.3,0.19,0.278,usda_sr_legacy
17330,"Cereals, oats, instant, with raisins and spice, prepared with water",,Hommikusöögid,88,2,17.9,1,1.3,8.7,0.15,0.278,usda_sr_legacy
15273,"Cereals, oats, regular and quick and instant, cooked with water, with salt",,Hommikusöögid,71,2.5,12,1.5,1.7,0.3,0.31,0.178,usda_sr_legacy
17327,"Cereals, oats, regular and quick, cooked with water, without salt",,Hommikusöögid,71,2.5,12,1.5,1.7,0.3,0.31,0.01,usda_sr_legacy
17326,"Cereals, oats, regular and quick, not fortified, dry",,Hommikusöögid,379,13.2,67.7,6.5,10.1,1,1.11,0.015,usda_sr_legacy
17320,"Cereals, QUAKER, corn grits, instant, cheddar cheese flavor",,Hommikusöögid,363,9,73,5.5,4.2,2.8,1.33,4.11,usda_sr_legacy
15254,"Cereals, QUAKER, corn grits, instant, plain",,Hommikusöögid,343,7.3,78.4,2.1,4.2,1.5,0.36,2.803,usda_sr_legacy
17319,"Cereals, QUAKER, corn grits, instant, plain",,Hommikusöögid,74,1.6,16,0.5,1.1,0.1,0.08,0.568,usda_sr_legacy
18052,"Cereals, QUAKER, hominy grits, white, dry",,Hommikusöögid,361,8.8,79.2,1.6,1.6,0.6,0.15,0.003,usda_sr_legacy
18051,"Cereals, QUAKER, hominy grits, white, quick",,Hommikusöögid,348,8.8,79.6,1.2,4.8,0.3,0.16,0.003,usda_sr_legacy
16492,"Cereals, QUAKER, Instant Grits, Butter flavor, dry",,Hommikusöögid,369,8.1,74.8,5.6,4.7,0.9,2.58,2.993,usda_sr_legacy
17321,"Cereals, QUAKER, Instant Grits, Country Bacon flavor, dry",,Hommikusöögid,340,9.9,75.4,1.7,5.1,0.4,0.24,3.808,usda_sr_legacy
16509,"Cereals, QUAKER, Instant Grits, Ham 'n' Cheese flavor, dry",,Hommikusöögid,355,10.7,71.1,4.7,4.2,2.7,1.06,4.825,usda_sr_legacy
16508,"Cereals, QUAKER, Instant Grits Product with American Cheese Flavor, dry",,Hommikusöögid,360,8.8,74.2,4.7,4.3,2,1.08,3.795,usda_sr_legacy
16507,"Cereals, QUAKER, Instant Grits, Redeye Gravy & Country Ham flavor, dry",,Hommikusöögid,342,9.8,75.9,1.6,4.6,0.7,0.23,4.513,usda_sr_legacy
18084,"Cereals, QUAKER, Instant Oatmeal, Apple and Cinnamon, reduced sugar",,Hommikusöögid,358,10.3,72.2,5.6,9.7,17.8,1.03,1.338,usda_sr_legacy
15261,"Cereals, QUAKER, Instant Oatmeal, apples and cinnamon, dry",,Hommikusöögid,366,8.6,76.7,4.6,8.3,28.9,0.88,1.135,usda_sr_legacy
18060,"Cereals, QUAKER, Instant Oatmeal, Banana Bread, dry",,Hommikusöögid,368,9,75.7,4.9,6.7,29.5,0.9,1.75,usda_sr_legacy
18058,"Cereals, QUAKER, Instant Oatmeal, Cinnamon-Spice, dry",,Hommikusöögid,369,10.4,74.5,5.1,8.2,21.1,0.81,1.04,usda_sr_legacy
16531,"Cereals, QUAKER, Instant Oatmeal, Cinnamon Spice, reduced sugar",,Hommikusöögid,358,11.3,69.5,6.1,8.8,11.9,1.16,1.9,usda_sr_legacy
15280,"Cereals, QUAKER, Instant Oatmeal, Cinnamon Swirl, high fiber",,Hommikusöögid,366,8.8,75.7,4.8,22.3,14.7,0.93,1.183,usda_sr_legacy
18059,"Cereals, QUAKER, Instant Oatmeal, DINOSAUR EGGS, Brown Sugar",,Hommikusöögid,384,8.7,73.7,7.6,6.4,28.9,2.42,1.25,usda_sr_legacy
18046,"Cereals, QUAKER, Instant Oatmeal, fruit and cream variety, dry",,Hommikusöögid,379,8.3,75.4,6.4,6,31.3,1.31,1.248,usda_sr_legacy
18083,"Cereals, QUAKER, Instant Oatmeal, fruit and cream, variety of flavors",,Hommikusöögid,376,10.2,71.6,7.5,8.3,17.7,2.09,1.398,usda_sr_legacy
17329,"Cereals, QUAKER, Instant Oatmeal, maple and brown sugar, dry",,Hommikusöögid,368,9.2,76.9,4.6,7.2,30,0.79,1.265,usda_sr_legacy
18082,"Cereals, QUAKER, Instant Oatmeal Organic",,Hommikusöögid,367,16,67,6.3,9.8,1,1.11,0.01,usda_sr_legacy
16506,"Cereals, QUAKER, Instant Oatmeal, Raisin and Spice, dry",,Hommikusöögid,360,9.1,75.7,4,5.8,35.7,0.61,1.1,usda_sr_legacy
18047,"Cereals, QUAKER, Instant Oatmeal, raisins, dates and walnuts",,Hommikusöögid,371,8.8,72.4,7,6.9,30.9,1.07,1.29,usda_sr_legacy
17348,"Cereals, QUAKER, Instant Oatmeal, weight control, cinnamon",,Hommikusöögid,361,16.5,64.2,6.3,13,1.3,1.21,1.545,usda_sr_legacy
18048,"Cereals, QUAKER, Oat Bran, QUAKER/MOTHER'S Oat Bran, dry",,Hommikusöögid,364,17,62.9,8,14.3,1.4,1.43,0.013,usda_sr_legacy
18049,"Cereals, QUAKER, Oat Bran, QUAKER/MOTHER'S Oat Bran, prepared with water",,Hommikusöögid,43,2,7.5,1,1.7,,0.17,0.008,usda_sr_legacy
15282,"Cereals, QUAKER, oatmeal, REAL MEDLEYS, apple walnut",,Hommikusöögid,390,8.2,70.5,10.4,7,29.4,1.3,0.89,usda_sr_legacy
15281,"Cereals, QUAKER, oatmeal, REAL MEDLEYS, blueberry hazelnut",,Hommikusöögid,386,9.8,69.5,9.8,7.7,18.7,1.65,0.843,usda_sr_legacy
17347,"Cereals, QUAKER, oatmeal, REAL MEDLEYS, cherry pistachio",,Hommikusöögid,394,12,66.7,11,7.1,26.3,1.39,0.453,usda_sr_legacy
17346,"Cereals, QUAKER, oatmeal, REAL MEDLEYS, peach almond",,Hommikusöögid,387,10.1,68.6,9.8,7.4,24.9,1.11,0.503,usda_sr_legacy
15283,"Cereals, QUAKER, oatmeal, REAL MEDLEYS, summer berry",,Hommikusöögid,353,11.3,72.6,4.4,8.5,20.4,1.04,0.885,usda_sr_legacy
16487,"Cereals, QUAKER, QUAKER MultiGrain Oatmeal, dry",,Hommikusöögid,334,12.6,72.6,2.7,11.9,2.5,0.45,0.018,usda_sr_legacy
16494,"Cereals, QUAKER, QUAKER MultiGrain Oatmeal, prepared with water, no salt",,Hommikusöögid,61,2.1,13.5,0.5,2.2,,0.1,0.008,usda_sr_legacy
16495,"Cereals, QUAKER, QUAKER MultiGrain Oatmeal, prepared with water, salt",,Hommikusöögid,61,2.1,13.5,0.5,2.2,,0.1,0.175,usda_sr_legacy
16504,"Cereals, QUAKER, Quick Oats, Dry",,Hommikusöögid,371,13.7,68.2,6.9,9.4,1.4,1.11,0.008,usda_sr_legacy
18062,"Cereals, QUAKER, Quick Oats with Iron, Dry",,Hommikusöögid,371,13.7,68.2,6.9,9.4,1.4,0.96,0.008,usda_sr_legacy
17345,"Cereals, QUAKER, Weight Control Instant Oatmeal, banana bread",,Hommikusöögid,361,16.5,64.4,6.2,12.6,1.3,1.19,1.548,usda_sr_legacy
17344,"Cereals, QUAKER, Weight Control Instant Oatmeal, maple and brown sugar",,Hommikusöögid,361,16.4,64.3,6.2,13,1.3,1.16,1.605,usda_sr_legacy
18063,"Cereals, QUAKER, Whole Wheat Natural Cereal, dry",,Hommikusöögid,333,11.8,74.8,2,9.9,2,0.42,0.02,usda_sr_legacy
12855,"Cereals ready-to-eat, ALPEN",,Hommikusöögid,352,11.2,75.7,3.3,9.1,20,0.5,0.068,usda_sr_legacy
16533,"Cereals ready-to-eat, BARBARA'S PUFFINS, original",,Hommikusöögid,333,7.4,84,3.7,18.5,18.5,0,1.76,usda_sr_legacy
16488,"Cereals ready-to-eat, chocolate-flavored frosted puffed corn",,Hommikusöögid,405,3.3,87.2,3.5,3.8,43.7,0.96,1.335,usda_sr_legacy
12856,"Cereals ready-to-eat, FAMILIA",,Hommikusöögid,388,9.5,73.8,6.3,8.5,23.2,0.71,0.02,usda_sr_legacy
12825,"Cereals ready-to-eat, frosted oat cereal with marshmallows",,Hommikusöögid,400,7.1,84.7,3.3,4.3,36.1,0.62,1.333,usda_sr_legacy
17306,"Cereals ready-to-eat, GENERAL MILLS, CHEERIOS",,Hommikusöögid,372,12.4,73.2,6.6,10.1,4.5,1.6,1.243,usda_sr_legacy
15244,"Cereals ready-to-eat, granola, homemade",,Hommikusöögid,489,13.7,53.9,24.3,8.9,19.8,3.96,0.065,usda_sr_legacy
16496,"Cereals ready-to-eat, HEALTH VALLEY, FIBER 7 Flakes",,Hommikusöögid,353,14.4,78.2,1.4,14.1,20,0.26,0.5,usda_sr_legacy
18067,"Cereals ready-to-eat, MALT-O-MEAL, Apple ZINGS",,Hommikusöögid,390,4.5,87.3,2.7,2.3,44.6,0.73,1.135,usda_sr_legacy
16497,"Cereals ready-to-eat, MALT-O-MEAL, BERRY COLOSSAL CRUNCH",,Hommikusöögid,396,4.2,86.6,4.2,1.8,41.7,1.21,1.583,usda_sr_legacy
16512,"Cereals ready-to-eat, MALT-O-MEAL, Blueberry MUFFIN TOPS Cereal",,Hommikusöögid,443,4.9,79.9,11.5,4.7,35.4,1.66,1.155,usda_sr_legacy
18086,"Cereals ready-to-eat, MALT-O-MEAL, CHOCOLATE MARSHMALLOW MATEYS",,Hommikusöögid,392,3.5,88.2,3.7,2.5,55.5,1.6,0.92,usda_sr_legacy
18068,"Cereals ready-to-eat, MALT-O-MEAL, CINNAMON TOASTERS",,Hommikusöögid,425,3.3,78.3,12.1,5,32.9,1.85,1.183,usda_sr_legacy
18069,"Cereals ready-to-eat, MALT-O-MEAL, Cocoa DYNO-BITES",,Hommikusöögid,397,4.2,87.9,3.4,1.1,43.2,2.58,1.335,usda_sr_legacy
18041,"Cereals ready-to-eat, MALT-O-MEAL, COCO-ROOS",,Hommikusöögid,389,3.4,86.8,4.6,3.3,48.1,2.57,0.875,usda_sr_legacy
18053,"Cereals ready-to-eat, MALT-O-MEAL, COLOSSAL CRUNCH",,Hommikusöögid,401,3.6,81.6,5.3,1.7,42.5,2.24,2.015,usda_sr_legacy
17317,"Cereals ready-to-eat, MALT-O-MEAL, CORN BURSTS",,Hommikusöögid,385,3.3,90.6,0.4,1.9,46.9,0.09,2.138,usda_sr_legacy
16498,"Cereals ready-to-eat, MALT-O-MEAL, Crispy Rice",,Hommikusöögid,346,6.1,86.4,1.1,0.4,7.8,0,2.31,usda_sr_legacy
16505,"Cereals ready-to-eat, MALT-O-MEAL, Frosted Flakes",,Hommikusöögid,389,4.3,90.2,0.9,1.2,39.3,0.11,1.128,usda_sr_legacy
16515,"Cereals ready-to-eat, MALT-O-MEAL, Frosted Mini SPOONERS",,Hommikusöögid,354,9.1,81.8,1.9,10.9,20,0.23,0.045,usda_sr_legacy
16516,"Cereals ready-to-eat, MALT-O-MEAL, Fruity DYNO-BITES",,Hommikusöögid,404,3.9,90.1,3.2,1,42.6,0.64,1.575,usda_sr_legacy
18065,"Cereals ready-to-eat, MALT-O-MEAL, GOLDEN PUFFS",,Hommikusöögid,370,5.8,89.7,0.9,2.6,51.3,0.16,0.51,usda_sr_legacy
18064,"Cereals ready-to-eat, MALT-O-MEAL, Honey BUZZERS",,Hommikusöögid,379,3.5,89.7,1.7,3.4,37.9,0.59,1.898,usda_sr_legacy
16510,"Cereals ready-to-eat, MALT-O-MEAL, HONEY GRAHAM SQUARES",,Hommikusöögid,398,4.5,74.7,10,4.4,32.7,1.5,2.095,usda_sr_legacy
15279,"Cereals ready-to-eat, MALT-O-MEAL, Honey Nut SCOOTERS",,Hommikusöögid,387,8.6,79.6,4.5,6.3,30,0.63,1.738,usda_sr_legacy
17331,"Cereals ready-to-eat, MALT-O-MEAL, MARSHMALLOW MATEYS",,Hommikusöögid,387,6.9,82.8,3.5,4.9,40.9,0.72,1.668,usda_sr_legacy
15277,"Cereals ready-to-eat, MALT-O-MEAL, OAT BLENDERS with honey",,Hommikusöögid,396,6.8,84.9,4.2,5,21.6,0.5,1.288,usda_sr_legacy
15278,"Cereals ready-to-eat, MALT-O-MEAL, OAT BLENDERS with honey & almonds",,Hommikusöögid,379,7.8,77.3,4.9,6.1,20.3,0.62,1.133,usda_sr_legacy
16511,"Cereals ready-to-eat, MALT-O-MEAL, Raisin Bran Cereal",,Hommikusöögid,342,7.6,80.4,1.9,10.2,33,0.42,1.165,usda_sr_legacy
16499,"Cereals ready-to-eat, MALT-O-MEAL, TOOTIE FRUITIES",,Hommikusöögid,391,4.7,85.9,3.2,2.2,45.3,0.69,1.133,usda_sr_legacy
18066,"Cereals ready-to-eat, MOM'S BEST, Honey Nut TOASTY O'S",,Hommikusöögid,388,8.6,79.8,4.5,6.3,30.2,0.55,1.708,usda_sr_legacy
17349,"Cereals ready-to-eat, MOM'S BEST, Sweetened WHEAT-FULS",,Hommikusöögid,373,8.2,80.9,1.8,10,20.3,0,0.035,usda_sr_legacy
16532,"Cereals ready-to-eat, NATURE'S PATH, Organic FLAX PLUS flakes",,Hommikusöögid,350,11.9,75.3,5.5,16.6,12.3,0.62,1.145,usda_sr_legacy
18076,"Cereals ready-to-eat, NATURE'S PATH, Organic FLAX PLUS, Pumpkin Granola",,Hommikusöögid,467,11.2,66.1,18.3,8.4,18.2,2.8,0.185,usda_sr_legacy
11612,"Cereals ready-to-eat, OAT BRAN FLAKES, HEALTH VALLEY",,Hommikusöögid,380,10,78,3,8,22,1,0.95,usda_sr_legacy
15239,"Cereals ready-to-eat, POST, ALPHA-BITS",,Hommikusöögid,389,10,80.3,4.6,7.1,21,1.1,1.48,usda_sr_legacy
17310,"Cereals ready-to-eat, POST Bran Flakes",,Hommikusöögid,328,9.9,80.5,2.1,18.3,18.6,0.4,1.35,usda_sr_legacy
17307,"Cereals ready-to-eat, POST, COCOA PEBBLES",,Hommikusöögid,397,4.8,85.7,4.1,1.6,35.8,3.6,1.485,usda_sr_legacy
15243,"Cereals ready-to-eat, POST, FRUITY PEBBLES",,Hommikusöögid,402,4.6,86.1,4,0.8,34.3,3.6,1.328,usda_sr_legacy
15250,"Cereals ready-to-eat, POST, GOLDEN CRISP",,Hommikusöögid,380,5.5,90.1,1.7,5,53.6,0.2,0.238,usda_sr_legacy
15245,"Cereals ready-to-eat, POST, GRAPE-NUTS Cereal",,Hommikusöögid,361,11.2,80.5,1.8,13,8.9,0.34,1.163,usda_sr_legacy
15246,"Cereals ready-to-eat, POST, GRAPE-NUTS Flakes",,Hommikusöögid,376,9.4,82,3.7,10.2,15.2,0.5,1.175,usda_sr_legacy
13602,"Cereals ready-to-eat, POST GREAT GRAINS Banana Nut Crunch",,Hommikusöögid,390,9.8,70.9,8.8,11.2,17.5,1.1,0.595,usda_sr_legacy
16520,"Cereals ready-to-eat, POST GREAT GRAINS Cranberry Almond Crunch",,Hommikusöögid,384,8.9,76.6,5.9,11.1,25.5,0.8,0.535,usda_sr_legacy
13596,"Cereals ready-to-eat, POST, GREAT GRAINS Crunchy Pecan Cereal",,Hommikusöögid,403,9,73,10.5,9.7,15.4,1,0.718,usda_sr_legacy
12827,"Cereals ready-to-eat, POST, GREAT GRAINS, Raisin, Date & Pecan",,Hommikusöögid,378,7.9,74.3,7.1,9.3,24.1,0.8,0.618,usda_sr_legacy
11968,"Cereals ready-to-eat, POST, HONEY BUNCHES OF OATS, honey roasted",,Hommikusöögid,401,7.1,81.2,5.5,4.2,19.8,0.64,1.135,usda_sr_legacy
18085,"Cereals ready-to-eat, POST, HONEY BUNCHES OF OATS, pecan bunches",,Hommikusöögid,399,7,82,5.4,5.2,21.9,0.7,1.208,usda_sr_legacy
13593,"Cereals ready-to-eat, POST, HONEY BUNCHES OF OATS, with almonds",,Hommikusöögid,409,7.7,79.6,7.3,5.5,20,0.8,1.043,usda_sr_legacy
16535,"Cereals ready-to-eat, POST HONEY BUNCHES OF OATS with cinnamon bunches",,Hommikusöögid,400,7.1,82.8,5,5.8,20.4,0.6,1.16,usda_sr_legacy
16534,"Cereals ready-to-eat, POST, HONEY BUNCHES OF OATS, with real strawberries",,Hommikusöögid,399,6.7,83.3,4.9,5.4,24,0.6,1.025,usda_sr_legacy
16530,"Cereals ready-to-eat, POST, HONEY BUNCHES OF OATS with vanilla bunches",,Hommikusöögid,394,7.9,81.8,5.1,7.8,20.7,0.6,0.668,usda_sr_legacy
17311,"Cereals ready-to-eat, POST, Honeycomb Cereal",,Hommikusöögid,394,6,86.6,2.9,3.2,31.5,1.29,1.383,usda_sr_legacy
17316,"Cereals ready-to-eat, POST, Honey Nut Shredded Wheat",,Hommikusöögid,373,8.5,83.6,2.9,10.7,20.7,0.4,0.255,usda_sr_legacy
15248,"Cereals ready-to-eat, POST Raisin Bran Cereal",,Hommikusöögid,324,7.6,78.9,1.6,13.7,32.9,0.3,0.955,usda_sr_legacy
17341,"Cereals ready-to-eat, POST SELECTS Blueberry Morning",,Hommikusöögid,395,6.5,81.6,5.3,4.7,29.2,0.6,0.853,usda_sr_legacy
18075,"Cereals ready-to-eat, POST SELECTS Maple Pecan Crunch",,Hommikusöögid,413,8.5,77.4,8.7,7.4,22.5,1,0.598,usda_sr_legacy
17340,"Cereals ready-to-eat, POST, Shredded Wheat, lightly frosted, spoon-size",,Hommikusöögid,352,7.8,83.8,1.9,9.6,22.3,0.3,0.048,usda_sr_legacy
11604,"Cereals ready-to-eat, POST, Shredded Wheat n' Bran, spoon-size",,Hommikusöögid,339,10.9,80.7,2.1,14.7,0.8,0.43,0,usda_sr_legacy
17332,"Cereals ready-to-eat, POST, Shredded Wheat, original big biscuit",,Hommikusöögid,337,11.4,79,2,12.4,0.9,0.41,0.005,usda_sr_legacy
17333,"Cereals ready-to-eat, POST, Shredded Wheat, original spoon-size",,Hommikusöögid,351,11.8,81.4,2.1,12.4,0.9,0.4,0.005,usda_sr_legacy
18050,"Cereals ready-to-eat, Post, Waffle Crisp",,Hommikusöögid,390,6.6,83,5,4.4,34.7,0.9,1.49,usda_sr_legacy
17314,"Cereals ready-to-eat, QUAKER, 100% Natural Granola, Oats, Wheat and Honey",,Hommikusöögid,421,10.6,73.7,11.6,10.2,20.3,1.24,0.125,usda_sr_legacy
15240,"Cereals ready-to-eat, QUAKER, CAP'N CRUNCH",,Hommikusöögid,398,4.4,85.5,5.1,2.5,44.3,3.35,1.885,usda_sr_legacy
18079,"Cereals ready-to-eat, QUAKER, CAP'N CRUNCH'S Halloween Crunch",,Hommikusöögid,402,4.4,85.1,5.7,2.5,43.8,3.12,1.798,usda_sr_legacy
16528,"Cereals ready-to-eat, QUAKER, Cap'n Crunch's OOPS! All Berries Cereal",,Hommikusöögid,395,4.6,87.1,4,2.6,44.2,2.29,1.593,usda_sr_legacy
15242,"Cereals ready-to-eat, QUAKER, CAP'N CRUNCH'S PEANUT BUTTER CRUNCH",,Hommikusöögid,417,7.1,78.7,9.2,2.7,33.4,3.92,1.855,usda_sr_legacy
15241,"Cereals ready-to-eat, QUAKER, CAP'N CRUNCH with CRUNCHBERRIES",,Hommikusöögid,397,4.5,85.9,4.8,2.6,44.2,3.08,1.813,usda_sr_legacy
18074,"Cereals ready-to-eat, QUAKER, Christmas Crunch",,Hommikusöögid,397,4.4,85.9,4.8,2.6,44.3,3.08,1.81,usda_sr_legacy
18043,"Cereals ready-to-eat, QUAKER, HONEY GRAHAM OH!S",,Hommikusöögid,412,3.9,83.7,7.6,2.1,43.2,5.71,1.698,usda_sr_legacy
17312,"Cereals ready-to-eat, QUAKER, KING VITAMAN",,Hommikusöögid,381,6.4,83.9,3.4,3.4,20.3,1.58,2.063,usda_sr_legacy
16491,"Cereals ready-to-eat, QUAKER, Low Fat 100% Natural Granola with Raisins",,Hommikusöögid,388,8.4,80.6,5.5,9.6,25.7,0.97,0.585,usda_sr_legacy
18081,"Cereals ready-to-eat, QUAKER, Maple Brown Sugar LIFE Cereal",,Hommikusöögid,373,9.2,78.9,4.1,6.3,24.9,0.77,1.193,usda_sr_legacy
18054,"Cereals ready-to-eat, QUAKER, MOTHER'S Cinnamon Oat Crunch",,Hommikusöögid,382,10.6,79.8,4.6,8.1,25.4,0.82,0.688,usda_sr_legacy
18056,"Cereals ready-to-eat, QUAKER, MOTHER'S COCOA BUMPERS",,Hommikusöögid,382,4.2,89.9,1.6,2.7,43.1,0.31,1.13,usda_sr_legacy
18055,"Cereals ready-to-eat, QUAKER, MOTHER'S GRAHAM BUMPERS",,Hommikusöögid,379,4.6,88.9,1.5,2.6,44.3,0.28,1.895,usda_sr_legacy
16500,"Cereals ready-to-eat, QUAKER, MOTHER'S PEANUT BUTTER BUMPERS Cereal",,Hommikusöögid,407,7.6,79.7,7.3,2.5,29.3,1.45,1.935,usda_sr_legacy
16501,"Cereals ready-to-eat, QUAKER, MOTHER'S Toasted Oat Bran cereal",,Hommikusöögid,372,11.5,75.4,5,8.6,15.6,0.89,1.633,usda_sr_legacy
18080,"Cereals ready-to-eat, QUAKER, Natural Granola Apple Cranberry Almond",,Hommikusöögid,418,9.2,74.7,11.1,9.9,27.4,1.13,0.118,usda_sr_legacy
18044,"Cereals ready-to-eat, QUAKER, Oatmeal Squares",,Hommikusöögid,379,11.4,77.8,4.8,8.3,16.7,0.87,0.868,usda_sr_legacy
18045,"Cereals ready-to-eat, QUAKER, Oatmeal Squares, cinnamon",,Hommikusöögid,379,11.2,78.1,4.9,8.7,16.7,0.88,0.86,usda_sr_legacy
16529,"Cereals ready-to-eat, QUAKER Oatmeal Squares, Golden Maple",,Hommikusöögid,380,11.3,78,4.8,8.3,16.8,0.87,0.868,usda_sr_legacy
16490,"Cereals ready-to-eat, QUAKER, QUAKER 100% Natural Granola with Oats, Wheat, Honey",,Hommikusöögid,412,9.7,74.7,10.4,9.4,24.6,1.12,0.135,usda_sr_legacy
17308,"Cereals ready-to-eat, QUAKER, QUAKER CRUNCHY BRAN",,Hommikusöögid,331,6.4,83.7,4.1,15.3,20.7,2.03,1.898,usda_sr_legacy
16522,"Cereals ready-to-eat, QUAKER, QUAKER Honey Graham LIFE Cereal",,Hommikusöögid,373,9.3,78.6,4.1,6.3,23.1,0.77,1.22,usda_sr_legacy
18042,"Cereals ready-to-eat, QUAKER, QUAKER OAT CINNAMON LIFE",,Hommikusöögid,374,9.1,79,4.1,6.3,25.2,0.77,1.158,usda_sr_legacy
17313,"Cereals ready-to-eat, QUAKER, QUAKER OAT LIFE, plain",,Hommikusöögid,374,10,77.7,4.4,6.6,19.4,0.83,1.253,usda_sr_legacy
15249,"Cereals ready-to-eat, QUAKER, QUAKER Puffed Rice",,Hommikusöögid,383,7,87.8,0.9,1.4,0,0.33,0.013,usda_sr_legacy
15267,"Cereals ready-to-eat, QUAKER, QUAKER Puffed Wheat",,Hommikusöögid,366,16.3,76.4,2.2,9.4,1.4,0.41,0.013,usda_sr_legacy
16502,"Cereals ready-to-eat, QUAKER, Shredded Wheat, bagged cereal",,Hommikusöögid,348,11.2,81,2,11.8,0.8,0.41,0.01,usda_sr_legacy
15247,"Cereals ready-to-eat, QUAKER, SWEET CRUNCH/QUISP",,Hommikusöögid,406,4.5,85,6.1,2.3,43.4,4.44,1.85,usda_sr_legacy
16489,"Cereals ready-to-eat, QUAKER, Toasted Multigrain Crisps",,Hommikusöögid,372,12.4,74.9,5.1,10.2,16.3,0.91,0.913,usda_sr_legacy
17343,"Cereals ready-to-eat, QUAKER WHOLE HEARTS oat cereal",,Hommikusöögid,376,7.6,80.1,5.6,9.1,21.5,0.84,1.385,usda_sr_legacy
16518,"Cereals ready-to-eat, RALSTON Corn Biscuits",,Hommikusöögid,376,5.8,85.8,1.1,2.6,9.5,0.19,1.918,usda_sr_legacy
18070,"Cereals ready-to-eat, RALSTON Corn Flakes",,Hommikusöögid,384,5.9,88,0.9,2.7,7.8,0.23,1.428,usda_sr_legacy
17309,"Cereals ready-to-eat, RALSTON CRISP RICE",,Hommikusöögid,383,6.7,86.2,1.3,0.7,12.1,0.36,1.363,usda_sr_legacy
18071,"Cereals ready-to-eat, RALSTON Crispy Hexagons",,Hommikusöögid,379,5.9,86.8,1,1.5,13.8,0.26,1.293,usda_sr_legacy
16517,"Cereals ready-to-eat, RALSTON Enriched Wheat Bran flakes",,Hommikusöögid,390,10.2,79.8,3.4,16.9,17.2,0.43,1.465,usda_sr_legacy
17315,"Cereals ready-to-eat, RALSTON TASTEEOS",,Hommikusöögid,395,10.7,76,5.4,10.7,3.6,0.93,1.428,usda_sr_legacy
17334,"Cereals ready-to-eat, rice, puffed",,Hommikusöögid,402,6.3,89.8,0.5,1.7,,0.13,0.008,usda_sr_legacy
15251,"Cereals ready-to-eat, SUN COUNTRY, KRETSCHMER Honey Crunch Wheat Germ",,Hommikusöögid,372,26.6,58.1,7.8,10.2,21.4,1.36,0.028,usda_sr_legacy
18057,"Cereals ready-to-eat, SUN COUNTRY, KRETSCHMER Toasted Wheat Bran",,Hommikusöögid,200,17.6,59.5,5.2,41.3,,0.77,0.015,usda_sr_legacy
16503,"Cereals ready-to-eat, SUN COUNTRY, KRETSCHMER Wheat Germ",,Hommikusöögid,366,31.4,49.4,9.6,11.9,7.1,1.66,0.015,usda_sr_legacy
18061,"Cereals ready-to-eat, UNCLE SAM CEREAL",,Hommikusöögid,346,16,65.8,11.6,20.3,1.6,0.95,0.515,usda_sr_legacy
12826,"Cereals ready-to-eat, WEETABIX whole grain cereal",,Hommikusöögid,371,11.4,81.5,2.9,11.4,5.7,0.48,0.928,usda_sr_legacy
12857,"Cereals ready-to-eat, wheat and bran, presweetened with nuts and fruits",,Hommikusöögid,385,7.1,76.2,5.6,9.7,23.6,0.8,0.613,usda_sr_legacy
17318,"Cereals ready-to-eat, wheat germ, toasted, plain",,Hommikusöögid,382,29.1,49.6,10.7,15.1,7.8,1.83,0.01,usda_sr_legacy
17335,"Cereals ready-to-eat, wheat, puffed",,Hommikusöögid,364,14.7,79.6,1.2,4.4,,0.2,0.01,usda_sr_legacy
15264,"Cereals, WHEATENA, cooked with water",,Hommikusöögid,56,2,11.8,0.5,2.7,,0.08,0.005,usda_sr_legacy
15274,"Cereals, WHEATENA, cooked with water, with salt",,Hommikusöögid,59,2,11.7,0.5,2,0.3,0.09,0.595,usda_sr_legacy
15263,"Cereals, WHEATENA, dry",,Hommikusöögid,357,13.1,75.6,2.9,12.8,1.6,0.43,0.033,usda_sr_legacy
15266,"Cereals, whole wheat hot natural cereal, cooked with water, without salt",,Hommikusöögid,62,2,13.7,0.4,1.6,0.1,0.06,0,usda_sr_legacy
15275,"Cereals, whole wheat hot natural cereal, cooked with water, with salt",,Hommikusöögid,62,2,13.7,0.4,1.6,0.1,0.06,0.583,usda_sr_legacy
15265,"Cereals, whole wheat hot natural cereal, dry",,Hommikusöögid,342,11.2,75.2,2,9.5,0.4,0.3,0.005,usda_sr_legacy
937,Cheerios,,Hommikusöögid,378,10,76,5,10,0,,,
942,Chia pudding (breakfast),,Hommikusöögid,134,5,14,7,10,0,,,
948,Chocolate puffed cereal,,Hommikusöögid,370,6,80,3,3,0,,,
933,Corn flakes,,Hommikusöögid,357,7,80,1,3.5,0,,,
939,Cream of wheat,,Hommikusöögid,62,2,13,0.3,0.5,0,,,
936,Granola,,Hommikusöögid,430,10,65,16,5,0,,,
18078,"Incaparina, dry mix (corn and soy flours), unprepared",,Hommikusöögid,379,21.8,60.5,5.6,9.9,,,0.01,usda_sr_legacy
11611,"Millet, puffed",,Hommikusöögid,354,13,80,3.4,2.7,0.6,0.67,0.013,usda_sr_legacy
935,Muesli,,Hommikusöögid,363,9,65,7,8,0,,,
938,Oatmeal / Porridge,,Hommikusöögid,68,2.5,12,1.5,1.7,0,,,
946,Oat porridge cake,,Hommikusöögid,375,9,63,10,7,0,,,
947,Oats with milk,,Hommikusöögid,85,4,13,2,1.5,0,,,
941,Overnight oats,,Hommikusöögid,150,6,24,4,3.5,0,,,
949,Pancake (plain),,Hommikusöögid,227,6,34,8,0.8,0,,,
940,Rice Krispies cereal,,Hommikusöögid,384,7,88,1,1,0,,,
945,Smoothie bowl,,Hommikusöögid,160,4,28,4,4.5,0,,,
943,Yogurt parfait,,Hommikusöögid,140,7,20,3,1.5,0,,,
840,Affogato,,Joogid,85,2.5,12,3.5,0.2,0,,,
12574,"Alcoholic beverage, beer, all",,Joogid,43,0.5,3.6,0,0,0,0,0.01,usda_sr_legacy
12575,"Alcoholic beverage, beer, BUDWEISER",,Joogid,41,0.4,3,0,0,,,0.008,usda_sr_legacy
12577,"Alcoholic beverage, beer, light",,Joogid,29,0.2,1.6,0,0,0.1,0,0.01,usda_sr_legacy
13352,"Alcoholic beverage, beer, light, BUD LIGHT",,Joogid,29,0.3,1.3,0,0,,,0.008,usda_sr_legacy
12576,"Alcoholic beverage, beer, light, BUDWEISER SELECT",,Joogid,28,0.2,0.9,0,0,,,0.008,usda_sr_legacy
17567,"Alcoholic beverage, beer, light, higher alcohol",,Joogid,46,0.3,0.8,0,0,0.1,0,0.01,usda_sr_legacy
13355,"Alcoholic beverage, beer, light, low carb",,Joogid,27,0.2,0.7,0,0,0,0,0.008,usda_sr_legacy
16675,"Alcoholic beverage, creme de menthe, 72 proof",,Joogid,371,0,41.6,0.3,0,41.6,0.01,0.013,usda_sr_legacy
13353,"Alcoholic beverage, daiquiri, canned",,Joogid,125,0,15.7,0,0,,0,0.1,usda_sr_legacy
13354,"Alcoholic beverage, daiquiri, prepared-from-recipe",,Joogid,186,0.1,6.9,0.1,0.1,5.6,0.01,0.013,usda_sr_legacy
15518,"Alcoholic beverage, distilled, all (gin, rum, vodka",,Joogid,263,0,0,0,0,0,0,0.003,usda_sr_legacy
17085,"Alcoholic beverage, distilled, all (gin, rum, vodka",,Joogid,275,0,0,0,0,,0,0.003,usda_sr_legacy
17086,"Alcoholic beverage, distilled, all (gin, rum, vodka",,Joogid,295,0,0,0,0,,0,0.003,usda_sr_legacy
15517,"Alcoholic beverage, distilled, all (gin, rum, vodka",,Joogid,250,0,0.1,0,0,0,0,0.003,usda_sr_legacy
18231,"Alcoholic beverage, distilled, all (gin, rum, vodka",,Joogid,231,0,0,0,0,0,0,0.003,usda_sr_legacy
18233,"Alcoholic beverage, distilled, rum, 80 proof",,Joogid,231,0,0,0,0,0,0,0.003,usda_sr_legacy
18234,"Alcoholic beverage, distilled, vodka, 80 proof",,Joogid,231,0,0,0,0,0,0,0.003,usda_sr_legacy
18235,"Alcoholic beverage, distilled, whiskey, 86 proof",,Joogid,250,0,0.1,0,0,0.1,0,0,usda_sr_legacy
18513,"Alcoholic beverage, liqueur, coffee, 53 proof",,Joogid,336,0.1,46.8,0.3,0,38.3,0.11,0.02,usda_sr_legacy
17087,"Alcoholic beverage, liqueur, coffee, 63 proof",,Joogid,308,0.1,32.2,0.3,0,32.2,0.11,0.02,usda_sr_legacy
18514,"Alcoholic beverage, liqueur, coffee with cream, 34 proof",,Joogid,327,2.8,20.9,15.7,0,19.8,9.66,0.23,usda_sr_legacy
17563,"Alcoholic beverage, malt beer, hard lemonade",,Joogid,68,0,10.1,0,0,9.8,0,0.013,usda_sr_legacy
12578,"Alcoholic beverage, pina colada, canned",,Joogid,237,0.6,27.6,7.6,0.1,,6.57,0.178,usda_sr_legacy
12580,"Alcoholic beverage, pina colada, prepared-from-recipe",,Joogid,174,0.4,22.7,1.9,0.3,22.3,1.64,0.015,usda_sr_legacy
11610,"Alcoholic beverage, rice (sake)",,Joogid,134,0.5,5,0,0,0,0,0.005,usda_sr_legacy
15504,"Alcoholic beverages, beer, higher alcohol",,Joogid,58,0.9,0.3,0,0,0,0,0.01,usda_sr_legacy
15506,"Alcoholic beverages, wine, rose",,Joogid,83,0.4,3.8,0,0,3.8,0,0.013,usda_sr_legacy
12581,"Alcoholic beverage, tequila sunrise, canned",,Joogid,110,0.3,11.3,0.1,0,,,0.143,usda_sr_legacy
17084,"Alcoholic beverage, whiskey sour",,Joogid,149,0,13.2,0,0,,0.01,0.05,usda_sr_legacy
18226,"Alcoholic beverage, whiskey sour, canned",,Joogid,119,0,13.4,0,0.1,,,0.11,usda_sr_legacy
18228,"Alcoholic beverage, whiskey sour, prepared from item 14028",,Joogid,153,0.1,12.8,0.1,0,12.8,0.01,0.153,usda_sr_legacy
16671,"Alcoholic beverage, whiskey sour, prepared with water, whiskey and powder mix",,Joogid,164,0.1,15.9,0,0,15.8,0,0.118,usda_sr_legacy
12850,"Alcoholic beverage, wine, cooking",,Joogid,50,0.5,6.3,0,0,1.6,0,1.565,usda_sr_legacy
18528,"Alcoholic beverage, wine, dessert, dry",,Joogid,152,0.2,11.7,0,0,1.1,0,0.023,usda_sr_legacy
16683,"Alcoholic beverage, wine, dessert, sweet",,Joogid,160,0.2,13.7,0,0,7.8,0,0.023,usda_sr_legacy
12851,"Alcoholic beverage, wine, light",,Joogid,49,0.1,1.2,0,0,1.2,0,0.018,usda_sr_legacy
16692,"Alcoholic beverage, wine, table, all",,Joogid,83,0.1,2.7,0,0,0.8,0,0.013,usda_sr_legacy
16697,"Alcoholic beverage, wine, table, red",,Joogid,85,0.1,2.6,0,0,0.6,0,0.01,usda_sr_legacy
16698,"Alcoholic Beverage, wine, table, red, Barbera",,Joogid,85,0.1,2.8,0,0,,,,usda_sr_legacy
16715,"Alcoholic Beverage, wine, table, red, Burgundy",,Joogid,86,0.1,3.7,0,0,,,,usda_sr_legacy
18250,"Alcoholic Beverage, wine, table, red, Cabernet Franc",,Joogid,83,0.1,2.5,0,0,,,,usda_sr_legacy
18249,"Alcoholic Beverage, wine, table, red, Cabernet Sauvignon",,Joogid,83,0.1,2.6,0,0,,,,usda_sr_legacy
18256,"Alcoholic Beverage, wine, table, red, Carignane",,Joogid,74,0.1,2.4,0,0,,,,usda_sr_legacy
16701,"Alcoholic Beverage, wine, table, red, Claret",,Joogid,83,0.1,3,0,0,,,,usda_sr_legacy
15470,"Alcoholic Beverage, wine, table, red, Gamay",,Joogid,78,0.1,2.4,0,0,,,,usda_sr_legacy
18254,"Alcoholic Beverage, wine, table, red, Lemberger",,Joogid,80,0.1,2.5,0,0,,,,usda_sr_legacy
15523,"Alcoholic Beverage, wine, table, red, Merlot",,Joogid,83,0.1,2.5,0,0,0.6,,0.01,usda_sr_legacy
17531,"Alcoholic Beverage, wine, table, red, Mouvedre",,Joogid,88,0.1,2.6,0,0,,,,usda_sr_legacy
16700,"Alcoholic Beverage, wine, table, red, Petite Sirah",,Joogid,85,0.1,2.7,0,0,,,,usda_sr_legacy
18251,"Alcoholic Beverage, wine, table, red, Pinot Noir",,Joogid,82,0.1,2.3,0,0,,,,usda_sr_legacy
18255,"Alcoholic Beverage, wine, table, red, Sangiovese",,Joogid,86,0.1,2.6,0,0,,,,usda_sr_legacy
18252,"Alcoholic Beverage, wine, table, red, Syrah",,Joogid,83,0.1,2.6,0,0,,,,usda_sr_legacy
16699,"Alcoholic Beverage, wine, table, red, Zinfandel",,Joogid,88,0.1,2.9,0,0,,,,usda_sr_legacy
18253,"Alcoholic beverage, wine, table, white",,Joogid,82,0.1,2.6,0,0,1,0,0.013,usda_sr_legacy
17532,"Alcoholic beverage, wine, table, white, Chardonnay",,Joogid,84,0.1,2.2,0,0,1,,0.013,usda_sr_legacy
16702,"Alcoholic beverage, wine, table, white, Chenin Blanc",,Joogid,80,0.1,3.3,0,0,,,,usda_sr_legacy
16703,"Alcoholic beverage, wine, table, white, Fume Blanc",,Joogid,82,0.1,2.3,0,0,,,,usda_sr_legacy
18259,"Alcoholic beverage, wine, table, white, Gewurztraminer",,Joogid,81,0.1,2.6,0,0,,,,usda_sr_legacy
16709,"Alcoholic beverage, wine, table, white, late harvest",,Joogid,112,0.1,13.4,0,0,,,,usda_sr_legacy
18260,"Alcoholic beverage, wine, table, white, late harvest",,Joogid,108,0.1,11.4,0,0,,,,usda_sr_legacy
16705,"Alcoholic beverage, wine, table, white, Muller Thurgau",,Joogid,76,0.1,3.5,0,0,,,,usda_sr_legacy
18265,"Alcoholic beverage, wine, table, white, Muscat",,Joogid,82,0.1,5.2,0,0,,,,usda_sr_legacy
18264,"Alcoholic beverage, wine, table, white, Pinot Blanc",,Joogid,81,0.1,1.9,0,0,,,,usda_sr_legacy
18257,"Alcoholic beverage, wine, table, white, Pinot Gris (Grigio)",,Joogid,83,0.1,2.1,0,0,,,,usda_sr_legacy
16707,"Alcoholic beverage, wine, table, white, Riesling",,Joogid,80,0.1,3.7,0,0,,,,usda_sr_legacy
16708,"Alcoholic beverage, wine, table, white, Sauvignon Blanc",,Joogid,81,0.1,2.1,0,0,,,,usda_sr_legacy
18261,"Alcoholic beverage, wine, table, white, Semillon",,Joogid,82,0.1,3.1,0,0,,,,usda_sr_legacy
825,Americano,,Joogid,5,0.4,0.5,0.1,0,0,,,
18229,"Beverages, ABBOTT, EAS soy protein powder",,Joogid,405,47.6,43.9,3.6,0,40.5,0,1.13,usda_sr_legacy
16674,"Beverages, ABBOTT, EAS whey protein powder",,Joogid,385,66.7,18,5.1,0,5.1,2.56,0.963,usda_sr_legacy
18239,"Beverages, ABBOTT, ENSURE, Nutritional Shake, Ready-to-Drink",,Joogid,105,3.8,16.9,2.5,0,9.7,0.42,0.21,usda_sr_legacy
11613,"Beverages, ABBOTT, ENSURE PLUS, ready-to-drink",,Joogid,141,5.2,19.9,4.5,0,8.3,0.57,0.238,usda_sr_legacy
16682,"Beverages, Acai berry drink",,Joogid,62,0.8,12.8,0.8,1.2,11.1,0,0.033,usda_sr_legacy
18236,"Beverages, almond milk, chocolate, ready-to-drink",,Joogid,50,0.6,9.4,1.3,0.4,8.8,0,0.178,usda_sr_legacy
12579,"Beverages, almond milk, sweetened, vanilla flavor, ready-to-drink",,Joogid,38,0.4,6.6,1,0.4,6.3,0,0.158,usda_sr_legacy
18248,"Beverages, almond milk, unsweetened, shelf stable",,Joogid,15,0.4,1.3,1,0.2,0.8,0.08,0.18,usda_sr_legacy
17553,"Beverages, aloe vera juice drink, fortified with Vitamin C",,Joogid,15,0,3.8,0,0,3.8,0,0.02,usda_sr_legacy
17568,"Beverages, AMBER, hard cider",,Joogid,56,0,5.9,0,0,5.9,0,0.01,usda_sr_legacy
17534,"Beverages, Apple juice drink, light, fortified with vitamin C",,Joogid,22,0,5.1,0.1,0,4.8,0,0.033,usda_sr_legacy
18526,"Beverages, ARIZONA, tea, ready-to-drink, lemon",,Joogid,39,0,9.8,0,0,9.6,0,0.01,usda_sr_legacy
18268,"Beverages, carbonated, cola",,Joogid,42,0,10.4,0.3,0,9.9,0,0.008,usda_sr_legacy
18509,"Beverages, carbonated, cola, fast-food cola",,Joogid,37,0.1,9.6,0,0,9,0,0.01,usda_sr_legacy
18267,"Beverages, carbonated, cola, without caffeine",,Joogid,41,0,10.6,0,0,10.6,0,0.01,usda_sr_legacy
18262,"Beverages, carbonated, ginger ale",,Joogid,34,0,8.8,0,0,8.9,0,0.018,usda_sr_legacy
16710,"Beverages, carbonated, grape soda",,Joogid,43,0,11.2,0,0,,0,0.038,usda_sr_legacy
16712,"Beverages, carbonated, lemon-lime soda, no caffeine",,Joogid,41,0.1,10.4,0,0,10.4,0,0.025,usda_sr_legacy
15473,"Beverages, carbonated, limeade, high caffeine",,Joogid,17,0,4.1,0.1,0,4,0,0.1,usda_sr_legacy
18266,"Beverages, carbonated, low calorie, cola or pepper-type, with aspartame",,Joogid,1,0.1,0.1,0,0,0,0,0.01,usda_sr_legacy
18515,"Beverages, carbonated, low calorie, cola or pepper-type, with aspartame",,Joogid,2,0.1,0.3,0,0,0,0,0.02,usda_sr_legacy
18270,"Beverages, carbonated, orange",,Joogid,48,0,12.3,0,0,,0,0.03,usda_sr_legacy
16716,"Beverages, carbonated, pepper-type, contains caffeine",,Joogid,41,0,10.4,0.1,0,,0.07,0.025,usda_sr_legacy
18269,"Beverages, carbonated, reduced sugar, cola, contains caffeine and sweeteners",,Joogid,20,0,5.2,0,0,5.2,0,0.01,usda_sr_legacy
15469,"Beverages, carbonated, root beer",,Joogid,41,0,10.6,0,0,10.6,0,0.033,usda_sr_legacy
16713,"Beverages, carbonated, SPRITE, lemon-lime, without caffeine",,Joogid,40,0.1,10.1,0,0,9,0,0.023,usda_sr_legacy
15467,"Beverages, carbonated, tonic water",,Joogid,34,0,8.8,0,0,8.8,0,0.03,usda_sr_legacy
17536,"Beverages, Carob-flavor beverage mix, powder",,Joogid,372,1.8,93.3,0.2,8,,0.03,0.258,usda_sr_legacy
17537,"Beverages, Carob-flavor beverage mix, powder, prepared with whole milk",,Joogid,75,3.2,8.7,3.1,0.4,,1.78,0.115,usda_sr_legacy
16694,"Beverages, chocolate almond milk, unsweetened, shelf-stable, fortified with vitamin D2 and E",,Joogid,21,0.8,1.3,1.5,0.4,0,0,0.188,usda_sr_legacy
15471,"Beverages, chocolate drink, milk and soy based, ready to drink",,Joogid,101,4.2,17.3,1.7,1.3,8.4,0.42,0.158,usda_sr_legacy
17581,"Beverages, chocolate-flavor beverage mix for milk, powder, with added nutrients",,Joogid,400,4.6,90.3,2.3,4.5,81.8,2.27,0.34,usda_sr_legacy
17582,"Beverages, chocolate-flavor beverage mix for milk, powder, with added nutrients, prepared with whole milk",,Joogid,89,3.3,11.9,3.2,0.4,11.6,1.9,0.125,usda_sr_legacy
15477,"Beverages, chocolate-flavor beverage mix, powder, prepared with whole milk",,Joogid,85,3.2,12,3.2,0.4,,1.86,0.145,usda_sr_legacy
11600,"Beverages, Chocolate-flavored drink, whey and milk based",,Joogid,49,0.6,10.7,0.4,0.6,8.7,0.31,0.228,usda_sr_legacy
15472,"Beverages, chocolate malt powder, prepared with 1% milk",,Joogid,57,3.3,8.8,1,0,7.8,0.63,0.15,usda_sr_legacy
16691,"Beverages, chocolate malt, powder, prepared with fat free milk",,Joogid,49,3.3,8.6,0.2,0,7.8,0.11,0.193,usda_sr_legacy
18240,"Beverages, chocolate powder, no sugar added",,Joogid,350,9.1,68.3,4.5,9.1,27.3,0,1.25,usda_sr_legacy
17539,"Beverages, chocolate syrup",,Joogid,279,2.1,65.1,1.1,2.6,49.7,0.52,0.18,usda_sr_legacy
17540,"Beverages, chocolate syrup, prepared with whole milk",,Joogid,90,3.1,12.8,3,0.3,11.3,1.68,0.118,usda_sr_legacy
15510,"Beverages, citrus fruit juice drink, frozen concentrate",,Joogid,162,1.2,40.2,0.1,0.2,28.6,0.01,0.008,usda_sr_legacy
15511,"Beverages, citrus fruit juice drink, frozen concentrate, prepared with water",,Joogid,46,0.3,11.4,0,0.1,8.1,0,0.01,usda_sr_legacy
15480,"Beverages, Clam and tomato juice, canned",,Joogid,48,0.6,11,0.2,0.4,3.3,0,0.905,usda_sr_legacy
18524,"Beverages, COCA-COLA, POWERADE, lemon-lime flavored, ready-to-drink",,Joogid,32,0,7.8,0.1,0,6.1,0.01,0.105,usda_sr_legacy
11620,"Beverages, Cocktail mix, non-alcoholic, concentrated, frozen",,Joogid,287,0.1,71.6,0,0,24.5,0,0,usda_sr_legacy
18530,"Beverages, Cocoa mix, low calorie, powder, with added calcium",,Joogid,359,25.1,58,3,1.1,55.6,1.78,1.633,usda_sr_legacy
17546,"Beverages, Cocoa mix, NESTLE, Hot Cocoa Mix Rich Chocolate With Marshmallows",,Joogid,400,2.8,75,15,3.7,65,15,2,usda_sr_legacy
15484,"Beverages, Cocoa mix, no sugar added, powder",,Joogid,377,15.5,71.9,3,7.5,37.7,1.78,2.19,usda_sr_legacy
17544,"Beverages, Cocoa mix, powder",,Joogid,398,6.7,83.7,4,3.7,65.6,2.38,1.26,usda_sr_legacy
17545,"Beverages, Cocoa mix, powder, prepared with water",,Joogid,55,0.9,11.5,0.6,0.5,9,0.33,0.183,usda_sr_legacy
18508,"Beverages, cocoa mix, with aspartame, powder, prepared with water",,Joogid,29,1.2,5.6,0.2,0.6,2.9,0.14,0.18,usda_sr_legacy
17538,"Beverages, coconut milk, sweetened, fortified with calcium, vitamins A",,Joogid,31,0.2,2.9,2.1,0,2.5,2.08,0.048,usda_sr_legacy
18247,"Beverages, Coconut water, ready-to-drink, unsweetened",,Joogid,18,0.2,4.2,0,0,3.9,0,0.065,usda_sr_legacy
17549,"Beverages, coffee and cocoa, instant, decaffeinated, with whitener and low calorie sweetener",,Joogid,440,9,71.4,13.2,4.8,35,11.38,1.25,usda_sr_legacy
15479,"Beverages, coffee, brewed, breakfast blend",,Joogid,2,0.3,0.2,0,0,0,0,0.003,usda_sr_legacy
15489,"Beverages, coffee, brewed, espresso, restaurant-prepared",,Joogid,9,0.1,1.7,0.2,0,0,0.09,0.035,usda_sr_legacy
17547,"Beverages, coffee, brewed, espresso, restaurant-prepared",,Joogid,9,0.1,1.7,0.2,0,0,0.09,0.035,usda_sr_legacy
15488,"Beverages, coffee, brewed, prepared with tap water",,Joogid,1,0.1,0,0,0,0,0,0.005,usda_sr_legacy
17556,"Beverages, coffee, instant, chicory",,Joogid,3,0.1,0.8,0,0,0,0,0.018,usda_sr_legacy
17555,"Beverages, coffee, instant, decaffeinated, powder",,Joogid,351,11.6,76,0.2,0,0,0.1,0.058,usda_sr_legacy
15492,"Beverages, coffee, instant, decaffeinated, prepared with water",,Joogid,2,0.1,0.4,0,0,0,0,0.01,usda_sr_legacy
17548,"Beverages, coffee, instant, half the caffeine",,Joogid,352,14.4,73.2,0.5,0,0,0.2,0.093,usda_sr_legacy
17557,"Beverages, coffee, instant, mocha, sweetened",,Joogid,460,5.3,74,15.9,1.9,58.2,4.93,0.793,usda_sr_legacy
15491,"Beverages, coffee, instant, powder",,Joogid,353,12.2,75.4,0.5,0,0,0.2,0.093,usda_sr_legacy
17552,"Beverages, coffee, instant, prepared with water",,Joogid,2,0.1,0.3,0,0,0,0,0.01,usda_sr_legacy
17576,"Beverages, coffee, instant, vanilla, sweetened",,Joogid,465,0,86.3,13.3,0,66.7,13.33,0.833,usda_sr_legacy
15495,"Beverages, coffee, instant, with chicory",,Joogid,355,9.3,78.9,0.2,0.5,,0.07,0.693,usda_sr_legacy
11956,"Beverages, coffee, instant, with whitener, reduced calorie",,Joogid,509,2,59.9,29.1,0.5,59,25.13,0,usda_sr_legacy
17541,"Beverages, coffee, ready to drink, iced, mocha",,Joogid,60,1.5,11.4,1,0,9.2,0,0.078,usda_sr_legacy
15478,"Beverages, coffee, ready to drink, milk based, sweetened",,Joogid,71,2,12.6,1.4,0,10.7,0,0.065,usda_sr_legacy
15475,"Beverages, coffee, ready to drink, vanilla, light",,Joogid,36,2.1,4.3,1.1,0,3.9,0,0.085,usda_sr_legacy
17560,"Beverages, coffee substitute, cereal grain beverage, powder",,Joogid,360,6,78.4,2.5,23.3,4.6,0.6,0.208,usda_sr_legacy
17070,"Beverages, coffee substitute, cereal grain beverage, powder, prepared with whole milk",,Joogid,65,3.3,5.6,3.3,0.1,,2.06,0.123,usda_sr_legacy
17561,"Beverages, coffee substitute, cereal grain beverage, prepared with water",,Joogid,6,0.1,1.3,0,0.4,0.1,0.01,0.013,usda_sr_legacy
17562,"Beverages, cranberry-apple juice drink, bottled",,Joogid,63,0,15.9,0.1,0,14.5,0.01,0.005,usda_sr_legacy
11957,"Beverages, cranberry-apple juice drink, low calorie, with vitamin C added",,Joogid,19,0.1,4.7,0,0.1,4.6,0,0.013,usda_sr_legacy
17564,"Beverages, cranberry-apricot juice drink, bottled",,Joogid,64,0.2,16.2,0,0.1,,0,0.005,usda_sr_legacy
15500,"Beverages, cranberry-grape juice drink, bottled",,Joogid,56,0.2,14,0.1,0.1,,0.03,0.008,usda_sr_legacy
16721,"Beverages, Cranberry juice cocktail",,Joogid,52,0,12.3,0.3,0,11.4,,0.005,usda_sr_legacy
18230,"Beverages, CYTOSPORT, Muscle Milk, ready-to-drink",,Joogid,52,5.9,2.3,2.2,0.2,0.8,0.36,0.238,usda_sr_legacy
17072,"Beverages, dairy drink mix, chocolate, reduced calorie, with aspartame",,Joogid,29,2.2,4.5,0.2,0.8,2.9,0.16,0.153,usda_sr_legacy
17071,"Beverages, Dairy drink mix, chocolate, reduced calorie, with low-calorie sweeteners",,Joogid,329,25,51.4,2.6,9.4,32.9,1.87,1.648,usda_sr_legacy
17081,"Beverages, drink mix, QUAKER OATS, GATORADE, orange flavor",,Joogid,388,0,94.1,1.2,0,80.5,0,0.158,usda_sr_legacy
15503,"Beverages, Eggnog-flavor mix, powder, prepared with whole milk",,Joogid,95,2.9,14.2,3,0,12.7,1.7,0.138,usda_sr_legacy
17593,"Beverages, Energy drink, AMP",,Joogid,46,0.3,12.1,0.1,0,12.1,0,0.068,usda_sr_legacy
15534,"Beverages, Energy drink, AMP, sugar free",,Joogid,2,0,1,0,0,0,0,0.078,usda_sr_legacy
17530,"Beverages, Energy drink, Citrus",,Joogid,45,0,11.3,0,0,10.4,0,0.025,usda_sr_legacy
17594,"Beverages, Energy drink, FULL THROTTLE",,Joogid,46,0.3,12.1,0.1,0,12.1,0,0.088,usda_sr_legacy
15533,"Beverages, Energy Drink, Monster, fortified with vitamins C, B2",,Joogid,47,0.5,11.3,0,0,10.9,0,0.193,usda_sr_legacy
16717,"Beverages, Energy drink, RED BULL",,Joogid,43,0.5,10.2,0,0,10.2,0,0.098,usda_sr_legacy
15468,"Beverages, Energy drink, RED BULL, sugar free, with added caffeine",,Joogid,5,0.3,0.7,0.1,0,0,0,0.208,usda_sr_legacy
15535,"Beverages, Energy drink, ROCKSTAR",,Joogid,58,0.3,12.7,0.2,0,12.3,0,0.04,usda_sr_legacy
15536,"Beverages, Energy drink, ROCKSTAR, sugar free",,Joogid,4,0.3,0.7,0.1,0,0,0,0.13,usda_sr_legacy
18238,"Beverages, Energy Drink, sugar free",,Joogid,4,0.4,0.4,0,0,0,0,0.105,usda_sr_legacy
15541,"Beverages, Energy drink, VAULT, citrus flavor",,Joogid,49,0,13,0,0,13,0,0.03,usda_sr_legacy
17599,"Beverages, Energy drink, VAULT Zero, sugar-free, citrus flavor",,Joogid,1,0.3,0.7,0.1,0,0,0,0.035,usda_sr_legacy
18237,"Beverages, Energy Drink with carbonated water and high fructose corn syrup",,Joogid,62,0.4,15,0,0,13.8,0,0.12,usda_sr_legacy
17602,"Beverages, Fruit flavored drink containing less than 3% fruit juice, with high vitamin C",,Joogid,27,0,6.7,0,0,5,0,0.09,usda_sr_legacy
11571,"Beverages, fruit-flavored drink, dry powdered mix, low calorie, with aspartame",,Joogid,218,0.5,87.4,0,0.1,0,0,1.01,usda_sr_legacy
17601,"Beverages, Fruit flavored drink, less than 3% juice, not fortified with vitamin C",,Joogid,64,0,16,0,0,15.9,0,0.09,usda_sr_legacy
11596,"Beverages, fruit-flavored drink, powder, with high vitamin C with other added vitamins, low calorie",,Joogid,227,0.3,91,0.2,2.2,0,0.01,0.035,usda_sr_legacy
15542,"Beverages, Fruit flavored drink, reduced sugar, greater than 3% fruit juice, high vitamin C",,Joogid,29,0,6.7,0.4,0,5,0,0.063,usda_sr_legacy
15543,"Beverages, fruit juice drink, greater than 3% fruit juice, high vitamin C and added thiamin",,Joogid,54,0.1,13.2,0,0.1,12.1,0,0.153,usda_sr_legacy
15545,"Beverages, fruit juice drink, greater than 3% juice, high vitamin C",,Joogid,46,0.1,11.4,0.1,0.1,10.7,0.02,0.02,usda_sr_legacy
17598,"Beverages, fruit juice drink, reduced sugar, with vitamin E added",,Joogid,39,0,10,0.1,0,9,0.01,0.005,usda_sr_legacy
17574,"Beverages, Fruit punch drink, frozen concentrate",,Joogid,162,0.2,41.4,0,0.4,,0,0.02,usda_sr_legacy
17575,"Beverages, Fruit punch drink, frozen concentrate, prepared with water",,Joogid,46,0.1,11.7,0,0.1,0,0,0.013,usda_sr_legacy
17573,"Beverages, Fruit punch drink, with added nutrients, canned",,Joogid,47,0,11.9,0,0.2,11.3,0,0.095,usda_sr_legacy
15512,"Beverages, fruit punch drink, without added nutrients, canned",,Joogid,48,0,12,0,0,11.3,0,0.025,usda_sr_legacy
18531,"Beverages, fruit punch-flavor drink, powder, without added sodium, prepared with water",,Joogid,37,0,9.5,0,0,9.2,0.01,0.018,usda_sr_legacy
18510,"Beverages, fruit punch juice drink, frozen concentrate",,Joogid,175,0.3,43.1,0.7,0.2,,0.09,0.025,usda_sr_legacy
18511,"Beverages, fruit punch juice drink, frozen concentrate, prepared with water",,Joogid,42,0.1,11.4,0.2,0,11.4,0.02,0.013,usda_sr_legacy
16680,"Beverages, FUZE, orange mango, fortified with vitamins A, C",,Joogid,38,0.7,9.2,0.1,0.2,9,0.01,0.025,usda_sr_legacy
15514,"Beverages, grape drink, canned",,Joogid,61,0,15.7,0,0,13.1,0,0.04,usda_sr_legacy
16720,"Beverages, grape juice drink, canned",,Joogid,57,0,14.6,0,0.1,14.1,0,0.023,usda_sr_legacy
15539,"Beverages, Horchata, as served in restaurant",,Joogid,54,0.5,11.5,0.7,0,9.4,,0.035,usda_sr_legacy
17533,"Beverages, Kiwi Strawberry Juice Drink",,Joogid,47,0,12.3,0,0,11.6,0,0.028,usda_sr_legacy
15496,"Beverages, KRAFT, coffee, instant, French Vanilla Cafe",,Joogid,481,2.5,74.6,19.2,1.4,54.3,4.6,0.998,usda_sr_legacy
18276,"Beverages, lemonade-flavor drink, powder",,Joogid,380,0,97.9,1,0,97.2,0.18,0.325,usda_sr_legacy
18277,"Beverages, lemonade-flavor drink, powder, prepared with water",,Joogid,27,0,6.9,0.1,0,6.9,0,0.033,usda_sr_legacy
17089,"Beverages, lemonade, frozen concentrate, pink, prepared with water",,Joogid,43,0.1,10.8,0.2,0.1,10.3,0.01,0.01,usda_sr_legacy
15476,"Beverages, Lemonade fruit juice drink light, fortified with vitamin E and C",,Joogid,21,0,5,0,0,5,0,0.013,usda_sr_legacy
18274,"Beverages, Lemonade, powder",,Joogid,376,0,97.6,1.1,0.4,94.7,0.15,0.128,usda_sr_legacy
18527,"Beverages, LIPTON BRISK, tea, black, ready-to-drink",,Joogid,35,0,8.8,0,0,8.7,0,0.053,usda_sr_legacy
18282,"Beverages, malted drink mix, chocolate, powder",,Joogid,411,5.1,86.9,4.8,4.8,66.7,2.38,0.475,usda_sr_legacy
18283,"Beverages, Malted drink mix, chocolate, powder, prepared with whole milk",,Joogid,85,3.4,11.2,3.3,0.5,6.7,1.88,0.15,usda_sr_legacy
18281,"Beverages, Malted drink mix, chocolate, with added nutrients, powder",,Joogid,87,3.3,11.2,3.3,0.4,10.5,1.87,0.218,usda_sr_legacy
16727,"Beverages, Malted drink mix, natural, powder, dairy based.",,Joogid,428,14.3,71.2,9.5,0.1,47.6,4.76,1.013,usda_sr_legacy
16728,"Beverages, Malted drink mix, natural, powder, prepared with whole milk",,Joogid,88,3.9,10.2,3.6,0.1,9.6,2.04,0.198,usda_sr_legacy
16726,"Beverages, Malted drink mix, natural, with added nutrients, powder",,Joogid,86,3.7,10.7,3.2,0,8.4,1.83,0.18,usda_sr_legacy
15505,"Beverages, Malt liquor beverage",,Joogid,40,0.4,0,0,0,0,0,0.008,usda_sr_legacy
15537,"Beverages, Meal supplement drink, canned, peanut flavor",,Joogid,101,3.5,14.7,3.1,0,,0.57,0.135,usda_sr_legacy
17596,"Beverages, milk beverage, reduced fat, flavored and sweetened, Ready-to-drink",,Joogid,77,3.1,12.1,1.8,0.4,11.4,1.12,0.123,usda_sr_legacy
16696,"Beverages, MINUTE MAID, Lemonada, Limeade",,Joogid,50,0,13.8,0,0,12.9,0,0.015,usda_sr_legacy
16704,"Beverages, Mixed vegetable and fruit juice drink, with added nutrients",,Joogid,29,0,7.5,0,0,2.1,0,0.053,usda_sr_legacy
16669,"Beverages, MONSTER energy drink, low carb",,Joogid,5,0,1.4,0,0,1.4,0,0.188,usda_sr_legacy
18273,"Beverages, MOTTS, Apple juice light, fortified with vitamin C",,Joogid,22,0,5.1,0.1,0,4.8,0,0.033,usda_sr_legacy
18263,"Beverages, NESTEA, tea, black, ready-to-drink",,Joogid,36,0,9.1,0,0,9.1,,0.053,usda_sr_legacy
16676,"Beverages, NESTLE, Boost plus, nutritional drink, ready-to-drink",,Joogid,138,5.4,17.3,5.4,1.2,8.5,0.42,0.193,usda_sr_legacy
17603,"Beverages, nutritional shake mix, high protein, powder",,Joogid,392,53.6,20.4,10.7,0,3.6,0,3.035,usda_sr_legacy
15493,"Beverages, OCEAN SPRAY, Cranberry-Apple Juice Drink, bottled",,Joogid,56,0.3,13.7,0,0.6,13.1,0,0.048,usda_sr_legacy
17569,"Beverages, OCEAN SPRAY, Cran Cherry",,Joogid,46,0.2,12.8,0,0.6,12.2,0,0.018,usda_sr_legacy
18232,"Beverages, OCEAN SPRAY, Cran-Energy, Cranberry Energy Juice Drink",,Joogid,15,0,3.8,0,0,3.8,0,0.053,usda_sr_legacy
17554,"Beverages, OCEAN SPRAY, Cran Grape",,Joogid,54,0.2,13.2,0,0.6,12.6,0,0.048,usda_sr_legacy
15498,"Beverages, OCEAN SPRAY, Cran Lemonade",,Joogid,45,0.1,11.1,0,0.6,10.4,0,0.13,usda_sr_legacy
15507,"Beverages, OCEAN SPRAY, Cran Pomegranate",,Joogid,47,0.1,12.6,0,0.6,12,0,0.03,usda_sr_legacy
15497,"Beverages, OCEAN SPRAY, Cran Raspberry Juice Drink",,Joogid,49,0.3,12,0,0.6,11.4,0,0.035,usda_sr_legacy
15494,"Beverages, OCEAN SPRAY, Diet Cranberry Juice",,Joogid,4,0.1,0.8,0,0.6,0.3,0,0.018,usda_sr_legacy
15499,"Beverages, OCEAN SPRAY, Diet Cran Cherry",,Joogid,4,0.2,0.7,0,0.6,0.2,0,0.02,usda_sr_legacy
17570,"Beverages, OCEAN SPRAY, Light Cranberry",,Joogid,19,0.2,4.7,0,0.7,4,0,0.038,usda_sr_legacy
17558,"Beverages, OCEAN SPRAY, Light Cranberry and Raspberry Flavored Juice",,Joogid,26,0.7,5.8,0,0.7,5,0,0.005,usda_sr_legacy
17572,"Beverages, OCEAN SPRAY, Light Cranberry, Concord Grape",,Joogid,23,0.4,5.8,0,0.7,5,0.01,0.02,usda_sr_legacy
18272,"Beverages, OCEAN SPRAY, Ruby Red cranberry",,Joogid,45,0.1,11.6,0,0.6,11,0,0.028,usda_sr_legacy
17571,"Beverages, OCEAN SPRAY, White Cranberry Peach",,Joogid,45,0.1,11.9,0,0.6,11.3,0,0.028,usda_sr_legacy
17559,"Beverages, OCEAN SPRAY, White Cranberry Strawberry Flavored Juice Drink",,Joogid,49,0.2,12,0,0.6,11.4,0,0.008,usda_sr_legacy
16730,"Beverages, orange and apricot juice drink, canned",,Joogid,51,0.3,12.7,0.1,0.1,12.1,0.01,0.005,usda_sr_legacy
18521,"Beverages, orange breakfast drink, ready-to-drink, with added nutrients",,Joogid,53,0,13.2,0,0.1,8,0,0.135,usda_sr_legacy
18517,"Beverages, Orange drink, breakfast type, with juice and pulp, frozen concentrate",,Joogid,45,0.1,11.3,0,0,11.1,0,0.025,usda_sr_legacy
18516,"Beverages, Orange drink, breakfast type, with juice and pulp, frozen concentrate",,Joogid,153,0.4,39,0,0.1,38.1,0,0.065,usda_sr_legacy
18284,"Beverages, orange drink, canned, with added vitamin C",,Joogid,49,0,12.3,0.1,0,11,0,0.008,usda_sr_legacy
16744,"Beverages, Orange-flavor drink, breakfast type, low calorie, powder",,Joogid,217,3.6,85.9,0,3.8,2.6,0,0.203,usda_sr_legacy
16742,"Beverages, orange-flavor drink, breakfast type, powder",,Joogid,386,0,98.9,0,0.4,92.3,0,0.043,usda_sr_legacy
16743,"Beverages, orange-flavor drink, breakfast type, powder, prepared with water",,Joogid,49,0,12.7,0,0.1,11.8,0,0.013,usda_sr_legacy
17074,"Beverages, Orange-flavor drink, breakfast type, with pulp, frozen concentrate",,Joogid,49,0,12.2,0.1,0,11.9,0.02,0.025,usda_sr_legacy
17073,"Beverages, Orange-flavor drink, breakfast type, with pulp, frozen concentrate.",,Joogid,172,0.1,42.9,0.5,0.2,11.7,0.08,0.06,usda_sr_legacy
12828,"Beverages, Orange juice drink",,Joogid,54,0.2,13.4,0,0.2,9.4,0,0.005,usda_sr_legacy
16685,"Beverages, Orange juice, light, No pulp",,Joogid,21,0.2,5.4,0,0,4.2,0,0.01,usda_sr_legacy
16729,"Beverages, OVALTINE, chocolate malt powder",,Joogid,372,0,93,0,0,72.7,0,1.325,usda_sr_legacy
18280,"Beverages, OVALTINE, Classic Malt powder",,Joogid,372,0,93.3,0,0,63.6,0,1.59,usda_sr_legacy
17600,"Beverages, PEPSICO QUAKER, Gatorade G2, low calorie",,Joogid,8,0.1,1.9,0,0,1.3,0,0.113,usda_sr_legacy
17082,"Beverages, PEPSICO QUAKER, Gatorade, G performance O 2, ready-to-drink.",,Joogid,26,0,6.4,0,0,5.2,0,0.098,usda_sr_legacy
16731,"Beverages, pineapple and grapefruit juice drink, canned",,Joogid,47,0.2,11.6,0.1,0.1,11.5,0.01,0.035,usda_sr_legacy
16732,"Beverages, pineapple and orange juice drink, canned",,Joogid,50,1.3,11.8,0,0.1,11.6,0,0.008,usda_sr_legacy
18525,"Beverages, Propel Zero, fruit-flavored, non-carbonated",,Joogid,5,0,1.1,0,0,0,0,0.083,usda_sr_legacy
16688,"Beverages, Protein powder soy based",,Joogid,388,55.6,28.9,5.6,6.7,22.2,1.11,1.833,usda_sr_legacy
16687,"Beverages, Protein powder whey based",,Joogid,352,78.1,6.3,1.6,3.1,0,0.78,0.39,usda_sr_legacy
15540,"Beverages, rice milk, unsweetened",,Joogid,47,0.3,9.2,1,0.3,5.3,0,0.098,usda_sr_legacy
16689,"Beverages, rich chocolate, powder",,Joogid,372,0,93,0,0,81.8,0,1.59,usda_sr_legacy
18518,"Beverages, shake, fast food, strawberry",,Joogid,113,3.4,18.9,2.8,0.4,,1.73,0.208,usda_sr_legacy
16677,"Beverages, SLIMFAST, Meal replacement, High Protein Shake, Ready-To-Drink",,Joogid,61,6.6,0.9,3.4,0.4,0.6,0.51,0.18,usda_sr_legacy
16722,"Beverages, SNAPPLE, tea, black and green, ready to drink",,Joogid,2,0.1,0.1,0,0,0,0,0.008,usda_sr_legacy
16725,"Beverages, SNAPPLE, tea, black and green, ready to drink",,Joogid,2,0.1,0.1,0,0,0,0,0.008,usda_sr_legacy
18286,"Beverages, Strawberry-flavor beverage mix, powder, prepared with whole milk",,Joogid,88,3,12.3,3.1,0,,1.91,0.12,usda_sr_legacy
17577,"Beverages, tea, black, brewed, prepared with distilled water",,Joogid,1,0,0.3,0,0,,0,0,usda_sr_legacy
18287,"Beverages, tea, black, brewed, prepared with tap water",,Joogid,1,0,0.3,0,0,0,0,0.008,usda_sr_legacy
16734,"Beverages, tea, black, brewed, prepared with tap water",,Joogid,1,0,0.3,0,0,0,0,0.008,usda_sr_legacy
16719,"Beverages, tea, black, ready to drink, decaffeinated",,Joogid,38,0,8.8,0,0,7.9,0,0.02,usda_sr_legacy
15490,"Beverages, tea, black, ready-to-drink, lemon",,Joogid,1,0,0.2,0,0,0,0,0.043,usda_sr_legacy
15486,"Beverages, tea, black, ready-to-drink, lemon",,Joogid,45,0,10.8,0.2,0,9.5,0,0.008,usda_sr_legacy
18271,"Beverages, tea, black, ready-to-drink, peach",,Joogid,1,0,0.3,0,0,0,0,0.013,usda_sr_legacy
15515,"Beverages, tea, green, brewed",,Joogid,1,0.2,0,0,0,0,0,0.003,usda_sr_legacy
17565,"Beverages, tea, green, instant, decaffeinated",,Joogid,378,0,94.5,0,0,0,0,0,usda_sr_legacy
17543,"Beverages, tea, green, ready-to-drink, citrus",,Joogid,1,0,0.3,0,0,0,0,0.065,usda_sr_legacy
15483,"Beverages, tea, green, ready-to-drink, diet",,Joogid,4,0,0.9,0,0,0.9,0,0.015,usda_sr_legacy
15481,"Beverages, tea, green, ready to drink, ginseng and honey",,Joogid,30,0,7.2,0.2,0,6.9,0,0.005,usda_sr_legacy
17550,"Beverages, tea, green, ready-to-drink, sweetened",,Joogid,27,0,6.2,0.2,0,5.3,0,0.053,usda_sr_legacy
17578,"Beverages, tea, herb, brewed, chamomile",,Joogid,1,0,0.2,0,0,0,0,0.003,usda_sr_legacy
16739,"Beverages, tea, herb, other than chamomile, brewed",,Joogid,1,0,0.2,0,0,0,0,0.003,usda_sr_legacy
16735,"Beverages, tea, instant, decaffeinated, lemon",,Joogid,338,3.3,85.4,0.6,0,1.9,0,1.03,usda_sr_legacy
16736,"Beverages, tea, instant, decaffeinated, lemon",,Joogid,401,0.1,98.6,0.7,0,95.3,0.09,0.013,usda_sr_legacy
18288,"Beverages, tea, instant, decaffeinated, unsweetened",,Joogid,315,20.2,58.7,0,8.5,5.5,0,0.18,usda_sr_legacy
16738,"Beverages, tea, instant, lemon, diet",,Joogid,2,0,0.4,0,0,0,0,0.015,usda_sr_legacy
18506,"Beverages, tea, instant, lemon, sweetened",,Joogid,35,0,8.6,0.1,0.1,8.3,0.01,0.005,usda_sr_legacy
18505,"Beverages, tea, instant, lemon, sweetened",,Joogid,401,0.1,98.6,0.7,0.7,95.3,0.1,0.013,usda_sr_legacy
18504,"Beverages, tea, instant, lemon, unsweetened",,Joogid,345,7.4,78.5,0.2,5,4.5,0.05,0.138,usda_sr_legacy
15516,"Beverages, tea, instant, lemon, with added ascorbic acid",,Joogid,385,0.6,97.6,0.3,0,,0.04,0.013,usda_sr_legacy
18507,"Beverages, tea, instant, sweetened with sodium saccharin, lemon-flavored",,Joogid,338,3.3,85.4,0.6,0,1.9,0,1.03,usda_sr_legacy
16737,"Beverages, tea, instant, unsweetened, powder",,Joogid,315,20.2,58.7,0,8.5,5.5,0,0.18,usda_sr_legacy
18289,"Beverages, tea, instant, unsweetened, prepared with water",,Joogid,1,0.1,0.2,0,0,0,0,0.01,usda_sr_legacy
17542,"Beverages, tea, Oolong, brewed",,Joogid,1,0,0.2,0,0,0,0,0.008,usda_sr_legacy
17551,"Beverages, tea, ready-to-drink, lemon, diet",,Joogid,2,0,0.4,0,0,0,0,0.003,usda_sr_legacy
16686,"Beverages, The COCA-COLA company, Hi-C Flashin' Fruit Punch",,Joogid,45,0,12.5,0,0,12.5,0,0.02,usda_sr_legacy
15482,"Beverages, The COCA-COLA company, Minute Maid, Lemonade",,Joogid,46,0,12.1,0,0,11.7,0,0.015,usda_sr_legacy
16672,"Beverages, THE COCA-COLA COMPANY, NOS energy drink, Original, grape",,Joogid,44,0,11.3,0,0,11.3,0,0.213,usda_sr_legacy
18225,"Beverages, THE COCA-COLA COMPANY, NOS Zero, energy drink, sugar-free with guarana",,Joogid,4,0,1,0,0,0,0,0.213,usda_sr_legacy
15513,"Beverages, Tropical Punch, ready-to-drink",,Joogid,10,0,2.5,0,0,2.5,0,0.033,usda_sr_legacy
16678,"Beverages, UNILEVER, SLIMFAST, meal replacement, ready-to-drink",,Joogid,57,3.3,7.7,1.9,1.6,6,0.54,0.17,usda_sr_legacy
16681,"Beverages, UNILEVER, SLIMFAST Shake Mix, high protein, whey powder",,Joogid,433,27.9,50,13.5,18.2,20.6,1.33,1.238,usda_sr_legacy
16679,"Beverages, UNILEVER, SLIMFAST Shake Mix, powder, 3-2-1 Plan",,Joogid,448,8.1,73.9,13.3,18.1,38,1.45,1.18,usda_sr_legacy
15526,"Beverages, V8 SPLASH Juice Drinks, Berry Blend",,Joogid,29,0,7.4,0,0,7.4,,0.053,usda_sr_legacy
17584,"Beverages, V8 SPLASH Juice Drinks, Diet Berry Blend",,Joogid,4,0,1.2,0,0,0.4,,0.035,usda_sr_legacy
17585,"Beverages, V8 SPLASH Juice Drinks, Diet Fruit Medley",,Joogid,4,0,1.3,0,0,0.8,,0.033,usda_sr_legacy
17586,"Beverages, V8 SPLASH Juice Drinks, Diet Strawberry Kiwi",,Joogid,4,0,1.3,0,0,0.8,,0.033,usda_sr_legacy
15525,"Beverages, V8 SPLASH Juice Drinks, Diet Tropical Blend",,Joogid,4,0,1.3,0,0,0.4,,0.038,usda_sr_legacy
15527,"Beverages, V8 SPLASH Juice Drinks, Fruit Medley",,Joogid,33,0,7.8,0,0,7.8,,0.053,usda_sr_legacy
15528,"Beverages, V8 SPLASH Juice Drinks, Guava Passion Fruit",,Joogid,33,0,7.8,0,0,7.8,,0.035,usda_sr_legacy
17587,"Beverages, V8 SPLASH Juice Drinks, Mango Peach",,Joogid,33,0,8.2,0,0,8.2,,0.04,usda_sr_legacy
17588,"Beverages, V8 SPLASH Juice Drinks, Orange Pineapple",,Joogid,29,0,7.4,0,0,7.4,,0.053,usda_sr_legacy
17589,"Beverages, V8 SPLASH Juice Drinks, Orchard Blend",,Joogid,33,0,7.8,0,0,7.8,,0.053,usda_sr_legacy
17590,"Beverages, V8 SPLASH Juice Drinks, Strawberry Banana",,Joogid,29,0,7.4,0,0,7.4,,0.053,usda_sr_legacy
15529,"Beverages, V8 SPLASH Juice Drinks, Strawberry Kiwi",,Joogid,29,0,7.4,0,0,7.4,,0.053,usda_sr_legacy
15530,"Beverages, V8 SPLASH Juice Drinks, Tropical Blend",,Joogid,29,0,7.4,0,0,7.4,,0.053,usda_sr_legacy
16693,"Beverages, V8 SPLASH Smoothies, Peach Mango",,Joogid,37,1.2,7.8,0,0,7.4,0,0.073,usda_sr_legacy
18245,"Beverages, V8 SPLASH Smoothies, Strawberry Banana",,Joogid,37,1.2,8.2,0,0,7.4,0,0.073,usda_sr_legacy
18246,"Beverages, V8 SPLASH Smoothies, Tropical Colada",,Joogid,41,1.2,8.5,0,0.4,7.3,0,0.05,usda_sr_legacy
17592,"Beverages, V8 V- FUSION Juices, Acai Berry",,Joogid,45,0,11,0,0,10.6,0,0.07,usda_sr_legacy
15531,"Beverages, V8 V-FUSION Juices, Peach Mango",,Joogid,49,0.4,11.4,0,0,10.6,,0.07,usda_sr_legacy
15532,"Beverages, V8 V-FUSION Juices, Strawberry Banana",,Joogid,49,0.4,11.8,0,0,10.2,,0.07,usda_sr_legacy
17591,"Beverages, V8 V-FUSION Juices, Tropical",,Joogid,49,0.4,11.4,0,0,10.2,,0.083,usda_sr_legacy
17597,"Beverages, vegetable and fruit juice blend, 100% juice, with added vitamins A, C",,Joogid,46,0.3,11.2,0,0,10.4,0,0.073,usda_sr_legacy
17595,"Beverages, Vegetable and fruit juice drink, reduced calorie, with low-calorie sweetener, added vitamin C",,Joogid,4,0,1.1,0,0,0.6,0,0.035,usda_sr_legacy
16673,"Beverages, water, bottled, yumberry, pomegranate with anti-oxidants",,Joogid,5,0,1.3,0,0,0,0,0.025,usda_sr_legacy
17583,"Beverages, Water with added vitamins and minerals, bottles, sweetened, assorted fruit flavors",,Joogid,22,0,5.5,0,0,5.5,0,0,usda_sr_legacy
15522,"Beverages, WENDY'S, tea, ready-to-drink, unsweetened",,Joogid,1,0.2,0,0,0,,0,0.008,usda_sr_legacy
16684,"Beverages, Whey protein powder isolate",,Joogid,359,58.1,29.1,1.2,0,1.2,0.58,0.93,usda_sr_legacy
18227,"Beverages, Whiskey sour mix, bottled",,Joogid,87,0.1,21.4,0.1,0,21.4,0.01,0.255,usda_sr_legacy
16670,"Beverages, Whiskey sour mix, powder",,Joogid,383,0.6,97.3,0.1,0,97.3,0.02,0.685,usda_sr_legacy
17579,"Beverages, Wine, non-alcoholic",,Joogid,6,0.5,1.1,0,0,1.1,0,0.018,usda_sr_legacy
18244,"Beverages, yellow green colored citrus soft drink with caffeine",,Joogid,49,0,12.8,0,0,12.9,0,0.045,usda_sr_legacy
823,Black coffee,,Joogid,2,0.3,0,0,0,0,,,
841,Black tea,,Joogid,1,0.1,0.2,0,0,0,,,
826,Cappuccino,,Joogid,40,2.5,4,1.5,0,0,,,
15519,"Carbonated beverage, chocolate-flavored soda",,Joogid,42,0,10.7,0,0,10.7,0,0.01,usda_sr_legacy
16706,"Carbonated beverage, cream soda",,Joogid,51,0,13.3,0,0,13.3,0,0.03,usda_sr_legacy
15485,"Cocoa mix, NESTLE, Rich Chocolate Hot Cocoa Mix",,Joogid,400,3,75,15,4,60,10,2.125,usda_sr_legacy
831,Cold brew coffee,,Joogid,8,0.4,1,0.1,0,0,,,
839,Cortado,,Joogid,30,1.8,3,1.2,0,0,,,
15501,"Cranberry juice cocktail, bottled",,Joogid,54,0,13.5,0.1,0,11.9,0.01,0.005,usda_sr_legacy
15502,"Cranberry juice cocktail, bottled, low calorie, with calcium, saccharin and corn sweetener",,Joogid,19,0,4.6,0,0,4.6,0,0.008,usda_sr_legacy
17075,"Cranberry juice cocktail, frozen concentrate",,Joogid,201,0.1,51.5,0,0.2,42.5,0,0.01,usda_sr_legacy
17076,"Cranberry juice cocktail, frozen concentrate, prepared with water",,Joogid,47,0,11.8,0,0,9.8,0,0.01,usda_sr_legacy
824,Espresso,,Joogid,9,0.6,1,0.2,0,0,,,
830,Flat white,,Joogid,55,3,5.5,2.5,0,0,,,
832,Frappuccino,,Joogid,90,2,16,2.5,0,0,,,
842,Green tea,,Joogid,1,0.2,0.2,0,0,0,,,
836,Instant coffee,,Joogid,4,0.5,0.5,0.1,0,0,,,
833,Irish coffee,,Joogid,90,1,6,3,0,0,,,
827,Latte,,Joogid,60,3,6,2.5,0,0,,,
17088,"Lemonade, frozen concentrate, pink",,Joogid,192,0.2,48.9,0.7,0.3,46.5,0.03,0.01,usda_sr_legacy
16723,"Lemonade, frozen concentrate, white",,Joogid,196,0.2,49.9,0.7,0.3,44.5,0.03,0.018,usda_sr_legacy
16724,"Lemonade, frozen concentrate, white, prepared with water",,Joogid,40,0.1,10.4,0,0,10,0.01,0.01,usda_sr_legacy
18275,"Lemonade, powder, prepared with water",,Joogid,14,0,3.6,0,0,3.5,0,0.015,usda_sr_legacy
18278,"Limeade, frozen concentrate, prepared with water",,Joogid,52,0,13.8,0,0,13.3,0,0.008,usda_sr_legacy
838,Lungo,,Joogid,6,0.5,0.8,0.1,0,0,,,
829,Macchiato,,Joogid,15,1,1.5,0.5,0,0,,,
18279,Malt beverage,,Joogid,37,0.2,8.1,0.1,0,8.1,0.02,0.033,usda_sr_legacy
828,Mocha,,Joogid,80,3,11,2.5,0.5,0,,,
837,Ristretto,,Joogid,10,0.7,1.2,0.2,0,0,,,
16733,"Shake, fast food, vanilla",,Joogid,148,3.4,19.6,6.5,0.9,13.6,3.96,0.203,usda_sr_legacy
18285,"Strawberry-flavor beverage mix, powder",,Joogid,389,0.1,99.1,0.2,0,95.5,0,0.095,usda_sr_legacy
834,Turkish coffee,,Joogid,12,0.8,2,0.3,0,0,,,
835,Vietnamese coffee,,Joogid,110,2,18,3,0,0,,,
15524,"Water, non-carbonated, bottles, natural fruit flavors, sweetened with low calorie sweetener",,Joogid,1,0,0.1,0,0,0,0,0.035,usda_sr_legacy
15538,"Water, with corn syrup and/or sugar and low calorie sweetener, fruit flavored",,Joogid,18,0,4.5,0,0,4.5,0,0.02,usda_sr_legacy
17083,"Whiskey sour mix, bottled, with added potassium and sodium",,Joogid,84,0.1,21.4,0.1,0,,0.01,0.083,usda_sr_legacy
12,Cod (cooked),,Kala ja mereannid,105,22.8,0,0.9,0,0,,,
11,Cod (raw),,Kala ja mereannid,82,17.8,0,0.7,0,0,,,
17624,"Crustaceans, crab, alaska king, cooked, moist heat",,Kala ja mereannid,97,19.4,0,1.5,0,,0.13,2.68,usda_sr_legacy
17625,"Crustaceans, crab, alaska king, imitation, made from surimi",,Kala ja mereannid,95,7.6,15,0.5,0.5,6.3,0.22,1.323,usda_sr_legacy
18580,"Crustaceans, crab, alaska king, raw",,Kala ja mereannid,84,18.3,0,0.6,0,,0.09,2.09,usda_sr_legacy
15564,"Crustaceans, crab, blue, canned",,Kala ja mereannid,83,17.9,0,0.7,0,0,0.2,1.408,usda_sr_legacy
17627,"Crustaceans, crab, blue, cooked, moist heat",,Kala ja mereannid,83,17.9,0,0.7,0,0,0.2,0.988,usda_sr_legacy
15565,"Crustaceans, crab, blue, crab cakes, home recipe",,Kala ja mereannid,155,20.2,0.5,7.5,0,,1.48,0.825,usda_sr_legacy
17626,"Crustaceans, crab, blue, raw",,Kala ja mereannid,87,18.1,0,1.1,0,,0.22,0.733,usda_sr_legacy
15605,"Crustaceans, crab, dungeness, cooked, moist heat",,Kala ja mereannid,110,22.3,1,1.2,0,,0.17,0.945,usda_sr_legacy
15566,"Crustaceans, crab, dungeness, raw",,Kala ja mereannid,86,17.4,0.7,1,0,,0.13,0.738,usda_sr_legacy
15606,"Crustaceans, crab, queen, cooked, moist heat",,Kala ja mereannid,115,23.7,0,1.5,0,,0.18,1.728,usda_sr_legacy
15567,"Crustaceans, crab, queen, raw",,Kala ja mereannid,90,18.5,0,1.2,0,,0.14,1.348,usda_sr_legacy
18586,"Crustaceans, crayfish, mixed species, farmed, cooked",,Kala ja mereannid,87,17.5,0,1.3,0,,0.22,0.243,usda_sr_legacy
18585,"Crustaceans, crayfish, mixed species, farmed, raw",,Kala ja mereannid,72,14.9,0,1,0,,0.16,0.155,usda_sr_legacy
17629,"Crustaceans, crayfish, mixed species, wild, cooked",,Kala ja mereannid,82,16.8,0,1.2,0,0,0.18,0.235,usda_sr_legacy
17628,"Crustaceans, crayfish, mixed species, wild, raw",,Kala ja mereannid,77,16,0,1,0,0,0.16,0.145,usda_sr_legacy
17631,"Crustaceans, lobster, northern, cooked, moist heat",,Kala ja mereannid,89,19,0,0.9,0,0,0.21,1.215,usda_sr_legacy
17630,"Crustaceans, lobster, northern, raw",,Kala ja mereannid,77,16.5,0,0.8,0,0,0.18,1.058,usda_sr_legacy
18596,"Crustaceans, shrimp, cooked",,Kala ja mereannid,99,24,0.2,0.3,0,,0.06,0.278,usda_sr_legacy
15570,"Crustaceans, shrimp, mixed species, canned",,Kala ja mereannid,100,20.4,0,1.4,0,0,0.19,2.175,usda_sr_legacy
15568,"Crustaceans, shrimp, mixed species, cooked, breaded and fried",,Kala ja mereannid,242,21.4,11.5,12.3,0.4,0.8,2.09,0.86,usda_sr_legacy
15569,"Crustaceans, shrimp, mixed species, cooked, moist heat (may contain additives to retain moisture)",,Kala ja mereannid,119,22.8,1.5,1.7,0,0,0.52,2.368,usda_sr_legacy
15571,"Crustaceans, shrimp, mixed species, imitation, made from surimi",,Kala ja mereannid,101,12.4,9.1,1.5,0,,0.29,1.763,usda_sr_legacy
17632,"Crustaceans, shrimp, mixed species, raw (may contain additives to retain moisture)",,Kala ja mereannid,71,13.6,0.9,1,0,0,0.26,1.415,usda_sr_legacy
18595,"Crustaceans, shrimp, raw",,Kala ja mereannid,85,20.1,0,0.5,0,,0.1,0.298,usda_sr_legacy
15607,"Crustaceans, spiny lobster, mixed species, cooked, moist heat",,Kala ja mereannid,143,26.4,3.1,1.9,0,,0.3,0.568,usda_sr_legacy
17633,"Crustaceans, spiny lobster, mixed species, raw",,Kala ja mereannid,112,20.6,2.4,1.5,0,,0.24,0.443,usda_sr_legacy
17605,"Fish, anchovy, european, canned in oil, drained solids",,Kala ja mereannid,210,28.9,0,9.7,0,0,2.2,9.17,usda_sr_legacy
17604,"Fish, anchovy, european, raw",,Kala ja mereannid,131,20.4,0,4.8,0,0,1.28,0.26,usda_sr_legacy
15587,"Fish, bass, freshwater, mixed species, cooked",,Kala ja mereannid,146,24.2,0,4.7,0,,1,0.225,usda_sr_legacy
17606,"Fish, bass, fresh water, mixed species, raw",,Kala ja mereannid,114,18.9,0,3.7,0,,0.78,0.175,usda_sr_legacy
17650,"Fish, bass, striped, cooked, dry heat",,Kala ja mereannid,124,22.7,0,3,0,,0.65,0.22,usda_sr_legacy
15546,"Fish, bass, striped, raw",,Kala ja mereannid,97,17.7,0,2.3,0,,0.51,0.173,usda_sr_legacy
17651,"Fish, bluefish, cooked, dry heat",,Kala ja mereannid,159,25.7,0,5.4,0,,1.17,0.193,usda_sr_legacy
15547,"Fish, bluefish, raw",,Kala ja mereannid,124,20,0,4.2,0,,0.92,0.15,usda_sr_legacy
17652,"Fish, burbot, cooked, dry heat",,Kala ja mereannid,115,24.8,0,1,0,,0.21,0.31,usda_sr_legacy
15548,"Fish, burbot, raw",,Kala ja mereannid,90,19.3,0,0.8,0,,0.16,0.243,usda_sr_legacy
17653,"Fish, butterfish, cooked, dry heat",,Kala ja mereannid,187,22.2,0,10.3,0,,,0.285,usda_sr_legacy
15549,"Fish, butterfish, raw",,Kala ja mereannid,146,17.3,0,8,0,,3.38,0.223,usda_sr_legacy
17607,"Fish, carp, cooked, dry heat",,Kala ja mereannid,162,22.9,0,7.2,0,,1.39,0.158,usda_sr_legacy
15550,"Fish, carp, raw",,Kala ja mereannid,127,17.8,0,5.6,0,0,1.08,0.123,usda_sr_legacy
17609,"Fish, catfish, channel, cooked, breaded and fried",,Kala ja mereannid,229,18.1,8,13.3,0.7,,3.29,0.7,usda_sr_legacy
18582,"Fish, catfish, channel, farmed, cooked",,Kala ja mereannid,144,18.4,0,7.2,0,0,1.59,0.298,usda_sr_legacy
18581,"Fish, catfish, channel, farmed, raw",,Kala ja mereannid,119,15.2,0,5.9,0,0,1.31,0.245,usda_sr_legacy
17136,"Fish, catfish, channel, wild, cooked",,Kala ja mereannid,105,18.5,0,2.9,0,,0.74,0.125,usda_sr_legacy
17608,"Fish, catfish, channel, wild, raw",,Kala ja mereannid,95,16.4,0,2.8,0,,0.72,0.108,usda_sr_legacy
17610,"Fish, caviar, black and red, granular",,Kala ja mereannid,264,24.6,4,17.9,0,0,4.06,3.75,usda_sr_legacy
15551,"Fish, cisco, raw",,Kala ja mereannid,98,19,0,1.9,0,,0.42,0.138,usda_sr_legacy
15552,"Fish, cisco, smoked",,Kala ja mereannid,177,16.4,0,11.9,0,0,1.74,1.203,usda_sr_legacy
17611,"Fish, cod, Atlantic, canned, solids and liquid",,Kala ja mereannid,105,22.8,0,0.9,0,0,0.17,0.545,usda_sr_legacy
15554,"Fish, cod, Atlantic, cooked, dry heat",,Kala ja mereannid,105,22.8,0,0.9,0,0,0.17,0.195,usda_sr_legacy
17612,"Fish, cod, Atlantic, dried and salted",,Kala ja mereannid,290,62.8,0,2.4,0,0,0.46,17.568,usda_sr_legacy
15553,"Fish, cod, Atlantic, raw",,Kala ja mereannid,82,17.8,0,0.7,0,0,0.13,0.135,usda_sr_legacy
18594,"Fish, cod, Pacific, cooked",,Kala ja mereannid,84,20.4,0,0.3,0,,0.05,0.335,usda_sr_legacy
15588,"Fish, cod, Pacific, cooked, dry heat (may contain additives to retain moisture)",,Kala ja mereannid,85,18.7,0,0.5,0,0,0.11,0.93,usda_sr_legacy
17613,"Fish, cod, Pacific, raw (may have been previously frozen)",,Kala ja mereannid,69,15.3,0,0.4,0,0,0.09,0.758,usda_sr_legacy
15555,"Fish, croaker, Atlantic, cooked, breaded and fried",,Kala ja mereannid,221,18.2,7.5,12.7,0.4,,3.48,0.87,usda_sr_legacy
17614,"Fish, croaker, Atlantic, raw",,Kala ja mereannid,104,17.8,0,3.2,0,0,1.09,0.14,usda_sr_legacy
15589,"Fish, cusk, cooked, dry heat",,Kala ja mereannid,112,24.4,0,0.9,0,,,0.1,usda_sr_legacy
15556,"Fish, cusk, raw",,Kala ja mereannid,87,19,0,0.7,0,,0.13,0.078,usda_sr_legacy
15591,"Fish, drum, freshwater, cooked, dry heat",,Kala ja mereannid,153,22.5,0,6.3,0,,1.43,0.24,usda_sr_legacy
15558,"Fish, drum, freshwater, raw",,Kala ja mereannid,119,17.5,0,4.9,0,,1.12,0.188,usda_sr_legacy
17616,"Fish, eel, mixed species, cooked, dry heat",,Kala ja mereannid,236,23.7,0,15,0,,3.02,0.163,usda_sr_legacy
17615,"Fish, eel, mixed species, raw",,Kala ja mereannid,184,18.4,0,11.7,0,0,2.36,0.128,usda_sr_legacy
17617,"Fish, fish sticks, frozen, prepared",,Kala ja mereannid,277,11,21.7,16.2,1.5,1.7,3.73,1.005,usda_sr_legacy
17619,"Fish, flatfish (flounder and sole species), cooked, dry heat",,Kala ja mereannid,86,15.2,0,2.4,0,0,0.54,0.908,usda_sr_legacy
17618,"Fish, flatfish (flounder and sole species), raw",,Kala ja mereannid,70,12.4,0,1.9,0,0,0.44,0.74,usda_sr_legacy
15559,"Fish, gefiltefish, commercial, sweet recipe",,Kala ja mereannid,84,9.1,7.4,1.7,0,,0.41,1.31,usda_sr_legacy
15561,"Fish, grouper, mixed species, cooked, dry heat",,Kala ja mereannid,118,24.8,0,1.3,0,,0.3,0.133,usda_sr_legacy
15560,"Fish, grouper, mixed species, raw",,Kala ja mereannid,92,19.4,0,1,0,,0.23,0.133,usda_sr_legacy
17620,"Fish, haddock, cooked, dry heat",,Kala ja mereannid,90,20,0,0.6,0,0,0.11,0.653,usda_sr_legacy
15562,"Fish, haddock, raw",,Kala ja mereannid,74,16.3,0,0.5,0,0,0.09,0.533,usda_sr_legacy
17621,"Fish, haddock, smoked",,Kala ja mereannid,116,25.2,0,1,0,0,0.17,1.908,usda_sr_legacy
17623,"Fish, halibut, Atlantic and Pacific, cooked, dry heat",,Kala ja mereannid,111,22.5,0,1.6,0,0,0.35,0.205,usda_sr_legacy
17622,"Fish, halibut, Atlantic and Pacific, raw",,Kala ja mereannid,91,18.6,0,1.3,0,0,0.29,0.17,usda_sr_legacy
17654,"Fish, halibut, greenland, cooked, dry heat",,Kala ja mereannid,239,18.4,0,17.7,0,,3.1,0.258,usda_sr_legacy
15563,"Fish, halibut, Greenland, raw",,Kala ja mereannid,186,14.4,0,13.8,0,0,2.42,0.2,usda_sr_legacy
18533,"Fish, herring, Atlantic, cooked, dry heat",,Kala ja mereannid,203,23,0,11.6,0,0,2.62,0.288,usda_sr_legacy
17090,"Fish, herring, Atlantic, kippered",,Kala ja mereannid,217,24.6,0,12.4,0,0,2.79,2.295,usda_sr_legacy
18534,"Fish, herring, Atlantic, pickled",,Kala ja mereannid,262,14.2,9.6,18,0,7.7,2.38,2.175,usda_sr_legacy
18532,"Fish, herring, Atlantic, raw",,Kala ja mereannid,158,18,0,9,0,0,2.04,0.225,usda_sr_legacy
17655,"Fish, herring, Pacific, cooked, dry heat",,Kala ja mereannid,250,21,0,17.8,0,,4.17,0.238,usda_sr_legacy
17091,"Fish, herring, Pacific, raw",,Kala ja mereannid,195,16.4,0,13.9,0,,3.26,0.185,usda_sr_legacy
17657,"Fish, lingcod, cooked, dry heat",,Kala ja mereannid,109,22.6,0,1.4,0,,0.26,0.19,usda_sr_legacy
17093,"Fish, lingcod, raw",,Kala ja mereannid,85,17.7,0,1.1,0,,0.2,0.148,usda_sr_legacy
17656,"Fish, ling, cooked, dry heat",,Kala ja mereannid,111,24.4,0,0.8,0,,,0.433,usda_sr_legacy
17092,"Fish, ling, raw",,Kala ja mereannid,87,19,0,0.6,0,,0.12,0.338,usda_sr_legacy
18536,"Fish, mackerel, Atlantic, cooked, dry heat",,Kala ja mereannid,262,23.9,0,17.8,0,,4.18,0.208,usda_sr_legacy
18535,"Fish, mackerel, Atlantic, raw",,Kala ja mereannid,205,18.6,0,13.9,0,0,3.26,0.225,usda_sr_legacy
18537,"Fish, mackerel, jack, canned, drained solids",,Kala ja mereannid,156,23.2,0,6.3,0,0,1.86,0.948,usda_sr_legacy
17658,"Fish, mackerel, king, cooked, dry heat",,Kala ja mereannid,134,26,0,2.6,0,,0.47,0.508,usda_sr_legacy
18538,"Fish, mackerel, king, raw",,Kala ja mereannid,105,20.3,0,2,0,,0.36,0.395,usda_sr_legacy
15592,"Fish, mackerel, Pacific and jack, mixed species, cooked",,Kala ja mereannid,201,25.7,0,10.1,0,0,2.88,0.275,usda_sr_legacy
17094,"Fish, mackerel, Pacific and jack, mixed species, raw",,Kala ja mereannid,158,20.1,0,7.9,0,0,2.25,0.215,usda_sr_legacy
11977,"Fish, mackerel, salted",,Kala ja mereannid,305,18.5,0,25.1,0,0,7.15,11.125,usda_sr_legacy
17096,"Fish, mackerel, spanish, cooked, dry heat",,Kala ja mereannid,158,23.6,0,6.3,0,,1.8,0.165,usda_sr_legacy
17095,"Fish, mackerel, spanish, raw",,Kala ja mereannid,139,19.3,0,6.3,0,0,1.83,0.148,usda_sr_legacy
15590,"Fish, mahimahi, cooked, dry heat",,Kala ja mereannid,109,23.7,0,0.9,0,,0.24,0.283,usda_sr_legacy
15557,"Fish, mahimahi, raw",,Kala ja mereannid,85,18.5,0,0.7,0,,0.19,0.22,usda_sr_legacy
15593,"Fish, milkfish, cooked, dry heat",,Kala ja mereannid,190,26.3,0,8.6,0,,,0.23,usda_sr_legacy
17097,"Fish, milkfish, raw",,Kala ja mereannid,148,20.5,0,6.7,0,,1.66,0.18,usda_sr_legacy
15594,"Fish, monkfish, cooked, dry heat",,Kala ja mereannid,97,18.6,0,2,0,,,0.058,usda_sr_legacy
17098,"Fish, monkfish, raw",,Kala ja mereannid,76,14.5,0,1.5,0,,0.34,0.045,usda_sr_legacy
18540,"Fish, mullet, striped, cooked, dry heat",,Kala ja mereannid,150,24.8,0,4.9,0,,1.43,0.178,usda_sr_legacy
18539,"Fish, mullet, striped, raw",,Kala ja mereannid,117,19.4,0,3.8,0,0,1.12,0.163,usda_sr_legacy
18542,"Fish, ocean perch, Atlantic, cooked, dry heat",,Kala ja mereannid,96,18.5,0,1.9,0,0,0.33,0.868,usda_sr_legacy
18541,"Fish, ocean perch, Atlantic, raw",,Kala ja mereannid,79,15.3,0,1.5,0,0,0.27,0.718,usda_sr_legacy
17101,"Fish, perch, mixed species, cooked, dry heat",,Kala ja mereannid,117,24.9,0,1.2,0,,0.24,0.198,usda_sr_legacy
17100,"Fish, perch, mixed species, raw",,Kala ja mereannid,91,19.4,0,0.9,0,0,0.19,0.155,usda_sr_legacy
18543,"Fish, pike, northern, cooked, dry heat",,Kala ja mereannid,113,24.7,0,0.9,0,,0.15,0.123,usda_sr_legacy
17102,"Fish, pike, northern, raw",,Kala ja mereannid,88,19.3,0,0.7,0,0,0.12,0.098,usda_sr_legacy
15595,"Fish, pike, walleye, cooked, dry heat",,Kala ja mereannid,119,24.5,0,1.6,0,,0.32,0.163,usda_sr_legacy
18544,"Fish, pike, walleye, raw",,Kala ja mereannid,93,19.1,0,1.2,0,,0.25,0.128,usda_sr_legacy
17148,"Fish, pollock, Alaska, cooked",,Kala ja mereannid,86.6,19.4,0,1,0,,0.2,0.415,usda_sr_legacy
17103,"Fish, pollock, Alaska, cooked, dry heat (may contain additives to retain moisture)",,Kala ja mereannid,111,23.5,0,1.2,0,0,0.16,1.048,usda_sr_legacy
17147,"Fish, pollock, Alaska, raw",,Kala ja mereannid,76,17.2,0,0.8,0,,0.15,0.398,usda_sr_legacy
18546,"Fish, pollock, Alaska, raw (may contain additives to retain moisture)",,Kala ja mereannid,56,12.2,0,0.4,0,0,0.12,0.833,usda_sr_legacy
17659,"Fish, pollock, Atlantic, cooked, dry heat",,Kala ja mereannid,118,24.9,0,1.3,0,,0.17,0.275,usda_sr_legacy
18545,"Fish, pollock, Atlantic, raw",,Kala ja mereannid,92,19.4,0,1,0,0,0.14,0.215,usda_sr_legacy
17105,"Fish, pompano, florida, cooked, dry heat",,Kala ja mereannid,211,23.7,0,12.1,0,,4.5,0.19,usda_sr_legacy
17104,"Fish, pompano, florida, raw",,Kala ja mereannid,164,18.5,0,9.5,0,0,3.51,0.163,usda_sr_legacy
17660,"Fish, pout, ocean, cooked, dry heat",,Kala ja mereannid,102,21.3,0,1.2,0,,0.41,0.195,usda_sr_legacy
17099,"Fish, pout, ocean, raw",,Kala ja mereannid,79,16.6,0,0.9,0,,0.32,0.153,usda_sr_legacy
18547,"Fish, rockfish, Pacific, mixed species, cooked",,Kala ja mereannid,109,22.2,0,1.6,0,0,0.42,0.223,usda_sr_legacy
17106,"Fish, rockfish, Pacific, mixed species, raw",,Kala ja mereannid,90,18.4,0,1.3,0,0,0.34,0.185,usda_sr_legacy
17661,"Fish, roe, mixed species, cooked, dry heat",,Kala ja mereannid,204,28.6,1.9,8.2,0,,1.87,0.293,usda_sr_legacy
18548,"Fish, roe, mixed species, raw",,Kala ja mereannid,143,22.3,1.5,6.4,0,0,1.46,0.228,usda_sr_legacy
17673,"Fish, roughy, orange, cooked, dry heat",,Kala ja mereannid,105,22.6,0,0.9,0,0,0.03,0.173,usda_sr_legacy
18549,"Fish, roughy, orange, raw",,Kala ja mereannid,76,16.4,0,0.7,0,0,0.02,0.18,usda_sr_legacy
17662,"Fish, sablefish, cooked, dry heat",,Kala ja mereannid,250,17.2,0,19.6,0,,4.1,0.18,usda_sr_legacy
18550,"Fish, sablefish, raw",,Kala ja mereannid,195,13.4,0,15.3,0,,3.2,0.14,usda_sr_legacy
17107,"Fish, sablefish, smoked",,Kala ja mereannid,257,17.7,0,20.1,0,,4.21,1.843,usda_sr_legacy
18584,"Fish, salmon, Atlantic, farmed, cooked",,Kala ja mereannid,206,22.1,0,12.4,0,0,2.4,0.153,usda_sr_legacy
18583,"Fish, salmon, Atlantic, farmed, raw",,Kala ja mereannid,208,20.4,0,13.4,0,0,3.05,0.148,usda_sr_legacy
15596,"Fish, salmon, Atlantic, wild, cooked",,Kala ja mereannid,182,25.4,0,8.1,0,,1.26,0.14,usda_sr_legacy
17108,"Fish, salmon, Atlantic, wild, raw",,Kala ja mereannid,142,19.8,0,6.3,0,,0.98,0.11,usda_sr_legacy
15597,"Fish, salmon, chinook, cooked, dry heat",,Kala ja mereannid,231,25.7,0,13.4,0,,3.21,0.15,usda_sr_legacy
17110,"Fish, salmon, chinook, raw",,Kala ja mereannid,179,19.9,0,10.4,0,0,3.1,0.118,usda_sr_legacy
17109,"Fish, salmon, chinook, smoked",,Kala ja mereannid,117,18.3,0,4.3,0,0,0.93,1.68,usda_sr_legacy
15583,"Fish, salmon, chinook, smoked, (lox)",,Kala ja mereannid,117,18.3,0,4.3,0,,0.93,5,usda_sr_legacy
18551,"Fish, salmon, chum, canned, drained solids with bone",,Kala ja mereannid,141,21.4,0,5.5,0,0,1.49,0.978,usda_sr_legacy
17646,"Fish, salmon, chum, canned, without salt",,Kala ja mereannid,141,21.4,0,5.5,0,,1.49,0.188,usda_sr_legacy
15598,"Fish, salmon, chum, cooked, dry heat",,Kala ja mereannid,154,25.8,0,4.8,0,,1.08,0.16,usda_sr_legacy
17111,"Fish, salmon, chum, raw",,Kala ja mereannid,120,20.1,0,3.8,0,,0.84,0.125,usda_sr_legacy
17138,"Fish, salmon, coho, farmed, cooked",,Kala ja mereannid,178,24.3,0,8.2,0,,1.94,0.13,usda_sr_legacy
17137,"Fish, salmon, coho, farmed, raw",,Kala ja mereannid,160,21.3,0,7.7,0,,1.82,0.118,usda_sr_legacy
18553,"Fish, salmon, coho, wild, cooked",,Kala ja mereannid,184,27.4,0,7.5,0,,1.6,0.133,usda_sr_legacy
17141,"Fish, salmon, coho, wild, cooked",,Kala ja mereannid,139,23.5,0,4.3,0,0,1.05,0.145,usda_sr_legacy
18552,"Fish, salmon, coho, wild, raw",,Kala ja mereannid,146,21.6,0,5.9,0,0,1.26,0.115,usda_sr_legacy
17146,"Fish, Salmon, pink, canned, drained solids",,Kala ja mereannid,136,24.6,0,4.2,0,0,0.75,0.945,usda_sr_legacy
18591,"Fish, salmon, pink, canned, drained solids",,Kala ja mereannid,138,23.1,0,5,0,0,0.9,0.953,usda_sr_legacy
17112,"Fish, salmon, pink, canned, total can contents",,Kala ja mereannid,129,19.7,0,5,0,0,0.86,1.008,usda_sr_legacy
17647,"Fish, salmon, pink, canned, without salt",,Kala ja mereannid,139,19.8,0,6.1,0,,1.54,0.188,usda_sr_legacy
15599,"Fish, salmon, pink, cooked, dry heat",,Kala ja mereannid,153,24.6,0,5.3,0,0,0.97,0.225,usda_sr_legacy
18554,"Fish, salmon, pink, raw",,Kala ja mereannid,127,20.5,0,4.4,0,0,0.81,0.188,usda_sr_legacy
17115,"Fish, salmon, sockeye, canned, drained solids",,Kala ja mereannid,167,23.6,0,7.4,0,0,1.44,1.02,usda_sr_legacy
17648,"Fish, salmon, sockeye, canned, without salt",,Kala ja mereannid,153,20.5,0,7.3,0,,1.64,0.188,usda_sr_legacy
17114,"Fish, salmon, sockeye, cooked, dry heat",,Kala ja mereannid,156,26.5,0,5.6,0,0,0.97,0.23,usda_sr_legacy
17113,"Fish, salmon, sockeye, raw",,Kala ja mereannid,131,22.3,0,4.7,0,0,0.81,0.195,usda_sr_legacy
18555,"Fish, sardine, Atlantic, canned in oil, drained solids with bone",,Kala ja mereannid,208,24.6,0,11.5,0,0,1.53,0.768,usda_sr_legacy
18556,"Fish, sardine, Pacific, canned in tomato sauce, drained solids with bone",,Kala ja mereannid,185,20.9,0.5,10.5,0.1,0.4,2.68,1.035,usda_sr_legacy
17663,"Fish, scup, cooked, dry heat",,Kala ja mereannid,135,24.2,0,3.5,0,,,0.135,usda_sr_legacy
18557,"Fish, scup, raw",,Kala ja mereannid,105,18.9,0,2.7,0,0,0.64,0.105,usda_sr_legacy
17116,"Fish, sea bass, mixed species, cooked, dry heat",,Kala ja mereannid,124,23.6,0,2.6,0,,0.66,0.218,usda_sr_legacy
18558,"Fish, sea bass, mixed species, raw",,Kala ja mereannid,97,18.4,0,2,0,0,0.51,0.17,usda_sr_legacy
17664,"Fish, seatrout, mixed species, cooked, dry heat",,Kala ja mereannid,133,21.5,0,4.6,0,,1.29,0.185,usda_sr_legacy
17117,"Fish, seatrout, mixed species, raw",,Kala ja mereannid,104,16.7,0,3.6,0,,1.01,0.145,usda_sr_legacy
17665,"Fish, shad, american, cooked, dry heat",,Kala ja mereannid,252,21.7,0,17.7,0,,,0.163,usda_sr_legacy
17118,"Fish, shad, american, raw",,Kala ja mereannid,197,16.9,0,13.8,0,0,3.13,0.128,usda_sr_legacy
18559,"Fish, shark, mixed species, cooked, batter-dipped and fried",,Kala ja mereannid,228,18.6,6.4,13.8,0,,3.21,0.305,usda_sr_legacy
17119,"Fish, shark, mixed species, raw",,Kala ja mereannid,130,21,0,4.5,0,0,0.93,0.198,usda_sr_legacy
18561,"Fish, sheepshead, cooked, dry heat",,Kala ja mereannid,126,26,0,1.6,0,,0.36,0.183,usda_sr_legacy
18560,"Fish, sheepshead, raw",,Kala ja mereannid,108,20.2,0,2.4,0,,0.61,0.178,usda_sr_legacy
18563,"Fish, smelt, rainbow, cooked, dry heat",,Kala ja mereannid,124,22.6,0,3.1,0,,0.58,0.193,usda_sr_legacy
18562,"Fish, smelt, rainbow, raw",,Kala ja mereannid,97,17.6,0,2.4,0,0,0.45,0.15,usda_sr_legacy
17121,"Fish, snapper, mixed species, cooked, dry heat",,Kala ja mereannid,128,26.3,0,1.7,0,,0.37,0.143,usda_sr_legacy
17120,"Fish, snapper, mixed species, raw",,Kala ja mereannid,100,20.5,0,1.3,0,0,0.29,0.16,usda_sr_legacy
17666,"Fish, spot, cooked, dry heat",,Kala ja mereannid,158,23.7,0,6.3,0,,1.86,0.093,usda_sr_legacy
17122,"Fish, spot, raw",,Kala ja mereannid,123,18.5,0,4.9,0,,1.45,0.073,usda_sr_legacy
18564,"Fish, sturgeon, mixed species, cooked, dry heat",,Kala ja mereannid,135,20.7,0,5.2,0,0,1.17,0.173,usda_sr_legacy
17123,"Fish, sturgeon, mixed species, raw",,Kala ja mereannid,105,16.1,0,4,0,0,0.92,0.135,usda_sr_legacy
18565,"Fish, sturgeon, mixed species, smoked",,Kala ja mereannid,173,31.2,0,4.4,0,0,1.04,1.848,usda_sr_legacy
15600,"Fish, sucker, white, cooked, dry heat",,Kala ja mereannid,119,21.5,0,3,0,,0.58,0.128,usda_sr_legacy
18566,"Fish, sucker, white, raw",,Kala ja mereannid,92,16.8,0,2.3,0,,0.45,0.1,usda_sr_legacy
15601,"Fish, sunfish, pumpkin seed, cooked, dry heat",,Kala ja mereannid,114,24.9,0,0.9,0,,0.18,0.258,usda_sr_legacy
18567,"Fish, sunfish, pumpkin seed, raw",,Kala ja mereannid,89,19.4,0,0.7,0,,0.14,0.2,usda_sr_legacy
17124,"Fish, surimi",,Kala ja mereannid,99,15.2,6.9,0.9,0,0,0.19,0.358,usda_sr_legacy
17126,"Fish, swordfish, cooked, dry heat",,Kala ja mereannid,172,23.5,0,7.9,0,0,1.91,0.243,usda_sr_legacy
17125,"Fish, swordfish, raw",,Kala ja mereannid,144,19.7,0,6.7,0,0,1.61,0.203,usda_sr_legacy
18593,"Fish, tilapia, cooked, dry heat",,Kala ja mereannid,128,26.2,0,2.7,0,0,0.94,0.14,usda_sr_legacy
18592,"Fish, tilapia, raw",,Kala ja mereannid,96,20.1,0,1.7,0,0,0.59,0.13,usda_sr_legacy
18568,"Fish, tilefish, cooked, dry heat",,Kala ja mereannid,147,24.5,0,4.7,0,,0.87,0.148,usda_sr_legacy
17127,"Fish, tilefish, raw",,Kala ja mereannid,96,17.5,0,2.3,0,,0.44,0.133,usda_sr_legacy
18597,"Fish, trout, brook, raw, New York State",,Kala ja mereannid,110,21.2,0,2.7,0,,0.6,0.113,usda_sr_legacy
15602,"Fish, trout, mixed species, cooked, dry heat",,Kala ja mereannid,190,26.6,0,8.5,0,,1.47,0.168,usda_sr_legacy
18569,"Fish, trout, mixed species, raw",,Kala ja mereannid,148,20.8,0,6.6,0,0,1.15,0.13,usda_sr_legacy
17140,"Fish, trout, rainbow, farmed, cooked",,Kala ja mereannid,168,23.8,0,7.4,0,0,1.65,0.153,usda_sr_legacy
17139,"Fish, trout, rainbow, farmed, raw",,Kala ja mereannid,141,19.9,0,6.2,0,0,1.38,0.128,usda_sr_legacy
18571,"Fish, trout, rainbow, wild, cooked",,Kala ja mereannid,150,22.9,0,5.8,0,,1.62,0.14,usda_sr_legacy
18570,"Fish, trout, rainbow, wild, raw",,Kala ja mereannid,119,20.5,0,3.5,0,,0.72,0.078,usda_sr_legacy
17129,"Fish, tuna, fresh, bluefin, cooked",,Kala ja mereannid,184,29.9,0,6.3,0,,1.61,0.125,usda_sr_legacy
17128,"Fish, tuna, fresh, bluefin, raw",,Kala ja mereannid,144,23.3,0,4.9,0,0,1.26,0.098,usda_sr_legacy
18572,"Fish, tuna, fresh, skipjack, raw",,Kala ja mereannid,103,22,0,1,0,,0.33,0.093,usda_sr_legacy
18575,"Fish, tuna, fresh, yellowfin, raw",,Kala ja mereannid,109,24.4,0,0.5,0,0,0.17,0.113,usda_sr_legacy
17130,"Fish, tuna, light, canned in oil, drained solids",,Kala ja mereannid,198,29.1,0,8.2,0,0,1.53,1.04,usda_sr_legacy
17649,"Fish, tuna, light, canned in oil, without salt",,Kala ja mereannid,198,29.1,0,8.2,0,,1.53,0.125,usda_sr_legacy
17131,"Fish, tuna, light, canned in water, drained solids",,Kala ja mereannid,86,19.4,0,1,0,0,0.21,0.618,usda_sr_legacy
15584,"Fish, tuna, light, canned in water, without salt",,Kala ja mereannid,116,25.5,0,0.8,0,0,0.23,0.125,usda_sr_legacy
18576,"Fish, tuna salad",,Kala ja mereannid,187,16,9.4,9.3,0,,1.54,1.005,usda_sr_legacy
15603,"Fish, tuna, skipjack, fresh, cooked",,Kala ja mereannid,132,28.2,0,1.3,0,,0.42,0.118,usda_sr_legacy
18573,"Fish, tuna, white, canned in oil, drained solids",,Kala ja mereannid,186,26.5,0,8.1,0,0,1.28,0.99,usda_sr_legacy
15585,"Fish, tuna, white, canned in oil, without salt",,Kala ja mereannid,186,26.5,0,8.1,0,,1.65,0.125,usda_sr_legacy
18574,"Fish, tuna, white, canned in water, drained solids",,Kala ja mereannid,128,23.6,0,3,0,0,0.79,0.943,usda_sr_legacy
15586,"Fish, tuna, white, canned in water, without salt",,Kala ja mereannid,128,23.6,0,3,0,,0.79,0.125,usda_sr_legacy
15604,"Fish, tuna, yellowfin, fresh, cooked",,Kala ja mereannid,130,29.2,0,0.6,0,0,0.21,0.135,usda_sr_legacy
17667,"Fish, turbot, european, cooked, dry heat",,Kala ja mereannid,122,20.6,0,3.8,0,,,0.48,usda_sr_legacy
17132,"Fish, turbot, european, raw",,Kala ja mereannid,95,16.1,0,3,0,,0.75,0.375,usda_sr_legacy
17668,"Fish, whitefish, mixed species, cooked, dry heat",,Kala ja mereannid,172,24.5,0,7.5,0,,1.16,0.163,usda_sr_legacy
17133,"Fish, whitefish, mixed species, raw",,Kala ja mereannid,134,19.1,0,5.9,0,0,0.91,0.128,usda_sr_legacy
17134,"Fish, whitefish, mixed species, smoked",,Kala ja mereannid,108,23.4,0,0.9,0,0,0.23,2.548,usda_sr_legacy
18577,"Fish, whiting, mixed species, cooked, dry heat",,Kala ja mereannid,116,23.5,0,1.7,0,0,0.4,0.33,usda_sr_legacy
17135,"Fish, whiting, mixed species, raw",,Kala ja mereannid,90,18.3,0,1.3,0,0,0.25,0.18,usda_sr_legacy
17669,"Fish, wolffish, Atlantic, cooked, dry heat",,Kala ja mereannid,123,22.4,0,3.1,0,,0.47,0.273,usda_sr_legacy
18578,"Fish, wolffish, Atlantic, raw",,Kala ja mereannid,96,17.5,0,2.4,0,,0.37,0.213,usda_sr_legacy
17670,"Fish, yellowtail, mixed species, cooked, dry heat",,Kala ja mereannid,187,29.7,0,6.7,0,,,0.125,usda_sr_legacy
18579,"Fish, yellowtail, mixed species, raw",,Kala ja mereannid,146,23.1,0,5.2,0,,1.28,0.098,usda_sr_legacy
11976,"Frog legs, raw",,Kala ja mereannid,73,16.4,0,0.3,0,0,0.08,0.145,usda_sr_legacy
13,Haddock (raw),,Kala ja mereannid,87,19,0,0.7,0,0,,,
14,Haddock (smoked),,Kala ja mereannid,101,23.3,0,0.9,0,0,,,
16,Halibut (baked),,Kala ja mereannid,140,26.7,0,2.9,0,0,,,
15,Halibut (raw),,Kala ja mereannid,91,18.6,0,1.9,0,0,,,
11962,"Jellyfish, dried, salted",,Kala ja mereannid,36,5.5,0,1.4,0,0,0.27,24.225,usda_sr_legacy
17635,"Mollusks, abalone, mixed species, cooked, fried",,Kala ja mereannid,189,19.6,11.1,6.8,0,,1.65,1.478,usda_sr_legacy
17634,"Mollusks, abalone, mixed species, raw",,Kala ja mereannid,105,17.1,6,0.8,0,0,0.15,0.753,usda_sr_legacy
15574,"Mollusks, clam, mixed species, canned, drained solids",,Kala ja mereannid,142,24.3,5.9,1.6,0,0,0.31,0.28,usda_sr_legacy
15575,"Mollusks, clam, mixed species, canned, liquid",,Kala ja mereannid,2,0.4,0.1,0,0,0,0,0.538,usda_sr_legacy
15572,"Mollusks, clam, mixed species, cooked, breaded and fried",,Kala ja mereannid,202,14.2,10.3,11.2,0,,2.68,0.91,usda_sr_legacy
15573,"Mollusks, clam, mixed species, cooked, moist heat",,Kala ja mereannid,148,25.6,5.1,2,0,,0.19,3.005,usda_sr_legacy
17636,"Mollusks, clam, mixed species, raw",,Kala ja mereannid,86,14.7,3.6,1,0,0,0.19,1.503,usda_sr_legacy
17142,"Mollusks, conch, baked or broiled",,Kala ja mereannid,130,26.3,1.7,1.2,0,0,0.37,0.383,usda_sr_legacy
15608,"Mollusks, cuttlefish, mixed species, cooked, moist heat",,Kala ja mereannid,158,32.5,1.6,1.4,0,,0.24,1.86,usda_sr_legacy
17637,"Mollusks, cuttlefish, mixed species, raw",,Kala ja mereannid,79,16.2,0.8,0.7,0,,0.12,0.93,usda_sr_legacy
17639,"Mollusks, mussel, blue, cooked, moist heat",,Kala ja mereannid,172,23.8,7.4,4.5,0,,0.85,0.923,usda_sr_legacy
17638,"Mollusks, mussel, blue, raw",,Kala ja mereannid,86,11.9,3.7,2.2,0,0,0.43,0.715,usda_sr_legacy
17671,"Mollusks, octopus, common, cooked, moist heat",,Kala ja mereannid,164,29.8,4.4,2.1,0,0,0.45,1.15,usda_sr_legacy
17640,"Mollusks, octopus, common, raw",,Kala ja mereannid,82,14.9,2.2,1,0,0,0.23,0.575,usda_sr_legacy
15579,"Mollusks, oyster, eastern, canned",,Kala ja mereannid,68,7.1,3.9,2.5,0,0,0.63,0.28,usda_sr_legacy
15577,"Mollusks, oyster, eastern, cooked, breaded and fried",,Kala ja mereannid,199,8.8,11.6,12.6,0,,3.2,1.043,usda_sr_legacy
18589,"Mollusks, oyster, eastern, farmed, cooked",,Kala ja mereannid,79,7,7.3,2.1,0,,0.68,0.408,usda_sr_legacy
18588,"Mollusks, oyster, eastern, farmed, raw",,Kala ja mereannid,59,5.2,5.5,1.6,0,,0.44,0.445,usda_sr_legacy
15578,"Mollusks, oyster, eastern, wild, cooked",,Kala ja mereannid,102,11.4,5.5,3.4,0,1.2,0.95,0.415,usda_sr_legacy
18587,"Mollusks, oyster, eastern, wild, cooked",,Kala ja mereannid,79,8.9,4.2,2.7,0,1,0.74,0.33,usda_sr_legacy
15576,"Mollusks, oyster, eastern, wild, raw",,Kala ja mereannid,51,5.7,2.7,1.7,0,0.6,0.47,0.213,usda_sr_legacy
17672,"Mollusks, oyster, Pacific, cooked, moist heat",,Kala ja mereannid,163,18.9,9.9,4.6,0,0,1.02,0.53,usda_sr_legacy
17641,"Mollusks, oyster, Pacific, raw",,Kala ja mereannid,81,9.5,5,2.3,0,,0.51,0.265,usda_sr_legacy
11623,"Mollusks, scallop, (bay and sea), cooked, steamed",,Kala ja mereannid,111,20.5,5.4,0.8,0,0,0.22,1.668,usda_sr_legacy
17643,"Mollusks, scallop, mixed species, cooked, breaded and fried",,Kala ja mereannid,216,18.1,10.1,10.9,0,,2.67,1.16,usda_sr_legacy
17644,"Mollusks, scallop, mixed species, imitation, made from surimi",,Kala ja mereannid,99,12.8,10.6,0.4,0,,0.08,1.988,usda_sr_legacy
17642,"Mollusks, scallop, mixed species, raw",,Kala ja mereannid,69,12.1,3.2,0.5,0,0,0.13,0.98,usda_sr_legacy
11625,"Mollusks, snail, raw",,Kala ja mereannid,90,16.1,2,1.4,0,0,0.36,0.175,usda_sr_legacy
15580,"Mollusks, squid, mixed species, cooked, fried",,Kala ja mereannid,175,17.9,7.8,7.5,0,,1.88,0.765,usda_sr_legacy
17645,"Mollusks, squid, mixed species, raw",,Kala ja mereannid,92,15.6,3.1,1.4,0,0,0.36,0.11,usda_sr_legacy
15582,"Mollusks, whelk, cooked, moist heat",,Kala ja mereannid,275,47.7,15.5,0.8,0,,0.06,1.03,usda_sr_legacy
15581,"Mollusks, whelk, raw",,Kala ja mereannid,137,23.8,7.8,0.4,0,0,0.03,0.515,usda_sr_legacy
4,Salmon (baked),,Kala ja mereannid,206,26.3,0,10.9,0,0,,,
5,Salmon (canned),,Kala ja mereannid,153,22.5,0,6.9,0,0,,,
3,Salmon (grilled),,Kala ja mereannid,216,27,0,11.9,0,0,,,
17143,"Salmon nuggets, breaded, frozen, heated",,Kala ja mereannid,212,12.7,14,11.7,0,,1.57,0.433,usda_sr_legacy
17144,"Salmon nuggets, cooked as purchased, unheated",,Kala ja mereannid,189,12,11.9,10.4,0,,1.5,0.418,usda_sr_legacy
1,Salmon (raw),,Kala ja mereannid,208,20.4,0,13.4,0,0,,,
2,Salmon (smoked),,Kala ja mereannid,117,18.3,0,4.3,0,0,,,
17145,"Salmon, sockeye, canned, drained solids, without skin and bones",,Kala ja mereannid,158,26.3,0,5.9,0,0,1.21,0.965,usda_sr_legacy
18590,"Salmon, sockeye, canned, total can contents",,Kala ja mereannid,153,20.6,0,7.2,0,0,1.46,1.083,usda_sr_legacy
18,Sea bass (grilled),,Kala ja mereannid,124,23.6,0,3,0,0,,,
17,Sea bass (raw),,Kala ja mereannid,97,18.4,0,2.5,0,0,,,
20,Trout (baked),,Kala ja mereannid,190,29,0,8.2,0,0,,,
19,Trout (raw),,Kala ja mereannid,119,20.5,0,3.9,0,0,,,
8,Tuna (canned in oil),,Kala ja mereannid,198,24.1,0,10.9,0,0,,,
7,Tuna (canned in water),,Kala ja mereannid,116,25.5,0,1,0,0,,,
9,Tuna (grilled),,Kala ja mereannid,184,30.1,0,6.3,0,0,,,
6,Tuna (raw),,Kala ja mereannid,132,23.4,0,4.9,0,0,,,
10,Tuna (seared),,Kala ja mereannid,175,29.5,0,5.8,0,0,,,
11626,"Turtle, green, raw",,Kala ja mereannid,89,19.8,0,0.5,0,0,0.13,0.17,usda_sr_legacy
184,French fries,,Kartulid ja mugulad,312,3.4,41.4,15,3.8,0,,,
188,Hash browns,,Kartulid ja mugulad,226,2.4,27.7,12,2.5,0,,,
183,Mashed potato,,Kartulid ja mugulad,113,2,17,4.2,1.8,0,,,
186,Potato au gratin,,Kartulid ja mugulad,165,5.5,18,8.5,1.5,0,,,
182,Potato (baked),,Kartulid ja mugulad,93,2.5,21.2,0.1,2.2,0,,,
181,Potato (boiled),,Kartulid ja mugulad,86,1.7,20,0.1,1.8,0,,,
14175,"Potatoes, au gratin, dry mix, prepared with water, whole milk and butter",,Kartulid ja mugulad,93,2.3,12.8,4.1,0.9,,2.59,1.098,usda_sr_legacy
14174,"Potatoes, au gratin, dry mix, unprepared",,Kartulid ja mugulad,314,8.9,74.3,3.7,4.1,,2.32,5.238,usda_sr_legacy
14169,"Potatoes, au gratin, home-prepared from recipe using butter",,Kartulid ja mugulad,134,5.1,11.3,7.6,1.8,,4.73,1.083,usda_sr_legacy
14251,"Potatoes, au gratin, home-prepared from recipe using margarine",,Kartulid ja mugulad,132,5.1,11.3,7.6,1.8,,3.53,1.083,usda_sr_legacy
13820,"Potatoes, baked, flesh and skin, without salt",,Kartulid ja mugulad,93,2.5,21.2,0.1,2.2,1.2,0.03,0.025,usda_sr_legacy
13838,"Potatoes, baked, flesh and skin, with salt",,Kartulid ja mugulad,93,2.5,21.2,0.1,2.2,1.2,0.03,0.025,usda_sr_legacy
13760,"Potatoes, baked, flesh, without salt",,Kartulid ja mugulad,93,2,21.6,0.1,1.5,1.7,0.03,0.013,usda_sr_legacy
13839,"Potatoes, baked, flesh, with salt",,Kartulid ja mugulad,93,2,21.6,0.1,1.5,1.7,0.03,0.603,usda_sr_legacy
13840,"Potatoes, baked, skin only, with salt",,Kartulid ja mugulad,198,4.3,46.1,0.1,7.9,1.4,0.03,0.643,usda_sr_legacy
13761,"Potatoes, baked, skin, without salt",,Kartulid ja mugulad,198,4.3,46.1,0.1,7.9,1.4,0.03,0.053,usda_sr_legacy
14165,"Potatoes, boiled, cooked in skin, flesh, without salt",,Kartulid ja mugulad,87,1.9,20.1,0.1,1.8,0.9,0.03,0.01,usda_sr_legacy
13841,"Potatoes, boiled, cooked in skin, flesh, with salt",,Kartulid ja mugulad,87,1.9,20.1,0.1,2,0.9,0.03,0.6,usda_sr_legacy
14166,"Potatoes, boiled, cooked in skin, skin, without salt",,Kartulid ja mugulad,78,2.9,17.2,0.1,3.3,,0.03,0.035,usda_sr_legacy
14246,"Potatoes, boiled, cooked in skin, skin, with salt",,Kartulid ja mugulad,78,2.9,17.2,0.1,3.3,,0.03,0.625,usda_sr_legacy
14167,"Potatoes, boiled, cooked without skin, flesh, without salt",,Kartulid ja mugulad,86,1.7,20,0.1,1.8,0.9,0.03,0.013,usda_sr_legacy
14247,"Potatoes, boiled, cooked without skin, flesh, with salt",,Kartulid ja mugulad,86,1.7,20,0.1,2,0.9,0.03,0.603,usda_sr_legacy
14171,"Potatoes, canned, drained solids",,Kartulid ja mugulad,60,1.4,13.6,0.2,2.3,,0.05,0.548,usda_sr_legacy
12864,"Potatoes, canned, drained solids, no salt added",,Kartulid ja mugulad,60,1.4,13.6,0.2,2.4,0.6,0.05,0.013,usda_sr_legacy
14170,"Potatoes, canned, solids and liquids",,Kartulid ja mugulad,44,1.2,9.9,0.1,1.4,,0.03,0.543,usda_sr_legacy
13753,"Potatoes, flesh and skin, raw",,Kartulid ja mugulad,77,2.1,17.5,0.1,2.1,0.8,0.03,0.015,usda_sr_legacy
12270,"Potatoes, french fried, all types, salt added in processing, frozen",,Kartulid ja mugulad,147,2.2,24.8,4.7,1.9,0.2,1.01,0.83,usda_sr_legacy
13044,"Potatoes, french fried, all types, salt added in processing, frozen",,Kartulid ja mugulad,158,2.8,25.6,5.5,2,0.4,0.85,0.81,usda_sr_legacy
13845,"Potatoes, french fried, all types, salt not added in processing, frozen",,Kartulid ja mugulad,168,2.7,28.7,5.2,2.6,0.3,1.03,0.08,usda_sr_legacy
14250,"Potatoes, french fried, all types, salt not added in processing, frozen",,Kartulid ja mugulad,147,2.2,24.8,4.7,1.9,0.2,0.94,0.058,usda_sr_legacy
13046,"Potatoes, french fried, cottage-cut, salt not added in processing, frozen",,Kartulid ja mugulad,218,3.4,34,8.2,3.2,,3.89,0.113,usda_sr_legacy
13045,"Potatoes, french fried, cottage-cut, salt not added in processing, frozen",,Kartulid ja mugulad,153,2.4,24,5.8,3,,2.74,0.08,usda_sr_legacy
14164,"Potatoes, french fried, crinkle or regular cut, salt added in processing, frozen",,Kartulid ja mugulad,161,2.5,27.5,5.1,2.3,0.3,1.08,0.978,usda_sr_legacy
14163,"Potatoes, french fried, crinkle or regular cut, salt added in processing, frozen",,Kartulid ja mugulad,146,2.3,24,5,2,0.2,1.25,0.873,usda_sr_legacy
12776,"Potatoes, french fried, cross cut, frozen, unprepared",,Kartulid ja mugulad,187,2.7,23,10,2.3,0.5,2.59,0.983,usda_sr_legacy
14179,"Potatoes, french fried, shoestring, salt added in processing, frozen",,Kartulid ja mugulad,194,2.9,31.7,6.8,2.8,0.3,1.27,1,usda_sr_legacy
14178,"Potatoes, french fried, shoestring, salt added in processing, frozen",,Kartulid ja mugulad,163,2.2,25.6,6.2,2.3,0.2,1.37,0.808,usda_sr_legacy
12775,"Potatoes, french fried, steak cut, salt not added in processing, frozen",,Kartulid ja mugulad,134,2.4,24.3,3.4,2.4,0.2,0.88,0.075,usda_sr_legacy
12273,"Potatoes, french fried, steak fries, salt added in processing, frozen",,Kartulid ja mugulad,148,2.6,27,3.8,2.6,0.3,0.74,0.933,usda_sr_legacy
12272,"Potatoes, french fried, steak fries, salt added in processing, frozen",,Kartulid ja mugulad,130,2.2,23.5,3.4,1.9,0.2,0.69,0.793,usda_sr_legacy
12774,"Potatoes, french fried, wedge cut, frozen, unprepared",,Kartulid ja mugulad,162,2.6,22.2,7.5,2.4,0.3,1.84,0.95,usda_sr_legacy
13844,"Potatoes, frozen, french fried, par fried, cottage-cut",,Kartulid ja mugulad,218,3.4,34,8.2,3.2,,3.89,0.703,usda_sr_legacy
13047,"Potatoes, frozen, french fried, par fried, extruded",,Kartulid ja mugulad,260,2.8,30.2,15,2.9,,4.54,1.225,usda_sr_legacy
13048,"Potatoes, frozen, french fried, par fried, extruded",,Kartulid ja mugulad,333,3.6,39.7,18.7,3.2,,5.96,1.533,usda_sr_legacy
13776,"Potatoes, frozen, whole, cooked, boiled",,Kartulid ja mugulad,65,2,14.5,0.1,1.4,,0.03,0.05,usda_sr_legacy
13843,"Potatoes, frozen, whole, cooked, boiled",,Kartulid ja mugulad,63,2,13.9,0.1,1.4,,0.03,0.64,usda_sr_legacy
13771,"Potatoes, hash brown, frozen, plain, prepared",,Kartulid ja mugulad,219,2.7,28.5,11.6,3.2,0.3,0.93,0.038,usda_sr_legacy
13770,"Potatoes, hash brown, frozen, plain, unprepared",,Kartulid ja mugulad,82,2.1,17.7,0.6,1.4,,0.16,0.055,usda_sr_legacy
13773,"Potatoes, hash brown, frozen, with butter sauce, prepared",,Kartulid ja mugulad,178,2.5,24.1,8.8,3.8,,3.37,0.253,usda_sr_legacy
13772,"Potatoes, hash brown, frozen, with butter sauce, unprepared",,Kartulid ja mugulad,135,1.9,18.3,6.7,2.9,,2.56,0.193,usda_sr_legacy
13763,"Potatoes, hash brown, home-prepared",,Kartulid ja mugulad,265,3,35.1,12.5,3.2,1.5,1.88,0.855,usda_sr_legacy
11545,"Potatoes, hash brown, refrigerated, prepared, pan-fried in canola oil",,Kartulid ja mugulad,242,3.2,34,10.3,3.6,1.2,0.81,0.193,usda_sr_legacy
11544,"Potatoes, hash brown, refrigerated, unprepared",,Kartulid ja mugulad,84,1.8,19.2,0.1,1.8,0.9,,0.105,usda_sr_legacy
13548,"Potatoes, mashed",,Kartulid ja mugulad,106,2,13.3,5,1.9,1.8,2.63,0.745,usda_sr_legacy
14172,"Potatoes, mashed, dehydrated, flakes without milk, dry form",,Kartulid ja mugulad,354,8.3,81.2,0.4,6.6,3.4,0.17,0.193,usda_sr_legacy
13768,"Potatoes, mashed, dehydrated, granules with milk, dry form",,Kartulid ja mugulad,357,10.9,77.7,1.1,6.6,3.4,0.46,0.205,usda_sr_legacy
13766,"Potatoes, mashed, dehydrated, granules without milk, dry form",,Kartulid ja mugulad,372,8.2,85.5,0.5,7.1,3.5,0.14,0.168,usda_sr_legacy
14173,"Potatoes, mashed, dehydrated, prepared from flakes without milk, whole milk and butter added",,Kartulid ja mugulad,97,1.8,10.9,5.1,0.8,1.6,3.19,0.41,usda_sr_legacy
13152,"Potatoes, mashed, dehydrated, prepared from flakes without milk, whole milk and margarine added",,Kartulid ja mugulad,113,1.9,15,5.6,2.3,,1.46,0.83,usda_sr_legacy
13769,"Potatoes, mashed, dehydrated, prepared from granules with milk, water and margarine added",,Kartulid ja mugulad,116,2.1,16.1,4.8,1.3,1.7,0.96,0.43,usda_sr_legacy
13767,"Potatoes, mashed, dehydrated, prepared from granules without milk, whole milk and butter added",,Kartulid ja mugulad,108,2.1,14.4,5,2.2,,3.06,0.643,usda_sr_legacy
14220,"Potatoes, mashed, home-prepared, whole milk added",,Kartulid ja mugulad,83,1.9,17.6,0.6,1.5,1.5,0.3,0.755,usda_sr_legacy
12383,"Potatoes, mashed, home-prepared, whole milk and butter added",,Kartulid ja mugulad,113,1.9,16.8,4.2,1.5,1.4,2.61,0.793,usda_sr_legacy
13764,"Potatoes, mashed, home-prepared, whole milk and margarine added",,Kartulid ja mugulad,113,2,16.9,4.2,1.5,1.4,0.75,0.833,usda_sr_legacy
12382,"Potatoes, mashed, prepared from granules, without milk, whole milk and margarine",,Kartulid ja mugulad,108,2.1,14.4,4.9,2.2,,1.28,0.658,usda_sr_legacy
14248,"Potatoes, microwaved, cooked, in skin, flesh and skin",,Kartulid ja mugulad,105,2.4,24.2,0.1,2.3,,0.03,0.61,usda_sr_legacy
13821,"Potatoes, microwaved, cooked in skin, flesh and skin, without salt",,Kartulid ja mugulad,105,2.4,24.2,0.1,2.3,,0.03,0.02,usda_sr_legacy
14168,"Potatoes, microwaved, cooked in skin, flesh, without salt",,Kartulid ja mugulad,100,2.1,23.3,0.1,1.6,,0.03,0.018,usda_sr_legacy
14249,"Potatoes, microwaved, cooked in skin, flesh, with salt",,Kartulid ja mugulad,100,2.1,23.3,0.1,1.6,,0.03,0.608,usda_sr_legacy
13762,"Potatoes, microwaved, cooked in skin, skin, without salt",,Kartulid ja mugulad,132,4.4,29.6,0.1,5.5,,0.03,0.04,usda_sr_legacy
13842,"Potatoes, microwaved, cooked, in skin, skin with salt",,Kartulid ja mugulad,132,4.4,29.6,0.1,5.5,,0.03,0.63,usda_sr_legacy
14181,"Potatoes, o'brien, frozen, prepared",,Kartulid ja mugulad,204,2.2,21.9,13.2,1.7,,3.31,0.108,usda_sr_legacy
14180,"Potatoes, o'brien, frozen, unprepared",,Kartulid ja mugulad,76,1.8,17.5,0.1,1.9,,0.03,0.083,usda_sr_legacy
14225,"Potatoes, o'brien, home-prepared",,Kartulid ja mugulad,81,2.4,15.5,1.3,0,,0.8,0.543,usda_sr_legacy
13759,"Potatoes, raw, skin",,Kartulid ja mugulad,58,2.6,12.4,0.1,2.5,,0.03,0.025,usda_sr_legacy
14162,"Potatoes, red, flesh and skin, baked",,Kartulid ja mugulad,87,2.3,19.6,0.2,1.8,1.4,0.04,0.03,usda_sr_legacy
13756,"Potatoes, red, flesh and skin, raw",,Kartulid ja mugulad,70,1.9,15.9,0.1,1.7,1.3,0.04,0.045,usda_sr_legacy
13758,"Potatoes, roasted, salt added in processing, frozen, unprepared",,Kartulid ja mugulad,127,2.2,26.2,1.8,2.6,0.7,0.17,0.745,usda_sr_legacy
13757,"Potatoes, Russet, flesh and skin, baked",,Kartulid ja mugulad,95,2.6,21.4,0.1,2.3,1.1,0.03,0.035,usda_sr_legacy
13754,"Potatoes, russet, flesh and skin, raw",,Kartulid ja mugulad,79,2.1,18.1,0.1,1.3,0.6,0.03,0.013,usda_sr_legacy
14177,"Potatoes, scalloped, dry mix, prepared with water, whole milk and butter",,Kartulid ja mugulad,93,2.1,12.8,4.3,1.1,,2.63,0.853,usda_sr_legacy
14176,"Potatoes, scalloped, dry mix, unprepared",,Kartulid ja mugulad,358,7.8,73.9,4.6,8.6,,1.2,3.945,usda_sr_legacy
13765,"Potatoes, scalloped, home-prepared with butter",,Kartulid ja mugulad,88,2.9,10.8,3.7,1.9,,2.26,0.838,usda_sr_legacy
14252,"Potatoes, scalloped, home-prepared with margarine",,Kartulid ja mugulad,88,2.9,10.8,3.7,1.9,,1.38,0.838,usda_sr_legacy
14161,"Potatoes, white, flesh and skin, baked",,Kartulid ja mugulad,92,2.1,21.1,0.2,2.1,1.5,0.04,0.018,usda_sr_legacy
13755,"Potatoes, white, flesh and skin, raw",,Kartulid ja mugulad,69,1.7,15.7,0.1,2.4,1.2,0.03,0.04,usda_sr_legacy
13544,"Potatoes, yellow fleshed, french fried, frozen, unprepared",,Kartulid ja mugulad,162,2.5,25,5.8,2.2,0.4,1.43,0.75,usda_sr_legacy
12773,"Potatoes, yellow fleshed, hash brown, shredded, salt added in processing",,Kartulid ja mugulad,81,2,18,0.1,2,0.2,0.01,0.825,usda_sr_legacy
13543,"Potatoes, yellow fleshed, roasted, salt added in processing, frozen",,Kartulid ja mugulad,119,2,23.4,1.9,2.6,0.3,0.15,0.845,usda_sr_legacy
12274,Potato flour,,Kartulid ja mugulad,357,6.9,83.1,0.3,5.9,3.5,0.09,0.138,usda_sr_legacy
13819,Potato pancakes,,Kartulid ja mugulad,268,6.1,27.8,14.8,3.3,1.8,2.5,1.91,usda_sr_legacy
194,Potato pancakes/latkes,,Kartulid ja mugulad,218,4.2,25.5,11,2.3,0,,,
13775,"Potato puffs, frozen, oven-heated",,Kartulid ja mugulad,192,2.1,27.3,9.1,2,0.3,1.66,1.158,usda_sr_legacy
13774,"Potato puffs, frozen, unprepared",,Kartulid ja mugulad,178,1.9,24.8,8.7,2.3,0.3,1.42,1.07,usda_sr_legacy
180,Potato (raw),,Kartulid ja mugulad,77,2,17.5,0.1,2.1,0,,,
13049,"Potato salad, home-prepared",,Kartulid ja mugulad,143,2.7,11.2,8.2,1.3,,1.43,1.323,usda_sr_legacy
191,Potato salad (mayo),,Kartulid ja mugulad,179,2,14.5,12,1.5,0,,,
192,Potato salad (vinaigrette),,Kartulid ja mugulad,108,1.8,16.5,4.5,1.6,0,,,
193,Potato soup,,Kartulid ja mugulad,78,2.5,13,2.5,1.2,0,,,
190,Potato wedges,,Kartulid ja mugulad,168,2.7,24.8,7,2.3,0,,,
12271,"Potato wedges, frozen",,Kartulid ja mugulad,129,2.7,25.5,2.2,2,0.3,0.55,0.123,usda_sr_legacy
185,Roasted potatoes,,Kartulid ja mugulad,149,2.8,23.7,5,2.2,0,,,
187,Scalloped potatoes,,Kartulid ja mugulad,155,4.5,17.5,7.5,1.5,0,,,
13085,"Sweet potato, canned, mashed",,Kartulid ja mugulad,101,2,23.2,0.2,1.7,5.5,0.04,0.188,usda_sr_legacy
13811,"Sweet potato, canned, syrup pack, drained solids",,Kartulid ja mugulad,108,1.3,25.4,0.3,3,5.7,0.07,0.098,usda_sr_legacy
13810,"Sweet potato, canned, syrup pack, solids and liquids",,Kartulid ja mugulad,89,1,20.9,0.2,2.5,15.4,0.04,0.073,usda_sr_legacy
12313,"Sweet potato, canned, vacuum pack",,Kartulid ja mugulad,91,1.7,21.1,0.2,1.8,5,0.04,0.133,usda_sr_legacy
12311,"Sweet potato, cooked, baked in skin, flesh, without salt",,Kartulid ja mugulad,90,2,20.7,0.2,3.3,6.5,0.05,0.09,usda_sr_legacy
13861,"Sweet potato, cooked, baked in skin, flesh, with salt",,Kartulid ja mugulad,90,2,20.7,0.2,3.3,6.5,0.05,0.615,usda_sr_legacy
12312,"Sweet potato, cooked, boiled, without skin",,Kartulid ja mugulad,76,1.4,17.7,0.1,2.5,5.7,0.03,0.068,usda_sr_legacy
14268,"Sweet potato, cooked, boiled, without skin, with salt",,Kartulid ja mugulad,76,1.4,17.7,0.1,2.5,5.7,0.04,0.658,usda_sr_legacy
13815,"Sweet potato, cooked, candied, home-prepared",,Kartulid ja mugulad,164,0.9,32.1,3.5,2.1,27.3,2.17,0.298,usda_sr_legacy
11896,"Sweet Potatoes, french fried, crosscut, frozen, unprepared",,Kartulid ja mugulad,209,1.7,25.5,11.1,3.4,6.5,0.93,0.535,usda_sr_legacy
11546,"Sweet Potatoes, french fried, frozen as packaged, salt added in processing",,Kartulid ja mugulad,182,2.2,35.6,8.9,5.7,12.9,1.16,0.365,usda_sr_legacy
13087,"Sweet potato, frozen, cooked, baked, without salt",,Kartulid ja mugulad,100,1.7,23.4,0.1,1.8,9.2,0.03,0.02,usda_sr_legacy
14269,"Sweet potato, frozen, cooked, baked, with salt",,Kartulid ja mugulad,100,1.7,23.4,0.1,1.8,,0.03,0.61,usda_sr_legacy
13086,"Sweet potato, frozen, unprepared",,Kartulid ja mugulad,96,1.7,22.2,0.2,1.7,,0.04,0.015,usda_sr_legacy
13084,"Sweet potato leaves, cooked, steamed, without salt",,Kartulid ja mugulad,35,2.2,7.4,0.3,1.9,5.5,0.07,0.018,usda_sr_legacy
13860,"Sweet potato leaves, cooked, steamed, with salt",,Kartulid ja mugulad,35,2.2,7.4,0.3,1.9,5.5,0.07,0.623,usda_sr_legacy
13083,"Sweet potato leaves, raw",,Kartulid ja mugulad,42,2.5,8.8,0.5,5.3,,0.11,0.015,usda_sr_legacy
11897,"Sweet Potato puffs, frozen, unprepared",,Kartulid ja mugulad,161,1.4,30.7,3.6,1.9,7.7,0.31,0.625,usda_sr_legacy
12310,"Sweet potato, raw, unprepared",,Kartulid ja mugulad,86,1.6,20.1,0.1,3,4.2,0.02,0.138,usda_sr_legacy
189,Tater tots,,Kartulid ja mugulad,197,2.3,26,9.4,2.1,0,,,
15154,"CAMPBELL'S, Chicken Noodle Soup, condensed",,Kastmed ja maitsed,47,2.4,6,1.5,0,0,0.39,1.708,usda_sr_legacy
17970,"CAMPBELL'S CHUNKY, Classic Chicken Noodle Soup",,Kastmed ja maitsed,47,3.4,5.4,1.3,1,0.4,0.41,0.813,usda_sr_legacy
17974,"CAMPBELL'S CHUNKY, Hearty Beef Barley Soup",,Kastmed ja maitsed,56,2.9,9,0.9,1,1.2,0.38,0.77,usda_sr_legacy
17978,"CAMPBELL'S CHUNKY, New England Clam Chowder",,Kastmed ja maitsed,81,2.5,9,3.9,1.2,0,,0.883,usda_sr_legacy
16427,"CAMPBELL'S CHUNKY, Old Fashioned Vegetable Beef Soup",,Kastmed ja maitsed,49,3.2,6.2,1.2,1.3,1.2,0.41,0.865,usda_sr_legacy
16416,"CAMPBELL'S, Cream of Mushroom Soup, condensed",,Kastmed ja maitsed,81,1.3,6.6,5.5,0.6,0.4,0.95,1.743,usda_sr_legacy
17969,"CAMPBELL'S, Tomato Soup, condensed",,Kastmed ja maitsed,71,1.5,15.2,0.4,1.1,8.2,0,0.943,usda_sr_legacy
576,Dashi,,Kastmed ja maitsed,7,0.9,0.8,0.1,0,0,,,
15430,"Dip, bean, original flavor",,Kastmed ja maitsed,119,5.4,15.9,3.7,4.9,1,0.53,1.108,usda_sr_legacy
15432,"Dip, FRITO'S, bean, original flavor",,Kastmed ja maitsed,119,5.4,15.9,3.7,4.9,1,0.53,1.108,usda_sr_legacy
17490,"Dip, salsa con queso, cheese and salsa- medium",,Kastmed ja maitsed,143,3.1,11.1,9.5,0.7,2,2.49,1.99,usda_sr_legacy
17491,"Dip, TOSTITOS, salsa con queso, medium",,Kastmed ja maitsed,133,2.9,11.7,8.3,0.6,1.4,2.44,1.933,usda_sr_legacy
15204,Fish broth,,Kastmed ja maitsed,16,2,0.4,0.6,0,0.1,0.13,0.5,usda_sr_legacy
568,Fish sauce,,Kastmed ja maitsed,35,5.1,3.6,0,0,0,,,
14832,"Gravy, au jus, canned",,Kastmed ja maitsed,16,1.2,2.5,0.2,0,,0.1,1.195,usda_sr_legacy
14833,"Gravy, au jus, dry",,Kastmed ja maitsed,313,9.2,47.5,9.6,0,,2.03,28.97,usda_sr_legacy
15162,"Gravy, beef, canned, ready-to-serve",,Kastmed ja maitsed,53,3.8,4.8,2.4,0.4,0.2,1.15,1.583,usda_sr_legacy
15163,"Gravy, brown, dry",,Kastmed ja maitsed,367,10.7,59.4,9.6,2,,3.32,12.108,usda_sr_legacy
15186,"Gravy, brown instant, dry",,Kastmed ja maitsed,380,8.5,59.8,11.9,3.2,9.2,5.87,12.633,usda_sr_legacy
15198,"Gravy, CAMPBELL'S, chicken",,Kastmed ja maitsed,51,0.8,5.9,2.7,0,0.9,0.6,1.06,usda_sr_legacy
15164,"Gravy, chicken, canned or bottled, ready-to-serve",,Kastmed ja maitsed,48,0.7,5.3,2.6,0.1,0.3,0.64,0.973,usda_sr_legacy
15165,"Gravy, chicken, dry",,Kastmed ja maitsed,381,11.3,62.1,9.7,0,,2.92,10.38,usda_sr_legacy
15168,"Gravy, dry",,Kastmed ja maitsed,344,13,58,8,0,,2.86,14.325,usda_sr_legacy
17494,"Gravy, HEINZ Home Style, classic chicken",,Kastmed ja maitsed,46,0.7,5,2.6,0,0,0.66,0.93,usda_sr_legacy
15197,"Gravy, HEINZ Home Style, savory beef",,Kastmed ja maitsed,39,1.1,6.2,1.1,0.7,0.5,0.4,1.468,usda_sr_legacy
15187,"Gravy, instant beef, dry",,Kastmed ja maitsed,369,9.8,61.1,9.5,4.3,23.9,4.88,13.008,usda_sr_legacy
15188,"Gravy, instant turkey, dry",,Kastmed ja maitsed,409,11.7,57.6,14.7,3.8,7.6,4.93,10.225,usda_sr_legacy
15196,"Gravy, meat or poultry, low sodium, prepared",,Kastmed ja maitsed,53,3.8,6.2,2.4,0.3,0,1,0.045,usda_sr_legacy
14834,"Gravy, mushroom, canned",,Kastmed ja maitsed,50,1.3,5.5,2.7,0.4,,0.4,1.425,usda_sr_legacy
14835,"Gravy, mushroom, dry, powder",,Kastmed ja maitsed,328,10,64.7,4,4.8,3.3,2.36,16.45,usda_sr_legacy
14836,"Gravy, onion, dry, mix",,Kastmed ja maitsed,322,9,67.6,3,6,,1.86,10.465,usda_sr_legacy
14837,"Gravy, pork, dry, powder",,Kastmed ja maitsed,367,8.8,63.6,8.6,2.4,24.7,4.29,13.39,usda_sr_legacy
15166,"Gravy, turkey, canned, ready-to-serve",,Kastmed ja maitsed,51,2.6,5.1,2.1,0.4,0.2,0.62,1.443,usda_sr_legacy
15167,"Gravy, turkey, dry",,Kastmed ja maitsed,367,10.4,65.1,7.2,0,,1.98,10.98,usda_sr_legacy
570,Hoisin sauce,,Kastmed ja maitsed,220,4.1,46.8,2.8,1.9,0,,,
567,Honey mustard,,Kastmed ja maitsed,185,1.3,40.3,4.2,1.1,0,,,
563,Ketchup,,Kastmed ja maitsed,112,1.4,28,0.1,1,0,,,
575,Mirin,,Kastmed ja maitsed,226,0.5,45.8,0,0,0,,,
565,Mustard (Dijon),,Kastmed ja maitsed,66,3.7,5.3,4,3.3,0,,,
566,Mustard (whole grain),,Kastmed ja maitsed,142,7.6,8.3,8.4,7.6,0,,,
564,Mustard (yellow),,Kastmed ja maitsed,67,4.4,5.8,4.1,3.2,0,,,
569,Oyster sauce,,Kastmed ja maitsed,87,3.5,18.8,0.3,0.2,0,,,
574,Ponzu,,Kastmed ja maitsed,45,3,8.5,0.1,0,0,,,
15206,"Potato soup, instant, dry mix",,Kastmed ja maitsed,343,9.2,76.1,3.1,7.6,10,0.61,6,usda_sr_legacy
15201,"Sauce, alfredo mix, dry",,Kastmed ja maitsed,535,15.3,36.5,36.4,2,5.4,13.18,6.475,usda_sr_legacy
17945,"Sauce, barbecue",,Kastmed ja maitsed,172,0.8,40.8,0.6,0.9,33.2,0.05,2.568,usda_sr_legacy
15426,"Sauce, barbecue, BULL'S-EYE, original",,Kastmed ja maitsed,170,0.9,40,0.7,1,35.3,0.1,2.53,usda_sr_legacy
15427,"Sauce, barbecue, KC MASTERPIECE, original",,Kastmed ja maitsed,160,1,37.9,0.5,1.4,31,,1.533,usda_sr_legacy
17966,"Sauce, barbecue, KRAFT, original",,Kastmed ja maitsed,172,0.7,40.8,0.6,0.4,32.3,0.04,3.105,usda_sr_legacy
15428,"Sauce, barbecue, OPEN PIT, original",,Kastmed ja maitsed,132,0.4,29.5,1.4,0.5,23.5,,3.793,usda_sr_legacy
15425,"Sauce, barbecue, SWEET BABY RAY'S, original",,Kastmed ja maitsed,192,1,46.1,0.4,1.3,38.4,0.04,1.913,usda_sr_legacy
14855,"Sauce, cheese, ready-to-serve",,Kastmed ja maitsed,174,6.7,6.8,13.3,0.5,0.4,6.01,2.07,usda_sr_legacy
15182,"Sauce, cheese sauce mix, dry",,Kastmed ja maitsed,438,7.7,60.5,18.3,1,10.3,8.44,8.005,usda_sr_legacy
15203,"Sauce, chili, peppers, hot, immature green",,Kastmed ja maitsed,20,0.7,5,0.1,1.9,2.6,0.01,0.063,usda_sr_legacy
17489,"Sauce, cocktail, ready-to-serve",,Kastmed ja maitsed,128,1.4,28.2,1.1,1.8,11.8,0,3.155,usda_sr_legacy
15421,"Sauce, duck, ready-to-serve",,Kastmed ja maitsed,245,0.4,60.7,0.1,0.6,30.5,0.05,1.78,usda_sr_legacy
17496,"Sauce, enchilada, red, mild, ready to serve",,Kastmed ja maitsed,30,0.6,4.9,0.9,0.5,1.8,0.11,1.368,usda_sr_legacy
17953,"Sauce, fish, ready-to-serve",,Kastmed ja maitsed,35,5.1,3.6,0,0,3.6,0,19.628,usda_sr_legacy
16401,"Sauce, hoisin, ready-to-serve",,Kastmed ja maitsed,220,3.3,44.1,3.4,2.8,27.3,0.57,4.038,usda_sr_legacy
17947,"Sauce, homemade, white, medium",,Kastmed ja maitsed,147,3.8,9.2,10.6,0.2,4.4,2.85,0.885,usda_sr_legacy
17948,"Sauce, homemade, white, thick",,Kastmed ja maitsed,186,4,11.6,13.8,0.3,4,3.42,0.933,usda_sr_legacy
15431,"Sauce, horseradish",,Kastmed ja maitsed,503,1.1,10.1,50.9,1,9,8.23,1.825,usda_sr_legacy
14850,"Sauce, hot chile, sriracha",,Kastmed ja maitsed,93,1.9,19.2,0.9,2.2,15.1,,5.31,usda_sr_legacy
14851,"Sauce, hot chile, sriracha, CHA! BY TEXAS PETE",,Kastmed ja maitsed,108,2,22.7,1,2.1,15.7,,7.258,usda_sr_legacy
14852,"Sauce, hot chile, sriracha, TUONG OT SRIRACHA",,Kastmed ja maitsed,79,1.9,15.9,0.9,2.2,10.5,,3.85,usda_sr_legacy
17951,"Sauce, oyster, ready-to-serve",,Kastmed ja maitsed,51,1.4,10.9,0.3,0.3,0,0.04,6.833,usda_sr_legacy
14856,"Sauce, pasta, spaghetti/marinara, ready-to-serve",,Kastmed ja maitsed,50,1.4,7.4,1.6,1.8,4.9,0.22,1.093,usda_sr_legacy
15195,"Sauce, pasta, spaghetti/marinara, ready-to-serve, low sodium",,Kastmed ja maitsed,51,1.4,8.1,1.5,1.8,5.5,0.17,0.075,usda_sr_legacy
15173,"Sauce, peanut, made from coconut, water, sugar",,Kastmed ja maitsed,179,2,28.5,6.3,1.1,18.8,3.53,0.798,usda_sr_legacy
17492,"Sauce, peanut, made from peanut butter, water, soy sauce",,Kastmed ja maitsed,257,6.3,22,16,1.8,17.1,2.91,3.345,usda_sr_legacy
15202,"Sauce, peppers, hot, chili, mature red",,Kastmed ja maitsed,21,0.9,3.9,0.6,0.7,2.6,0.08,0.063,usda_sr_legacy
15179,"Sauce, pesto, BUITONI, pesto with basil, ready-to-serve",,Kastmed ja maitsed,418,9.8,10.1,37.6,1.8,6.3,7.07,1.508,usda_sr_legacy
15180,"Sauce, pesto, CLASSICO, basil pesto, ready-to-serve",,Kastmed ja maitsed,372,4.2,6.9,36.4,2.1,2.6,6.72,2.57,usda_sr_legacy
14849,"Sauce, pesto, MEZZETTA, NAPA VALLEY BISTRO, basil pesto",,Kastmed ja maitsed,496,6.7,5.1,49.9,1.3,1.3,8.01,2.243,usda_sr_legacy
15177,"Sauce, pesto, ready-to-serve, refrigerated",,Kastmed ja maitsed,418,9.8,10.1,37.6,1.8,6.3,7.07,1.508,usda_sr_legacy
15178,"Sauce, pesto, ready-to-serve, shelf stable",,Kastmed ja maitsed,426,5,6.1,42.4,1.7,1.9,7.36,2.495,usda_sr_legacy
16395,"Sauce, pizza, canned, ready-to-serve",,Kastmed ja maitsed,54,2.2,8.7,1.2,2,3.8,0.46,0.87,usda_sr_legacy
16394,"Sauce, plum, ready-to-serve",,Kastmed ja maitsed,184,0.9,42.8,1,0.7,,0.15,1.345,usda_sr_legacy
17949,"Sauce, ready-to-serve, pepper or hot",,Kastmed ja maitsed,11,0.5,1.8,0.4,0.3,1.3,0.05,6.608,usda_sr_legacy
17950,"Sauce, ready-to-serve, pepper, TABASCO",,Kastmed ja maitsed,12,1.3,0.8,0.8,0.6,0.1,0.11,1.583,usda_sr_legacy
17946,"Sauce, salsa, ready-to-serve",,Kastmed ja maitsed,29,1.5,6.6,0.2,1.9,4,0.02,1.778,usda_sr_legacy
15422,"Sauce, salsa, verde, ready-to-serve",,Kastmed ja maitsed,38,1.1,6.4,0.9,1.9,3.5,0,2.265,usda_sr_legacy
14838,"Sauce, sofrito",,Kastmed ja maitsed,237,12.8,5.5,18.2,1.7,,,2.863,usda_sr_legacy
15423,"Sauce, steak, tomato based",,Kastmed ja maitsed,95,1.3,22,0.2,1.5,9.8,0,4.118,usda_sr_legacy
17965,"Sauce, sweet and sour, prepared-from-recipe",,Kastmed ja maitsed,79,1.8,16.7,0.6,0.4,10.8,0.14,0.868,usda_sr_legacy
17488,"Sauce, sweet and sour, ready-to-serve",,Kastmed ja maitsed,154,0.3,38.2,0,0.1,18.8,0,1.348,usda_sr_legacy
15424,"Sauce, tartar, ready-to-serve",,Kastmed ja maitsed,211,1,13.3,16.7,0.5,4.3,3.33,1.668,usda_sr_legacy
14831,"Sauce, teriyaki, ready-to-serve",,Kastmed ja maitsed,89,5.9,15.6,0,0.1,14.1,0,9.583,usda_sr_legacy
16405,"Sauce, teriyaki, ready-to-serve, reduced sodium",,Kastmed ja maitsed,89,5.9,15.6,0,0.1,14.1,0,4.445,usda_sr_legacy
15193,"Sauce, tomato chili sauce, bottled, with salt",,Kastmed ja maitsed,92,2.5,19.8,0.3,2.4,13.3,0.05,3.345,usda_sr_legacy
17964,"Sauce, white, thin, prepared-from-recipe, with butter",,Kastmed ja maitsed,72,4,8.3,2.6,0.1,5.3,1.6,0.46,usda_sr_legacy
15208,"Sauce, worcestershire",,Kastmed ja maitsed,77,0,19.2,0,0,10,0,3.25,usda_sr_legacy
15175,"SMART SOUP, French Lentil",,Kastmed ja maitsed,53,2.9,9.5,1.1,2.9,2.6,0,0.328,usda_sr_legacy
15176,"SMART SOUP, Greek Minestrone",,Kastmed ja maitsed,40,1.7,8.4,0.5,2.7,2.7,0,0.345,usda_sr_legacy
14845,"SMART SOUP, Indian Bean Masala",,Kastmed ja maitsed,57,3.3,10.5,0.9,2.6,2.3,0.18,0.23,usda_sr_legacy
14846,"SMART SOUP, Moroccan Chick Pea",,Kastmed ja maitsed,51,2,9.7,1.1,3.1,4.2,0.18,0.37,usda_sr_legacy
15174,"SMART SOUP, Santa Fe Corn Chowder",,Kastmed ja maitsed,55,2,11.2,0.7,2,3.6,0,0.328,usda_sr_legacy
14847,"SMART SOUP, Thai Coconut Curry",,Kastmed ja maitsed,36,0.8,6.5,1.1,1,3.7,0.35,0.353,usda_sr_legacy
14848,"SMART SOUP, Vietnamese Carrot Lemongrass",,Kastmed ja maitsed,44,1.3,8.2,1.1,1.5,4.4,0.35,0.363,usda_sr_legacy
17956,"Split pea soup, canned, reduced sodium, prepared with water or ready-to serve",,Kastmed ja maitsed,71,3.9,11.8,0.9,1.9,5.1,0.3,0.415,usda_sr_legacy
17957,"Split pea with ham soup, canned, reduced sodium, prepared with water or ready-to-serve",,Kastmed ja maitsed,68,4,11.4,0.7,1.9,1.6,0.29,0.49,usda_sr_legacy
572,Sriracha,,Kastmed ja maitsed,93,1.9,20.3,0.8,0.4,0,,,
573,Tabasco,,Kastmed ja maitsed,12,0.4,2.5,0.3,0,0,,,
571,Teriyaki sauce,,Kastmed ja maitsed,89,5.9,16,0.2,0.1,0,,,
15429,Wasabi,,Kastmed ja maitsed,292,2.2,46.1,10.9,6.1,13.2,2.03,8.475,usda_sr_legacy
577,XO sauce,,Kastmed ja maitsed,260,10.5,9.3,20,1,0,,,
13620,"Bacon bits, meatless",,Kaunviljad,476,32,28.6,25.9,10.2,0,4.06,4.425,usda_sr_legacy
15954,"Bacon, meatless",,Kaunviljad,309,11.7,5.3,29.5,2.6,0,4.62,3.663,usda_sr_legacy
17211,"Beans, adzuki, mature seed, cooked, boiled",,Kaunviljad,128,7.5,24.8,0.1,7.3,,0.04,0.61,usda_sr_legacy
17151,"Beans, adzuki, mature seeds, canned, sweetened",,Kaunviljad,237,3.8,55,0,0,,0.01,0.545,usda_sr_legacy
17150,"Beans, adzuki, mature seeds, cooked, boiled",,Kaunviljad,128,7.5,24.8,0.1,7.3,,0.04,0.02,usda_sr_legacy
17149,"Beans, adzuki, mature seeds, raw",,Kaunviljad,329,19.9,62.9,0.5,12.7,,0.19,0.013,usda_sr_legacy
11961,"Beans, baked, canned, no salt added",,Kaunviljad,105,4.8,20.5,0.4,5.5,7.8,0.1,0.003,usda_sr_legacy
18598,"Beans, baked, canned, plain or vegetarian",,Kaunviljad,94,4.8,21.1,0.4,4.1,8,0.07,0.858,usda_sr_legacy
18599,"Beans, baked, canned, with beef",,Kaunviljad,121,6.4,16.9,3.5,0,,1.68,1.188,usda_sr_legacy
18600,"Beans, baked, canned, with franks",,Kaunviljad,142,6.8,15.4,6.6,6.9,6.5,2.35,1.075,usda_sr_legacy
18601,"Beans, baked, canned, with pork",,Kaunviljad,106,5.2,20,1.6,5.5,,0.6,1.035,usda_sr_legacy
17154,"Beans, baked, canned, with pork and sweet sauce",,Kaunviljad,105,4.5,21.6,0.9,4.4,8.2,0.23,0.978,usda_sr_legacy
17155,"Beans, baked, canned, with pork and tomato sauce",,Kaunviljad,94,5.2,18.7,0.9,4,5.7,0.29,1.093,usda_sr_legacy
17153,"Beans, baked, home prepared",,Kaunviljad,155,5.5,21.6,5.2,5.5,,1.95,1.055,usda_sr_legacy
18654,"Beans, black, mature seeds, canned, low sodium",,Kaunviljad,91,6,16.6,0.3,6.9,0.2,0.08,0.345,usda_sr_legacy
17157,"Beans, black, mature seeds, cooked, boiled",,Kaunviljad,132,8.9,23.7,0.5,8.7,0.3,0.14,0.003,usda_sr_legacy
18653,"Beans, black, mature seeds, cooked, boiled",,Kaunviljad,132,8.9,23.7,0.5,8.7,0.3,0.14,0.593,usda_sr_legacy
17156,"Beans, black, mature seeds, raw",,Kaunviljad,341,21.6,62.4,1.4,15.5,2.1,0.37,0.013,usda_sr_legacy
18604,"Beans, black turtle, mature seeds, canned",,Kaunviljad,91,6,16.6,0.3,6.9,0.2,0.08,0.96,usda_sr_legacy
18655,"Beans, black turtle, mature seeds, cooked, boiled",,Kaunviljad,130,8.2,24.4,0.4,8.3,0.3,0.09,0.598,usda_sr_legacy
18603,"Beans, black turtle, mature seeds, cooked, boiled",,Kaunviljad,130,8.2,24.4,0.4,8.3,0.3,0.09,0.008,usda_sr_legacy
18602,"Beans, black turtle, mature seeds, raw",,Kaunviljad,339,21.3,63.3,0.9,15.5,2.1,0.23,0.023,usda_sr_legacy
12845,"Beans, chili, barbecue, ranch style, cooked",,Kaunviljad,97,5,16.9,1,4.2,5.3,0.15,1.813,usda_sr_legacy
17159,"Beans, cranberry (roman), mature seeds, canned",,Kaunviljad,83,5.5,15.1,0.3,6.3,,0.07,0.83,usda_sr_legacy
18656,"Beans, cranberry (roman), mature seeds, cooked, boiled",,Kaunviljad,136,9.3,24.5,0.5,8.6,,0.12,0.593,usda_sr_legacy
17158,"Beans, cranberry (roman), mature seeds, cooked, boiled",,Kaunviljad,136,9.3,24.5,0.5,8.6,,0.12,0.003,usda_sr_legacy
18605,"Beans, cranberry (roman), mature seeds, raw",,Kaunviljad,335,23,60.1,1.2,24.7,,0.32,0.015,usda_sr_legacy
18657,"Beans, french, mature seeds, cooked, boiled",,Kaunviljad,129,7.1,24,0.8,9.4,,0.08,0.605,usda_sr_legacy
17161,"Beans, french, mature seeds, cooked, boiled",,Kaunviljad,129,7.1,24,0.8,9.4,,0.08,0.015,usda_sr_legacy
17160,"Beans, french, mature seeds, raw",,Kaunviljad,343,18.8,64.1,2,25.2,,0.22,0.045,usda_sr_legacy
18608,"Beans, great northern, mature seeds, canned",,Kaunviljad,114,7.4,21,0.4,4.9,1.4,0.12,0.925,usda_sr_legacy
17213,"Beans, great northern, mature seeds, canned, low sodium",,Kaunviljad,114,7.4,21,0.4,4.9,1.4,0.12,0.443,usda_sr_legacy
18607,"Beans, great northern, mature seeds, cooked, boiled",,Kaunviljad,118,8.3,21.1,0.5,7,,0.14,0.005,usda_sr_legacy
17212,"Beans, great northern, mature seeds, cooked, boiled",,Kaunviljad,118,8.3,21.1,0.5,7,,0.14,0.595,usda_sr_legacy
18606,"Beans, great northern, mature seeds, raw",,Kaunviljad,339,21.9,62.4,1.1,20.2,2.3,0.36,0.035,usda_sr_legacy
17163,"Beans, kidney, all types, mature seeds, canned",,Kaunviljad,84,5.2,14.5,0.6,4.3,1.9,0.14,0.74,usda_sr_legacy
17214,"Beans, kidney, all types, mature seeds, cooked",,Kaunviljad,127,8.7,22.8,0.5,6.4,0.3,0.07,0.595,usda_sr_legacy
17162,"Beans, kidney, all types, mature seeds, cooked",,Kaunviljad,127,8.7,22.8,0.5,6.4,0.3,0.07,0.003,usda_sr_legacy
18609,"Beans, kidney, all types, mature seeds, raw",,Kaunviljad,333,23.6,60,0.8,24.9,2.2,0.12,0.06,usda_sr_legacy
17215,"Beans, kidney, california red, mature seeds, cooked",,Kaunviljad,124,9.1,22.4,0.1,9.3,,0.01,0.6,usda_sr_legacy
17165,"Beans, kidney, california red, mature seeds, cooked",,Kaunviljad,124,9.1,22.4,0.1,9.3,,0.01,0.01,usda_sr_legacy
17164,"Beans, kidney, california red, mature seeds, raw",,Kaunviljad,330,24.4,59.8,0.3,24.9,,0.04,0.028,usda_sr_legacy
17707,"Beans, kidney, red, mature seeds, canned",,Kaunviljad,124,8,21.5,1.1,5.5,3.8,0.18,0.578,usda_sr_legacy
18661,"Beans, kidney, red, mature seeds, canned",,Kaunviljad,81,5.2,14.8,0.4,5.3,1.9,0.13,0.293,usda_sr_legacy
18659,"Beans, kidney, red, mature seeds, canned",,Kaunviljad,121,8.1,20.8,0.9,6,,0.33,0.52,usda_sr_legacy
18611,"Beans, kidney, red, mature seeds, canned",,Kaunviljad,81,5.2,14.8,0.4,4.3,1.9,0.13,0.64,usda_sr_legacy
18610,"Beans, kidney, red, mature seeds, cooked",,Kaunviljad,127,8.7,22.8,0.5,7.4,0.3,0.07,0.005,usda_sr_legacy
18658,"Beans, kidney, red, mature seeds, cooked",,Kaunviljad,127,8.7,22.8,0.5,7.4,0.3,0.07,0.595,usda_sr_legacy
17166,"Beans, kidney, red, mature seeds, raw",,Kaunviljad,337,22.5,61.3,1.1,15.2,2.1,0.15,0.03,usda_sr_legacy
18613,"Beans, kidney, royal red, mature seeds, cooked",,Kaunviljad,123,9.5,21.9,0.2,9.3,,0.02,0.013,usda_sr_legacy
18660,"Beans, kidney, royal red, mature seeds, cooked",,Kaunviljad,123,9.5,21.9,0.2,9.3,,0.02,0.603,usda_sr_legacy
18612,"Beans, kidney, royal red, mature seeds, raw",,Kaunviljad,329,25.3,58.3,0.5,24.9,,0.07,0.033,usda_sr_legacy
13612,"Beans, liquid from stewed kidney beans",,Kaunviljad,47,1.8,2.8,3.2,0.1,0,1.17,0.005,usda_sr_legacy
17169,"Beans, navy, mature seeds, canned",,Kaunviljad,113,7.5,20.5,0.4,5.1,0.3,0.11,0.84,usda_sr_legacy
17216,"Beans, navy, mature seeds, cooked, boiled",,Kaunviljad,140,8.2,26.1,0.6,10.5,0.4,0.03,0.593,usda_sr_legacy
17168,"Beans, navy, mature seeds, cooked, boiled",,Kaunviljad,140,8.2,26.1,0.6,10.5,0.4,0.1,0,usda_sr_legacy
17167,"Beans, navy, mature seeds, raw",,Kaunviljad,337,22.3,60.8,1.5,15.3,3.9,0.17,0.013,usda_sr_legacy
17217,"Beans, pink, mature seeds, cooked, boiled",,Kaunviljad,149,9.1,27.9,0.5,5.3,0.4,0.13,0.595,usda_sr_legacy
18614,"Beans, pink, mature seeds, cooked, boiled",,Kaunviljad,149,9.1,27.9,0.5,5.3,0.4,0.13,0.005,usda_sr_legacy
17170,"Beans, pink, mature seeds, raw",,Kaunviljad,343,21,64.2,1.1,12.7,2.1,0.29,0.02,usda_sr_legacy
17708,"Beans, pinto, canned, drained solids",,Kaunviljad,114,7,20.2,0.9,5.5,0.5,0.16,0.598,usda_sr_legacy
17219,"Beans, pinto, mature seeds, canned, drained solids",,Kaunviljad,117,7,20.8,1,0,,,0.53,usda_sr_legacy
18663,"Beans, pinto, mature seeds, canned, solids and liquids",,Kaunviljad,82,4.6,15.2,0.6,4.6,1,0.12,0.365,usda_sr_legacy
18617,"Beans, pinto, mature seeds, canned, solids and liquids",,Kaunviljad,82,4.6,15.2,0.6,4.6,1,0.12,0.67,usda_sr_legacy
18616,"Beans, pinto, mature seeds, cooked, boiled",,Kaunviljad,143,9,26.2,0.7,9,0.3,0.14,0.003,usda_sr_legacy
17218,"Beans, pinto, mature seeds, cooked, boiled",,Kaunviljad,143,9,26.2,0.7,9,0.3,0.11,0.595,usda_sr_legacy
18615,"Beans, pinto, mature seeds, raw",,Kaunviljad,347,21.4,62.6,1.2,15.5,2.1,0.24,0.03,usda_sr_legacy
17172,"Beans, small white, mature seeds, cooked, boiled",,Kaunviljad,142,9,25.8,0.6,10.4,,0.17,0.005,usda_sr_legacy
18662,"Beans, small white, mature seeds, cooked, boiled",,Kaunviljad,142,9,25.8,0.6,10.4,,0.17,0.595,usda_sr_legacy
17171,"Beans, small white, mature seeds, raw",,Kaunviljad,336,21.1,62.3,1.2,24.9,,0.3,0.03,usda_sr_legacy
18620,"Beans, white, mature seeds, canned",,Kaunviljad,114,7.3,21.2,0.3,4.8,0.3,0.07,0.85,usda_sr_legacy
18665,"Beans, white, mature seeds, cooked, boiled",,Kaunviljad,139,9.7,25.1,0.4,6.3,0.3,0.09,0.605,usda_sr_legacy
18619,"Beans, white, mature seeds, cooked, boiled",,Kaunviljad,139,9.7,25.1,0.4,6.3,0.3,0.09,0.015,usda_sr_legacy
18618,"Beans, white, mature seeds, raw",,Kaunviljad,333,23.4,60.3,0.9,15.2,2.1,0.22,0.04,usda_sr_legacy
18664,"Beans, yellow, mature seeds, cooked, boiled",,Kaunviljad,144,9.2,25.3,1.1,10.4,0.3,0.28,0.603,usda_sr_legacy
17174,"Beans, yellow, mature seeds, cooked, boiled",,Kaunviljad,144,9.2,25.3,1.1,10.4,0.3,0.28,0.013,usda_sr_legacy
17173,"Beans, yellow, mature seeds, raw",,Kaunviljad,345,22,60.7,2.6,25.1,,0.67,0.03,usda_sr_legacy
484,Black beans (boiled),,Kaunviljad,132,8.9,23.7,0.5,8.7,0,,,
17176,"Broadbeans (fava beans), mature seeds, canned",,Kaunviljad,71,5.5,12.4,0.2,3.7,,0.04,1.133,usda_sr_legacy
17175,"Broadbeans (fava beans), mature seeds, cooked, boiled, without salt",,Kaunviljad,110,7.6,19.7,0.4,5.4,1.8,0.07,0.013,usda_sr_legacy
17220,"Broadbeans (fava beans), mature seeds, cooked, boiled, with salt",,Kaunviljad,110,7.6,19.7,0.4,5.4,1.8,0.07,0.603,usda_sr_legacy
18621,"Broadbeans (fava beans), mature seeds, raw",,Kaunviljad,341,26.1,58.3,1.5,25,5.7,0.25,0.033,usda_sr_legacy
17177,Carob flour,,Kaunviljad,222,4.6,88.9,0.7,39.8,49.1,0.09,0.088,usda_sr_legacy
13613,"Chicken, meatless",,Kaunviljad,224,23.6,3.6,12.7,3.6,0,1.53,1.773,usda_sr_legacy
11607,"Chicken, meatless, breaded, fried",,Kaunviljad,234,21.3,8.5,12.8,4.3,0,1.13,1,usda_sr_legacy
17710,Chickpea flour (besan),,Kaunviljad,387,22.4,57.8,6.7,10.8,10.9,0.69,0.16,usda_sr_legacy
480,Chickpeas (boiled),,Kaunviljad,164,8.9,27.4,2.6,7.6,0,,,
481,Chickpeas (canned),,Kaunviljad,139,7.5,22.5,2,6,0,,,
483,Chickpeas (dry),,Kaunviljad,364,19.3,60.7,6,17.4,0,,,
17223,"Chickpeas (garbanzo beans, bengal gram), mature seeds, canned, drained",,Kaunviljad,138,7,22.9,2.5,6.3,4,0.21,0.53,usda_sr_legacy
17222,"Chickpeas (garbanzo beans, bengal gram), mature seeds, canned, drained solids",,Kaunviljad,139,7.1,22.5,2.8,6.4,4,0.21,0.615,usda_sr_legacy
18622,"Chickpeas (garbanzo beans, bengal gram), mature seeds, canned, solids and liquids",,Kaunviljad,88,4.9,13.5,2,4.4,,0.2,0.695,usda_sr_legacy
18666,"Chickpeas (garbanzo beans, bengal gram), mature seeds, canned, solids and liquids",,Kaunviljad,88,4.9,13.5,2,4.4,2.6,0.2,0.33,usda_sr_legacy
17221,"Chickpeas (garbanzo beans, bengal gram), mature seeds, cooked, boiled",,Kaunviljad,164,8.9,27.4,2.6,7.6,4.8,0.27,0.608,usda_sr_legacy
17179,"Chickpeas (garbanzo beans, bengal gram), mature seeds, cooked, boiled",,Kaunviljad,164,8.9,27.4,2.6,7.6,4.8,0.27,0.018,usda_sr_legacy
17178,"Chickpeas (garbanzo beans, bengal gram), mature seeds, raw",,Kaunviljad,378,20.5,63,6,12.2,10.7,0.6,0.06,usda_sr_legacy
18623,"Chili with beans, canned",,Kaunviljad,103,6.1,13.2,3.8,3.3,1.7,1.13,1.058,usda_sr_legacy
18667,"Cowpeas, catjang, mature seeds, cooked, boiled",,Kaunviljad,117,8.1,20.3,0.7,3.6,,0.19,0.638,usda_sr_legacy
18625,"Cowpeas, catjang, mature seeds, cooked, boiled",,Kaunviljad,117,8.1,20.3,0.7,3.6,,0.19,0.048,usda_sr_legacy
18624,"Cowpeas, catjang, mature seeds, raw",,Kaunviljad,343,23.9,59.6,2.1,10.7,,0.54,0.145,usda_sr_legacy
17182,"Cowpeas, common (blackeyes, crowder, southern), mature seeds",,Kaunviljad,77,4.7,13.6,0.6,3.3,,0.14,0.733,usda_sr_legacy
18668,"Cowpeas, common (blackeyes, crowder, southern), mature seeds",,Kaunviljad,116,7.7,20.8,0.5,6.5,3.3,0.14,0.6,usda_sr_legacy
17183,"Cowpeas, common (blackeyes, crowder, southern), mature seeds",,Kaunviljad,83,2.7,16.5,1.6,3.3,,0.61,0.875,usda_sr_legacy
17181,"Cowpeas, common (blackeyes, crowder, southern), mature seeds",,Kaunviljad,116,7.7,20.8,0.5,6.5,3.3,0.14,0.01,usda_sr_legacy
17180,"Cowpeas, common (blackeyes, crowder, southern), mature seeds",,Kaunviljad,336,23.5,60,1.3,10.6,6.9,0.33,0.04,usda_sr_legacy
15970,"Falafel, home-prepared",,Kaunviljad,333,13.3,31.8,17.8,0,,2.38,0.735,usda_sr_legacy
13614,"Frankfurter, meatless",,Kaunviljad,233,19.6,7.7,13.7,3.9,0,1.65,1.178,usda_sr_legacy
15981,"Frijoles rojos volteados (Refried beans, red, canned)",,Kaunviljad,144,5,15.5,6.9,4.7,,0.93,0.938,usda_sr_legacy
17210,HOUSE FOODS Premium Firm Tofu,,Kaunviljad,85,10.9,1,4.2,0.9,0.4,0.71,0.083,usda_sr_legacy
17209,HOUSE FOODS Premium Soft Tofu,,Kaunviljad,59,6.4,2.2,2.7,0.8,0.5,0.48,0.085,usda_sr_legacy
17711,"Hummus, commercial",,Kaunviljad,237,7.8,15,17.8,5.5,0.6,2.56,1.065,usda_sr_legacy
15969,"Hummus, home prepared",,Kaunviljad,177,4.9,20.1,8.6,4,0.3,1.14,0.605,usda_sr_legacy
18627,"Hyacinth beans, mature seeds, cooked, boiled, without salt",,Kaunviljad,117,8.1,20.7,0.6,0,,0.1,0.018,usda_sr_legacy
18669,"Hyacinth beans, mature seeds, cooked, boiled, with salt",,Kaunviljad,117,8.1,20.7,0.6,0,,0.1,0.608,usda_sr_legacy
18626,"Hyacinth beans, mature seeds, raw",,Kaunviljad,344,23.9,60.7,1.7,25.6,,0.29,0.053,usda_sr_legacy
477,"Lentil (black / beluga, boiled)",,Kaunviljad,116,9,20.1,0.4,7.9,0,,,
476,"Lentil (brown, boiled)",,Kaunviljad,116,9,20.1,0.4,7.9,0,,,
478,"Lentil (French / Puy, boiled)",,Kaunviljad,116,9,20.1,0.4,7.9,0,,,
474,"Lentil (green, boiled)",,Kaunviljad,116,9,20.1,0.4,7.9,0,,,
475,"Lentil (red, boiled)",,Kaunviljad,116,9,20.1,0.4,7.9,0,,,
479,"Lentil (red, dry)",,Kaunviljad,353,25.8,63.4,1.1,10.8,0,,,
15936,"Lentils, mature seeds, cooked, boiled, without salt",,Kaunviljad,116,9,20.1,0.4,7.9,1.8,0.05,0.005,usda_sr_legacy
18670,"Lentils, mature seeds, cooked, boiled, with salt",,Kaunviljad,114,9,19.5,0.4,7.9,1.8,0.05,0.595,usda_sr_legacy
17706,"Lentils, pink or red, raw",,Kaunviljad,358,23.9,63.1,2.2,10.8,,0.38,0.018,usda_sr_legacy
15935,"Lentils, raw",,Kaunviljad,352,24.6,63.4,1.1,10.7,2,0.15,0.015,usda_sr_legacy
17676,"Lima beans, large, mature seeds, canned",,Kaunviljad,79,4.9,14.9,0.2,4.8,,0.04,0.84,usda_sr_legacy
17224,"Lima beans, large, mature seeds, cooked, boiled",,Kaunviljad,115,7.8,20.9,0.4,7,2.9,0.09,0.595,usda_sr_legacy
17675,"Lima beans, large, mature seeds, cooked, boiled",,Kaunviljad,115,7.8,20.9,0.4,7,2.9,0.09,0.005,usda_sr_legacy
17674,"Lima beans, large, mature seeds, raw",,Kaunviljad,338,21.5,63.4,0.7,19,8.5,0.16,0.045,usda_sr_legacy
17225,"Lima beans, thin seeded (baby), mature seeds, cooked, boiled",,Kaunviljad,126,8,23.3,0.4,7.7,,0.09,0.598,usda_sr_legacy
15937,"Lima beans, thin seeded (baby), mature seeds, cooked, boiled",,Kaunviljad,126,8,23.3,0.4,7.7,,0.09,0.008,usda_sr_legacy
17677,"Lima beans, thin seeded (baby), mature seeds, raw",,Kaunviljad,335,20.6,62.8,0.9,20.6,8.3,0.22,0.033,usda_sr_legacy
12846,"Luncheon slices, meatless",,Kaunviljad,189,17.8,4.4,11.1,1.1,2.2,1.34,1.778,usda_sr_legacy
15939,"Lupins, mature seeds, cooked, boiled, without salt",,Kaunviljad,119,15.6,9.9,2.9,2.8,,0.35,0.01,usda_sr_legacy
17226,"Lupins, mature seeds, cooked, boiled, with salt",,Kaunviljad,116,15.6,9.3,2.9,2.8,,0.35,0.6,usda_sr_legacy
15938,"Lupins, mature seeds, raw",,Kaunviljad,371,36.2,40.4,9.7,18.9,,1.16,0.038,usda_sr_legacy
12847,"Meatballs, meatless",,Kaunviljad,197,21,8,9,4.6,1.3,1.43,1.375,usda_sr_legacy
17690,Meat extender,,Kaunviljad,311,41.7,34.7,3,17.5,,0.42,0.025,usda_sr_legacy
15957,Miso,,Kaunviljad,198,12.8,25.4,6,5.4,6.2,1.03,9.32,usda_sr_legacy
15977,"MORI-NU, Tofu, silken, extra firm",,Kaunviljad,55,7.4,2,1.9,0.1,1,0.3,0.158,usda_sr_legacy
15976,"MORI-NU, Tofu, silken, firm",,Kaunviljad,62,6.9,2.4,2.7,0.1,1.3,0.41,0.09,usda_sr_legacy
15979,"MORI-NU, Tofu, silken, lite extra firm",,Kaunviljad,38,7,1,0.7,0,0.4,0.12,0.245,usda_sr_legacy
15978,"MORI-NU, Tofu, silken, lite firm",,Kaunviljad,37,6.3,1.1,0.8,0,0.5,0.13,0.213,usda_sr_legacy
17714,"MORI-NU, Tofu, silken, soft",,Kaunviljad,55,4.8,2.9,2.7,0.1,1.3,0.36,0.013,usda_sr_legacy
15941,"Mothbeans, mature seeds, cooked, boiled, without salt",,Kaunviljad,117,7.8,21,0.6,0,,0.12,0.025,usda_sr_legacy
17227,"Mothbeans, mature seeds, cooked, boiled, with salt",,Kaunviljad,117,7.8,21,0.6,0,,0.12,0.615,usda_sr_legacy
15940,"Mothbeans, mature seeds, raw",,Kaunviljad,343,22.9,61.5,1.6,0,,0.36,0.075,usda_sr_legacy
17679,"Mung beans, mature seeds, cooked, boiled, without salt",,Kaunviljad,105,7,19.2,0.4,7.6,2,0.12,0.005,usda_sr_legacy
18671,"Mung beans, mature seeds, cooked, boiled, with salt",,Kaunviljad,105,7,19.2,0.4,7.6,2,0.12,0.595,usda_sr_legacy
17678,"Mung beans, mature seeds, raw",,Kaunviljad,347,23.9,62.6,1.2,16.3,6.6,0.35,0.038,usda_sr_legacy
15942,"Mungo beans, mature seeds, cooked, boiled, without salt",,Kaunviljad,105,7.5,18.3,0.6,6.4,2,0.04,0.018,usda_sr_legacy
18672,"Mungo beans, mature seeds, cooked, boiled, with salt",,Kaunviljad,105,7.5,18.3,0.6,6.4,2,0.04,0.608,usda_sr_legacy
17681,"Mungo beans, mature seeds, raw",,Kaunviljad,341,25.2,59,1.6,18.3,,0.11,0.095,usda_sr_legacy
15958,Natto,,Kaunviljad,211,19.4,12.7,11,5.4,4.9,1.59,0.018,usda_sr_legacy
17680,"Noodles, chinese, cellophane or long rice (mung beans), dehydrated",,Kaunviljad,351,0.2,86.1,0.1,0.5,0,0.02,0.025,usda_sr_legacy
15967,Okara,,Kaunviljad,76,3.5,12.2,1.7,0,,0.19,0.023,usda_sr_legacy
11940,Papad,,Kaunviljad,371,25.6,59.9,3.3,18.6,0,1.08,4.363,usda_sr_legacy
15984,"Peanut butter, chunk style, without salt",,Kaunviljad,589,24.1,21.6,49.9,8,8.4,7.61,0.043,usda_sr_legacy
17687,"Peanut butter, chunk style, with salt",,Kaunviljad,589,24.1,21.6,49.9,8,8.4,7.61,1.215,usda_sr_legacy
15975,"Peanut butter, chunky, vitamin and mineral fortified",,Kaunviljad,593,26.1,17.7,51.5,5.7,10.9,7.97,0.915,usda_sr_legacy
13601,"Peanut butter, reduced sodium",,Kaunviljad,590,24,21.8,49.9,6.6,9.3,7.72,0.508,usda_sr_legacy
17716,"Peanut Butter, smooth",,Kaunviljad,588,21.9,24,49.5,5.7,6.5,9.52,1.19,usda_sr_legacy
15973,"Peanut butter, smooth, reduced fat",,Kaunviljad,520,25.9,35.7,34,5.2,9.3,5.76,1.35,usda_sr_legacy
15985,"Peanut butter, smooth style, without salt",,Kaunviljad,598,22.2,22.3,51.4,5,10.5,10.33,0.043,usda_sr_legacy
17688,"Peanut butter, smooth style, with salt",,Kaunviljad,598,22.2,22.3,51.4,5,10.5,10.33,1.065,usda_sr_legacy
15974,"Peanut butter, smooth, vitamin and mineral fortified",,Kaunviljad,591,25.7,18.8,50.8,5.6,10.5,10.13,1.05,usda_sr_legacy
15986,"Peanut butter with omega-3, creamy",,Kaunviljad,608,24.5,17,54.2,6.1,3.1,9.69,0.89,usda_sr_legacy
17689,"Peanut flour, defatted",,Kaunviljad,327,52.2,34.7,0.6,15.8,8.2,0.06,0.45,usda_sr_legacy
15950,"Peanut flour, low fat",,Kaunviljad,428,33.8,31.3,21.9,15.8,,3.04,0.003,usda_sr_legacy
17682,"Peanuts, all types, cooked, boiled, with salt",,Kaunviljad,318,13.5,21.3,22,8.8,2.5,3.06,1.878,usda_sr_legacy
17228,"Peanuts, all types, dry-roasted, without salt",,Kaunviljad,587,24.4,21.3,49.7,8.4,4.9,7.72,0.015,usda_sr_legacy
17684,"Peanuts, all types, dry-roasted, with salt",,Kaunviljad,587,24.4,21.3,49.7,8.4,4.9,7.72,1.025,usda_sr_legacy
18674,"Peanuts, all types, oil-roasted, without salt",,Kaunviljad,599,28,15.3,52.5,9.4,4.2,8.69,0.015,usda_sr_legacy
17683,"Peanuts, all types, oil-roasted, with salt",,Kaunviljad,599,28,15.3,52.5,9.4,4.2,8.66,0.8,usda_sr_legacy
15945,"Peanuts, all types, raw",,Kaunviljad,567,25.8,16.1,49.2,8.5,4.7,6.28,0.045,usda_sr_legacy
15972,"Peanut spread, reduced sugar",,Kaunviljad,650,24.8,14.2,54.9,7.8,6.4,10.22,0.73,usda_sr_legacy
17229,"Peanuts, spanish, oil-roasted, without salt",,Kaunviljad,579,28,17.5,49,8.9,,7.56,0.015,usda_sr_legacy
15946,"Peanuts, spanish, oil-roasted, with salt",,Kaunviljad,579,28,17.5,49,8.9,,7.56,1.083,usda_sr_legacy
17685,"Peanuts, spanish, raw",,Kaunviljad,570,26.2,15.8,49.6,9.5,,7.1,0.055,usda_sr_legacy
17230,"Peanuts, valencia, oil-roasted, without salt",,Kaunviljad,589,27,16.3,51.2,8.9,,7.89,0.015,usda_sr_legacy
15948,"Peanuts, valencia, oil-roasted, with salt",,Kaunviljad,589,27,16.3,51.2,8.9,,7.89,1.93,usda_sr_legacy
15947,"Peanuts, valencia, raw",,Kaunviljad,570,25.1,20.9,47.6,8.7,,7.33,0.003,usda_sr_legacy
17231,"Peanuts, virginia, oil-roasted, without salt",,Kaunviljad,578,25.9,19.9,48.6,8.9,,6.35,0.015,usda_sr_legacy
17686,"Peanuts, virginia, oil-roasted, with salt",,Kaunviljad,578,25.9,19.9,48.6,8.9,,6.35,1.083,usda_sr_legacy
15949,"Peanuts, virginia, raw",,Kaunviljad,563,25.2,16.5,48.8,8.5,4,6.43,0.025,usda_sr_legacy
15943,"Peas, green, split, mature seeds, raw",,Kaunviljad,364,23.1,61.6,3.9,22.2,3.1,0.41,0.013,usda_sr_legacy
15944,"Peas, split, mature seeds, cooked, boiled",,Kaunviljad,118,8.3,21.1,0.4,8.3,2.9,0.05,0.005,usda_sr_legacy
18673,"Peas, split, mature seeds, cooked, boiled",,Kaunviljad,116,8.3,20.5,0.4,8.3,2.9,0.05,0.595,usda_sr_legacy
15952,"Pigeon peas (red gram), mature seeds, cooked, boiled, without salt",,Kaunviljad,121,6.8,23.3,0.4,6.7,,0.08,0.013,usda_sr_legacy
15987,"Pigeon peas (red gram), mature seeds, cooked, boiled, with salt",,Kaunviljad,121,6.8,23.3,0.4,6.7,,0.08,0.603,usda_sr_legacy
15951,"Pigeon peas (red gram), mature seeds, raw",,Kaunviljad,343,21.7,62.8,1.5,15,,0.33,0.043,usda_sr_legacy
485,Red kidney beans (boiled),,Kaunviljad,127,8.7,22.8,0.5,7.4,0,,,
15980,"Refried beans, canned, fat-free",,Kaunviljad,79,5.3,13.5,0.5,4.7,0.6,0.09,0.875,usda_sr_legacy
17720,"Refried beans, canned, traditional, reduced sodium",,Kaunviljad,89,5,13.6,2,3.7,0.5,0.63,0.345,usda_sr_legacy
15953,"Refried beans, canned, traditional style",,Kaunviljad,90,5,13.6,2,3.7,0.5,0.63,0.925,usda_sr_legacy
17718,"Refried beans, canned, vegetarian",,Kaunviljad,83,5.3,13.5,0.9,4.7,0.6,0.14,1.075,usda_sr_legacy
482,Roasted chickpeas,,Kaunviljad,364,19.3,46.2,9.8,10,0,,,
12849,"Sandwich spread, meatless",,Kaunviljad,149,8,9,9,3.3,1.9,1.43,1.575,usda_sr_legacy
17691,"Sausage, meatless",,Kaunviljad,255,20.3,8.1,18.2,2.8,0,2.93,2.22,usda_sr_legacy
18646,SILK Banana-Strawberry soy yogurt,,Kaunviljad,88,2.4,17.1,1.2,0.6,10.6,0,0.038,usda_sr_legacy
17202,SILK Black Cherry soy yogurt,,Kaunviljad,88,2.4,17.1,1.2,0.6,11.8,0,0.03,usda_sr_legacy
17203,SILK Blueberry soy yogurt,,Kaunviljad,88,2.4,17.1,1.2,0.6,12.4,0,0.038,usda_sr_legacy
17198,"SILK Chai, soymilk",,Kaunviljad,53,2.5,7.8,1.4,0,5.8,0.21,0.103,usda_sr_legacy
17192,"SILK Chocolate, soymilk",,Kaunviljad,58,2.1,9.5,1.4,0.8,7.8,0.21,0.103,usda_sr_legacy
18640,"SILK Coffee, soymilk",,Kaunviljad,62,2.1,10.3,1.4,0,9.5,0.21,0.103,usda_sr_legacy
18648,SILK French Vanilla Creamer,,Kaunviljad,133,0,20,6.7,0,20,0,0.168,usda_sr_legacy
17204,SILK Hazelnut Creamer,,Kaunviljad,133,0,20,6.7,0,20,0,0.168,usda_sr_legacy
18645,SILK Key Lime soy yogurt,,Kaunviljad,88,2.4,17.7,1.2,0.6,12.4,0,0.038,usda_sr_legacy
17195,"SILK Light Chocolate, soymilk",,Kaunviljad,49,2.1,9.1,0.6,0.8,7.8,0,0.103,usda_sr_legacy
17193,"SILK Light Plain, soymilk",,Kaunviljad,29,2.5,3.3,0.8,0.4,2.5,0,0.123,usda_sr_legacy
17194,"SILK Light Vanilla, soymilk",,Kaunviljad,33,2.5,4.1,0.8,0.4,2.9,0,0.098,usda_sr_legacy
17199,"SILK Mocha, soymilk",,Kaunviljad,58,2.1,9.1,1.4,0,7.4,0.21,0.103,usda_sr_legacy
17197,"SILK Nog, soymilk",,Kaunviljad,74,2.5,12.3,1.6,0,9.8,0,0.153,usda_sr_legacy
18647,SILK Original Creamer,,Kaunviljad,100,0,6.7,6.7,0,0,0,0.168,usda_sr_legacy
17201,SILK Peach soy yogurt,,Kaunviljad,94,2.4,18.8,1.2,0.6,14.7,0,0.038,usda_sr_legacy
18634,"SILK Plain, soymilk",,Kaunviljad,41,2.9,3.3,1.7,0.4,2.5,0.21,0.123,usda_sr_legacy
18643,SILK Plain soy yogurt,,Kaunviljad,66,2.6,9.7,1.8,0.4,5.3,0.22,0.033,usda_sr_legacy
18638,"SILK Plus Fiber, soymilk",,Kaunviljad,41,2.5,5.8,1.4,2.1,2.9,0.21,0.098,usda_sr_legacy
18637,"SILK Plus for Bone Health, soymilk",,Kaunviljad,41,2.5,4.5,1.4,0.8,2.9,0.21,0.098,usda_sr_legacy
18636,"SILK Plus Omega-3 DHA, soymilk",,Kaunviljad,45,2.9,3.3,2.1,0.4,2.5,0.21,0.123,usda_sr_legacy
17200,SILK Raspberry soy yogurt,,Kaunviljad,88,2.4,17.7,1.2,0.6,12.9,0,0.038,usda_sr_legacy
18644,SILK Strawberry soy yogurt,,Kaunviljad,94,2.4,18.2,1.2,0.6,12.9,0,0.038,usda_sr_legacy
18639,"SILK Unsweetened, soymilk",,Kaunviljad,33,2.9,1.7,1.7,0.4,0.4,0.21,0.088,usda_sr_legacy
18635,"SILK Vanilla, soymilk",,Kaunviljad,41,2.5,4.1,1.4,0.4,2.9,0.21,0.098,usda_sr_legacy
18641,SILK Vanilla soy yogurt (family size),,Kaunviljad,79,2.6,13.7,1.8,0.4,10.6,0.22,0.033,usda_sr_legacy
18642,SILK Vanilla soy yogurt (single serving size),,Kaunviljad,88,2.9,14.7,1.8,0.6,10.6,0,0.03,usda_sr_legacy
17196,"SILK Very Vanilla, soymilk",,Kaunviljad,53,2.5,7.8,1.7,0.4,6.6,0.21,0.145,usda_sr_legacy
12863,"Soybean, curd cheese",,Kaunviljad,151,12.5,6.9,8.1,0,1.6,1.17,0.05,usda_sr_legacy
17693,"Soybeans, mature cooked, boiled, without salt",,Kaunviljad,172,18.2,8.4,9,6,3,1.3,0.003,usda_sr_legacy
17721,"Soybeans, mature seeds, cooked, boiled, with salt",,Kaunviljad,172,18.2,8.4,9,6,2.4,1.3,0.593,usda_sr_legacy
15956,"Soybeans, mature seeds, dry roasted",,Kaunviljad,449,43.3,29,21.6,8.1,,3.13,0.005,usda_sr_legacy
17692,"Soybeans, mature seeds, raw",,Kaunviljad,446,36.5,30.2,19.9,9.3,7.3,2.88,0.005,usda_sr_legacy
17722,"Soybeans, mature seeds, roasted, no salt added",,Kaunviljad,469,38.6,30.2,25.4,17.7,,3.67,0.01,usda_sr_legacy
15955,"Soybeans, mature seeds, roasted, salted",,Kaunviljad,469,38.6,30.2,25.4,17.7,4.2,3.67,0.408,usda_sr_legacy
17697,"Soy flour, defatted",,Kaunviljad,327,51.5,33.9,1.2,17.5,16.4,0.14,0.05,usda_sr_legacy
17695,"Soy flour, full-fat, raw",,Kaunviljad,434,37.8,31.9,20.7,9.6,7.5,2.99,0.033,usda_sr_legacy
17696,"Soy flour, full-fat, roasted",,Kaunviljad,439,38.1,30.4,21.9,9.7,7.6,3.16,0.03,usda_sr_legacy
15959,"Soy flour, low-fat",,Kaunviljad,372,49.8,30.6,8.9,16,9.3,1.29,0.023,usda_sr_legacy
15960,"Soy meal, defatted, raw",,Kaunviljad,337,49.2,35.9,2.4,0,,0.27,0.008,usda_sr_legacy
17187,"Soymilk (All flavors), enhanced",,Kaunviljad,45,2.9,3.5,2,0.4,2.5,0.21,0.125,usda_sr_legacy
17191,"Soymilk (All flavors), lowfat, with added calcium, vitamins A and D",,Kaunviljad,43,1.7,7.2,0.6,0.8,3.5,0,0.093,usda_sr_legacy
18632,"Soymilk (all flavors), nonfat, with added calcium, vitamins A and D",,Kaunviljad,28,2.5,4.1,0,0.2,3.7,0,0.143,usda_sr_legacy
18631,"Soymilk (all flavors), unsweetened, with added calcium, vitamins A and D",,Kaunviljad,33,2.9,1.7,1.6,0.5,0.4,0.21,0.093,usda_sr_legacy
17189,"Soymilk, chocolate and other flavors, light, with added calcium, vitamins A and D",,Kaunviljad,47,2.1,8.2,0.6,0.7,7.1,0.03,0.115,usda_sr_legacy
18633,"Soymilk, chocolate, nonfat, with added calcium, vitamins A and D",,Kaunviljad,44,2.5,8.5,0,0.2,3.7,0,0.143,usda_sr_legacy
17715,"Soymilk, chocolate, unfortified",,Kaunviljad,63,2.3,10,1.5,0.4,7.9,0.24,0.133,usda_sr_legacy
17717,"Soymilk, chocolate, with added calcium, vitamins A and D",,Kaunviljad,63,2.3,10,1.5,0.4,7.9,0.24,0.133,usda_sr_legacy
17190,"Soymilk, original and vanilla, light, unsweetened, with added calcium",,Kaunviljad,34,2.6,3.9,0.9,0.6,0.4,0.08,0.158,usda_sr_legacy
17188,"Soymilk, original and vanilla, light, with added calcium, vitamins A and D",,Kaunviljad,30,2.4,3.5,0.8,0.3,2.6,0.01,0.12,usda_sr_legacy
15961,"Soymilk, original and vanilla, unfortified",,Kaunviljad,54,3.3,6.3,1.8,0.6,4,0.21,0.128,usda_sr_legacy
15971,"Soymilk, original and vanilla, with added calcium, vitamins A and D",,Kaunviljad,43,2.6,4.9,1.5,0.2,3.7,0.21,0.118,usda_sr_legacy
17723,"Soy protein concentrate, produced by acid wash",,Kaunviljad,328,63.6,25.4,0.5,5.5,20,0.05,2.25,usda_sr_legacy
15962,"Soy protein concentrate, produced by alcohol extraction",,Kaunviljad,328,63.6,25.4,0.5,5.5,20,0.05,0.008,usda_sr_legacy
17698,Soy protein isolate,,Kaunviljad,335,88.3,0,3.4,0,0,0.42,2.513,usda_sr_legacy
17724,"Soy protein isolate, potassium type",,Kaunviljad,321,88.3,2.6,0.5,0,0,0.08,0.125,usda_sr_legacy
17701,Soy sauce made from hydrolyzed vegetable protein,,Kaunviljad,60,7,7.8,0.5,0.5,1.3,0.04,17.05,usda_sr_legacy
17699,Soy sauce made from soy and wheat (shoyu),,Kaunviljad,53,8.1,4.9,0.6,0.8,0.4,0.07,13.733,usda_sr_legacy
15988,"Soy sauce made from soy and wheat (shoyu), low sodium",,Kaunviljad,57,9.1,5.6,0.3,0.7,0.5,0.04,8.995,usda_sr_legacy
17700,Soy sauce made from soy (tamari),,Kaunviljad,60,10.5,5.6,0.1,0.8,1.7,0.01,13.965,usda_sr_legacy
15989,"Soy sauce, reduced sodium, made from hydrolyzed vegetable protein",,Kaunviljad,90,8.2,14.4,0.3,0.3,5.6,0.02,7.225,usda_sr_legacy
17694,Tempeh,,Kaunviljad,192,20.3,7.6,10.8,0,,2.54,0.023,usda_sr_legacy
15982,"Tempeh, cooked",,Kaunviljad,195,19.9,7.6,11.4,0,,3.4,0.035,usda_sr_legacy
15965,"Tofu, dried-frozen (koyadofu)",,Kaunviljad,477,52.5,10,30.3,7.2,,4.39,0.015,usda_sr_legacy
17725,"Tofu, dried-frozen (koyadofu), prepared with calcium sulfate",,Kaunviljad,470,52.4,8.3,30.3,1.2,,4.39,0.015,usda_sr_legacy
17712,"Tofu, extra firm, prepared with nigari",,Kaunviljad,83,10,1.2,5.3,1,0.7,0.92,0.01,usda_sr_legacy
15963,"Tofu, firm, prepared with calcium sulfate and magnesium chloride (nigari)",,Kaunviljad,78,9,2.9,4.2,0.9,0.6,0.79,0.03,usda_sr_legacy
15966,"Tofu, fried",,Kaunviljad,270,18.8,8.9,20.2,3.9,2.7,2.92,0.04,usda_sr_legacy
17726,"Tofu, fried, prepared with calcium sulfate",,Kaunviljad,270,18.8,8.9,20.2,3.9,,2.92,0.04,usda_sr_legacy
17713,"Tofu, hard, prepared with nigari",,Kaunviljad,145,12.7,4.4,10,0.6,,1.45,0.005,usda_sr_legacy
15990,"Tofu, raw, firm, prepared with calcium sulfate",,Kaunviljad,144,17.3,2.8,8.7,2.3,,1.26,0.035,usda_sr_legacy
15991,"Tofu, raw, prepared with calcium sulfate",,Kaunviljad,76,8.1,1.9,4.8,0.3,0.6,0.69,0.018,usda_sr_legacy
17702,"Tofu, salted and fermented (fuyu)",,Kaunviljad,116,8.9,4.4,8,0,,1.16,7.183,usda_sr_legacy
17727,"Tofu, salted and fermented (fuyu), prepared with calcium sulfate",,Kaunviljad,116,8.2,5.2,8,0,,1.16,7.183,usda_sr_legacy
15964,"Tofu, soft, prepared with calcium sulfate and magnesium chloride (nigari)",,Kaunviljad,61,7.2,1.2,3.7,0.2,0.7,0.53,0.02,usda_sr_legacy
11609,Tofu yogurt,,Kaunviljad,94,3.5,16,1.8,0.2,1.2,0.26,0.088,usda_sr_legacy
12848,Vegetarian fillets,,Kaunviljad,290,23,9,18,6.1,0.8,2.85,1.225,usda_sr_legacy
13615,Vegetarian meatloaf or patties,,Kaunviljad,197,21,8,9,4.6,1.2,1.43,1.375,usda_sr_legacy
17709,"Veggie burgers or soyburgers, unprepared",,Kaunviljad,177,15.7,14.3,6.3,4.9,1.1,1.44,1.423,usda_sr_legacy
13611,"Vermicelli, made from soy",,Kaunviljad,331,0.1,82.3,0.1,3.9,17.4,0.01,0.01,usda_sr_legacy
18651,"Vitasoy USA Azumaya, Extra Firm Tofu",,Kaunviljad,88,10.1,1.5,4.6,0.9,0.5,0.6,0.065,usda_sr_legacy
18652,"Vitasoy USA Azumaya, Firm Tofu",,Kaunviljad,80,9.1,1.5,4.2,0.6,0.4,0.5,0.058,usda_sr_legacy
17208,"Vitasoy USA Azumaya, Silken Tofu",,Kaunviljad,43,4.8,0.6,2.4,0.2,0.2,0.3,0.005,usda_sr_legacy
15983,"Vitasoy USA, Nasoya Lite Firm Tofu",,Kaunviljad,54,8.3,1.3,1.7,0.6,0.2,0.2,0.085,usda_sr_legacy
17206,"Vitasoy USA Nasoya, Lite Silken Tofu",,Kaunviljad,43,8.2,0,1.1,0,,0.2,0.198,usda_sr_legacy
17184,"Vitasoy USA, Organic Nasoya Extra Firm Tofu",,Kaunviljad,98,10.1,2.6,5.2,1.3,0.4,0.7,0.01,usda_sr_legacy
17185,"Vitasoy USA, Organic Nasoya Firm Tofu",,Kaunviljad,84,8.9,2.3,4.4,0.8,0.3,0.5,0.01,usda_sr_legacy
17186,"Vitasoy USA, Organic Nasoya Silken Tofu",,Kaunviljad,47,4.8,1.4,2.5,0.3,0.2,0.3,0.005,usda_sr_legacy
17205,"Vitasoy USA Organic Nasoya, Soft Tofu",,Kaunviljad,70,8.8,0.7,3.5,0.6,0.3,0.5,0.01,usda_sr_legacy
18650,"Vitasoy USA Organic Nasoya Sprouted, Tofu Plus Super Firm",,Kaunviljad,115,13.2,2.2,5.9,1.2,1.1,1.1,0.07,usda_sr_legacy
17719,"Vitasoy USA, Organic Nasoya Super Firm Cubed Tofu",,Kaunviljad,118,12.4,2.8,6.3,2,0.6,1.3,0.015,usda_sr_legacy
17207,"Vitasoy USA Organic Nasoya, Tofu Plus Extra Firm",,Kaunviljad,92,10.2,1.8,4.9,1,0.4,0.6,0.018,usda_sr_legacy
18649,"Vitasoy USA Organic Nasoya, Tofu Plus Firm",,Kaunviljad,74,9.2,1.7,3.4,0.8,0.3,0.3,0.01,usda_sr_legacy
18630,"Vitasoy USA, Vitasoy Light Vanilla Soymilk",,Kaunviljad,30,1.6,4.1,0.8,0.1,2.9,0.18,0.123,usda_sr_legacy
18629,"Vitasoy USA, Vitasoy Organic Classic Original Soymilk",,Kaunviljad,47,3.2,4.5,1.8,0.4,2,0.21,0.165,usda_sr_legacy
18628,"Vitasoy USA, Vitasoy Organic Creamy Original Soymilk",,Kaunviljad,44,2.9,4.5,1.6,0.4,2,0.2,0.165,usda_sr_legacy
15968,"Winged beans, mature seeds, cooked, boiled, without salt",,Kaunviljad,147,10.6,14.9,5.8,0,,0.83,0.033,usda_sr_legacy
15992,"Winged beans, mature seeds, cooked, boiled, with salt",,Kaunviljad,147,10.6,14.9,5.8,0,,0.83,0.623,usda_sr_legacy
17705,"Winged beans, mature seeds, raw",,Kaunviljad,409,29.7,41.7,16.3,25.9,,2.3,0.095,usda_sr_legacy
17704,"Yardlong beans, mature seeds, cooked, boiled, without salt",,Kaunviljad,118,8.3,21.1,0.5,3.8,,0.12,0.013,usda_sr_legacy
17728,"Yardlong beans, mature seeds, cooked, boiled, with salt",,Kaunviljad,118,8.3,21.1,0.5,3.8,,0.12,0.603,usda_sr_legacy
17703,"Yardlong beans, mature seeds, raw",,Kaunviljad,347,24.3,61.9,1.3,11,,0.34,0.043,usda_sr_legacy
17152,"Yokan, prepared from adzuki beans and sugar",,Kaunviljad,260,3.3,60.7,0.1,0,,0.04,0.208,usda_sr_legacy
12212,"Alfalfa seeds, sprouted, raw",,Köögivili,23,4,2.1,0.7,1.9,0.2,0.07,0.015,usda_sr_legacy
12982,"Amaranth leaves, cooked, boiled, drained, without salt",,Köögivili,21,2.1,4.1,0.2,0,,0.05,0.053,usda_sr_legacy
12320,"Amaranth leaves, cooked, boiled, drained, with salt",,Köögivili,21,2.1,4.1,0.2,0,,0.05,0.643,usda_sr_legacy
12213,"Amaranth leaves, raw",,Köögivili,23,2.5,4,0.3,0,,0.09,0.05,usda_sr_legacy
12984,"Arrowhead, cooked, boiled, drained, without salt",,Köögivili,78,4.5,16.1,0.1,0,,,0.045,usda_sr_legacy
12321,"Arrowhead, cooked, boiled, drained, with salt",,Köögivili,78,4.5,16.1,0.1,0,,,0.635,usda_sr_legacy
12983,"Arrowhead, raw",,Köögivili,99,5.3,20.2,0.3,0,,,0.055,usda_sr_legacy
12318,"Arrowroot, raw",,Köögivili,65,4.2,13.4,0.2,1.3,,0.04,0.065,usda_sr_legacy
12214,"Artichokes, (globe or french), cooked, boiled, drained",,Köögivili,53,2.9,12,0.3,5.7,1,0.08,0.15,usda_sr_legacy
13091,"Artichokes, (globe or french), cooked, boiled, drained",,Köögivili,51,2.9,11.4,0.3,5.7,1,0.08,0.74,usda_sr_legacy
13092,"Artichokes, (globe or french), frozen, cooked, boiled",,Köögivili,45,3.1,9.2,0.5,4.6,0.8,0.12,0.723,usda_sr_legacy
12216,"Artichokes, (globe or french), frozen, cooked, boiled",,Köögivili,45,3.1,9.2,0.5,4.6,0.8,0.12,0.133,usda_sr_legacy
12215,"Artichokes, (globe or french), frozen, unprepared",,Köögivili,38,2.6,7.8,0.4,3.9,,0.1,0.118,usda_sr_legacy
12985,"Artichokes, (globe or french), raw",,Köögivili,47,3.3,10.5,0.2,5.4,1,0.04,0.235,usda_sr_legacy
13167,"Arugula, raw",,Köögivili,25,2.6,3.7,0.7,1.6,2.1,0.09,0.068,usda_sr_legacy
248,Arugula/rocket,,Köögivili,25,2.6,3.7,0.7,1.6,0,,,
12987,"Asparagus, canned, drained solids",,Köögivili,19,2.1,2.5,0.7,1.6,1.1,0.15,0.718,usda_sr_legacy
13094,"Asparagus, canned, no salt added, solids and liquids",,Köögivili,15,1.8,2.5,0.2,1,1,0.04,0.065,usda_sr_legacy
12986,"Asparagus, canned, regular pack, solids and liquids",,Köögivili,15,1.8,2.5,0.2,1,,0.04,0.71,usda_sr_legacy
12218,"Asparagus, cooked, boiled, drained",,Köögivili,22,2.4,4.1,0.2,2,1.3,0.05,0.035,usda_sr_legacy
13093,"Asparagus, cooked, boiled, drained, with salt",,Köögivili,22,2.4,4.1,0.2,2,1.3,0.05,0.6,usda_sr_legacy
12989,"Asparagus, frozen, cooked, boiled, drained",,Köögivili,18,3,1.9,0.4,1.6,0.3,0.1,0.008,usda_sr_legacy
12322,"Asparagus, frozen, cooked, boiled, drained",,Köögivili,18,3,1.9,0.4,1.6,0.3,0.1,0.6,usda_sr_legacy
12988,"Asparagus, frozen, unprepared",,Köögivili,24,3.2,4.1,0.2,1.9,,0.05,0.02,usda_sr_legacy
12217,"Asparagus, raw",,Köögivili,20,2.2,3.9,0.1,2.1,1.9,0.04,0.005,usda_sr_legacy
12220,"Balsam-pear (bitter gourd), leafy tips, cooked, boiled, drained",,Köögivili,34,3.6,6.7,0.2,1.9,1,0.03,0.033,usda_sr_legacy
12323,"Balsam-pear (bitter gourd), leafy tips, cooked, boiled, drained",,Köögivili,32,3.6,6.2,0.2,1.9,1,,0.623,usda_sr_legacy
12219,"Balsam-pear (bitter gourd), leafy tips, raw",,Köögivili,30,5.3,3.3,0.7,0,,,0.028,usda_sr_legacy
12324,"Balsam-pear (bitter gourd), pods, cooked, boiled, drained",,Köögivili,19,0.8,4.3,0.2,2,2,,0.605,usda_sr_legacy
12222,"Balsam-pear (bitter gourd), pods, cooked, boiled, drained",,Köögivili,19,0.8,4.3,0.2,2,2,0.01,0.015,usda_sr_legacy
12221,"Balsam-pear (bitter gourd), pods, raw",,Köögivili,17,1,3.7,0.2,2.8,,,0.013,usda_sr_legacy
12992,"Bamboo shoots, canned, drained solids",,Köögivili,19,1.7,3.2,0.4,1.4,1.9,0.09,0.018,usda_sr_legacy
12991,"Bamboo shoots, cooked, boiled, drained, without salt",,Köögivili,12,1.5,1.9,0.2,1,,0.05,0.01,usda_sr_legacy
12325,"Bamboo shoots, cooked, boiled, drained, with salt",,Köögivili,11,1.5,1.5,0.2,1,,0.05,0.6,usda_sr_legacy
12990,"Bamboo shoots, raw",,Köögivili,27,2.6,5.2,0.3,2.2,3,0.07,0.01,usda_sr_legacy
12402,"Beans, fava, in pod, raw",,Köögivili,88,7.9,17.6,0.7,7.5,9.2,0.12,0.063,usda_sr_legacy
13095,"Beans, kidney, mature seeds, sprouted, cooked",,Köögivili,33,4.8,4.7,0.6,0,,0.08,0.608,usda_sr_legacy
12223,"Beans, kidney, mature seeds, sprouted, cooked",,Köögivili,33,4.8,4.7,0.6,0,,0.08,0.018,usda_sr_legacy
12993,"Beans, kidney, mature seeds, sprouted, raw",,Köögivili,29,4.2,4.1,0.5,0,,0.07,0.015,usda_sr_legacy
13806,"Beans, mung, mature seeds, sprouted, canned",,Köögivili,12,1.4,2.1,0.1,0.8,0.7,0.02,0.105,usda_sr_legacy
12920,"Beans, navy, mature seeds, sprouted, cooked",,Köögivili,78,7.1,15,0.8,0,,0.1,0.035,usda_sr_legacy
12328,"Beans, navy, mature seeds, sprouted, cooked",,Köögivili,78,7.1,15,0.8,0,,0.1,0.625,usda_sr_legacy
12919,"Beans, navy, mature seeds, sprouted, raw",,Köögivili,67,6.2,13.1,0.7,0,,0.09,0.033,usda_sr_legacy
13686,"Beans, pinto, immature seeds, frozen, cooked",,Köögivili,162,9.3,30.9,0.5,5.4,,0.06,0.208,usda_sr_legacy
12329,"Beans, pinto, immature seeds, frozen, cooked",,Köögivili,162,9.3,30.9,0.5,5.4,,0.06,0.798,usda_sr_legacy
13685,"Beans, pinto, immature seeds, frozen, unprepared",,Köögivili,170,9.8,32.5,0.5,5.7,,0.06,0.23,usda_sr_legacy
13814,"Beans, pinto, mature seeds, sprouted, cooked",,Köögivili,22,1.9,4.1,0.3,0,,0.04,0.128,usda_sr_legacy
13099,"Beans, pinto, mature seeds, sprouted, cooked",,Köögivili,20,1.9,3.5,0.3,0,,0.04,0.718,usda_sr_legacy
13813,"Beans, pinto, mature seeds, sprouted, raw",,Köögivili,62,5.3,11.6,0.9,0,,0.11,0.383,usda_sr_legacy
13687,"Beans, shellie, canned, solids and liquids",,Köögivili,30,1.8,6.2,0.2,3.4,0.6,0.02,0.835,usda_sr_legacy
12924,"Beans, snap, canned, all styles, seasoned",,Köögivili,16,0.8,3.5,0.2,1.5,,0.05,0.933,usda_sr_legacy
12330,"Beans, snap, green, canned, no salt added",,Köögivili,15,0.8,3.5,0.1,1.5,,0.02,0.035,usda_sr_legacy
12333,"Beans, snap, green, canned, no salt added",,Köögivili,22,1.1,4.3,0.5,1.9,0.8,0.1,0.005,usda_sr_legacy
12922,"Beans, snap, green, canned, regular pack",,Köögivili,15,0.7,3.3,0.2,1.5,1.3,0.04,0.48,usda_sr_legacy
12923,"Beans, snap, green, canned, regular pack",,Köögivili,21,1.1,4.2,0.4,1.9,1.4,0.09,0.67,usda_sr_legacy
12921,"Beans, snap, green, cooked, boiled",,Köögivili,35,1.9,7.9,0.3,3.2,3.6,0.06,0.003,usda_sr_legacy
13101,"Beans, snap, green, cooked, boiled",,Köögivili,35,1.9,7.9,0.3,3.2,3.6,0.06,0.598,usda_sr_legacy
13689,"Beans, snap, green, frozen, all styles",,Köögivili,33,1.8,7.5,0.2,2.6,2.2,0.05,0.008,usda_sr_legacy
13691,"Beans, snap, green, frozen, all styles",,Köögivili,33,2,7,0.4,3.4,2.6,0.09,0.008,usda_sr_legacy
13690,"Beans, snap, green, frozen, cooked",,Köögivili,28,1.5,6.5,0.2,3,1.9,0.04,0.003,usda_sr_legacy
13105,"Beans, snap, green, frozen, cooked",,Köögivili,28,1.5,6.5,0.2,3,1.9,0.04,0.613,usda_sr_legacy
13692,"Beans, snap, green, microwaved",,Köögivili,33,2.3,6.4,0.5,3.4,3.2,,0.008,usda_sr_legacy
13688,"Beans, snap, green, raw",,Köögivili,31,1.8,7,0.2,2.7,3.3,0.05,0.015,usda_sr_legacy
13155,"Beans, snap, yellow, canned, no salt added",,Köögivili,20,1.2,4.5,0.1,1.3,0.8,0.02,0.005,usda_sr_legacy
12332,"Beans, snap, yellow, canned, no salt added",,Köögivili,15,0.8,3.5,0.1,1.5,0.6,0.02,0.035,usda_sr_legacy
12331,"Beans, snap, yellow, canned, regular pack",,Köögivili,15,0.8,3.5,0.1,1.5,0.6,0.02,0.648,usda_sr_legacy
13154,"Beans, snap, yellow, canned, regular pack",,Köögivili,20,1.2,4.5,0.1,1.3,0.8,0.02,0.628,usda_sr_legacy
13103,"Beans, snap, yellow, cooked, boiled",,Köögivili,35,1.9,7.9,0.3,3.3,3.6,0.06,0.598,usda_sr_legacy
13102,"Beans, snap, yellow, cooked, boiled",,Köögivili,35,1.9,7.9,0.3,3.3,3.6,0.06,0.008,usda_sr_legacy
13104,"Beans, snap, yellow, frozen, all styles",,Köögivili,33,1.8,7.6,0.2,2.8,2.2,0.05,0.008,usda_sr_legacy
13106,"Beans, snap, yellow, frozen, cooked",,Köögivili,28,1.5,6.5,0.2,3,1.9,0.04,0.023,usda_sr_legacy
13107,"Beans, snap, yellow, frozen, cooked",,Köögivili,28,1.5,6.5,0.2,3,1.9,0.04,0.613,usda_sr_legacy
13100,"Beans, snap, yellow, raw",,Köögivili,31,1.8,7.1,0.1,3.4,3.3,0.03,0.015,usda_sr_legacy
14103,"Beet greens, cooked, boiled, drained, without salt",,Köögivili,27,2.6,5.5,0.2,2.9,0.6,0.03,0.603,usda_sr_legacy
12336,"Beet greens, cooked, boiled, drained, with salt",,Köögivili,27,2.6,5.5,0.2,2.9,0.6,0.03,1.193,usda_sr_legacy
14102,"Beet greens, raw",,Köögivili,22,2.2,4.3,0.1,3.7,0.5,0.02,0.565,usda_sr_legacy
13693,"Beets, canned, drained solids",,Köögivili,31,0.9,7.2,0.1,1.8,5.5,0.02,0.485,usda_sr_legacy
12335,"Beets, canned, no salt added, solids and liquids",,Köögivili,28,0.8,6.6,0.1,1.2,5.4,0.01,0.053,usda_sr_legacy
12927,"Beets, canned, regular pack, solids and liquids",,Köögivili,30,0.7,7.1,0.1,1.2,6.5,0.01,0.358,usda_sr_legacy
12926,"Beets, cooked, boiled, drained",,Köögivili,44,1.7,10,0.2,2,8,0.03,0.193,usda_sr_legacy
12334,"Beets, cooked, boiled. drained, with salt",,Köögivili,44,1.7,10,0.2,2,8,0.03,0.713,usda_sr_legacy
14206,"Beets, harvard, canned, solids and liquids",,Köögivili,73,0.8,18.2,0.1,2.5,,0.01,0.405,usda_sr_legacy
14207,"Beets, pickled, canned, solids and liquids",,Köögivili,65,0.8,16.3,0.1,0.8,11.1,0.01,0.373,usda_sr_legacy
12925,"Beets, raw",,Köögivili,43,1.6,9.6,0.2,2.8,6.8,0.03,0.195,usda_sr_legacy
14209,"Borage, cooked, boiled, drained, without salt",,Köögivili,25,2.1,3.6,0.8,0,,0.2,0.22,usda_sr_legacy
12337,"Borage, cooked, boiled, drained, with salt",,Köögivili,25,2.1,3.6,0.8,0,,0.2,0.81,usda_sr_legacy
14208,"Borage, raw",,Köögivili,21,1.8,3.1,0.7,0,,0.17,0.2,usda_sr_legacy
14105,"Broadbeans, immature seeds, cooked, boiled, drained",,Köögivili,62,4.8,10.1,0.5,3.6,,0.14,0.103,usda_sr_legacy
13108,"Broadbeans, immature seeds, cooked, boiled, drained",,Köögivili,62,4.8,10.1,0.5,0,,0.14,0.693,usda_sr_legacy
14104,"Broadbeans, immature seeds, raw",,Köögivili,72,5.6,11.7,0.6,4.2,,0.14,0.125,usda_sr_legacy
13172,"Broccoli, chinese, cooked",,Köögivili,22,1.1,3.8,0.7,2.5,0.8,0.11,0.018,usda_sr_legacy
13184,"Broccoli, chinese, raw",,Köögivili,26,1.2,4.7,0.8,2.6,0.9,0.12,0.018,usda_sr_legacy
13694,"Broccoli, cooked, boiled, drained, without salt",,Köögivili,35,2.4,7.2,0.4,3.3,1.4,0.08,0.103,usda_sr_legacy
12338,"Broccoli, cooked, boiled, drained, with salt",,Köögivili,35,2.4,7.2,0.4,3.3,1.4,0.08,0.655,usda_sr_legacy
13110,"Broccoli, flower clusters, raw",,Köögivili,28,3,5.1,0.4,2.3,1.5,0.05,0.068,usda_sr_legacy
13696,"Broccoli, frozen, chopped, cooked, boiled",,Köögivili,28,3.1,5.4,0.1,3,1.5,0.02,0.028,usda_sr_legacy
12339,"Broccoli, frozen, chopped, cooked, boiled",,Köögivili,28,3.1,5.4,0.1,3,1.5,0.02,0.65,usda_sr_legacy
13695,"Broccoli, frozen, chopped, unprepared",,Köögivili,26,2.8,4.8,0.3,3,1.4,0.04,0.06,usda_sr_legacy
12340,"Broccoli, frozen, spears, cooked, boiled",,Köögivili,28,3.1,5.4,0.1,3,1.4,0.02,0.65,usda_sr_legacy
14107,"Broccoli, frozen, spears, cooked, boiled",,Köögivili,28,3.1,5.4,0.1,3,1.5,0.02,0.06,usda_sr_legacy
13697,"Broccoli, frozen, spears, unprepared",,Köögivili,29,3.1,5.4,0.3,3,1.5,0.05,0.043,usda_sr_legacy
13109,"Broccoli, leaves, raw",,Köögivili,28,3,5.1,0.4,2.3,1.5,0.05,0.068,usda_sr_legacy
14109,"Broccoli raab, cooked",,Köögivili,25,3.8,3.1,0.5,2.8,0.6,0.09,0.14,usda_sr_legacy
14108,"Broccoli raab, raw",,Köögivili,22,3.2,2.9,0.5,2.7,0.4,0.08,0.083,usda_sr_legacy
14106,"Broccoli, raw",,Köögivili,34,2.8,6.6,0.4,2.6,1.7,0.11,0.083,usda_sr_legacy
13111,"Broccoli, stalks, raw",,Köögivili,28,3,5.2,0.4,0,,0.05,0.068,usda_sr_legacy
13698,"Brussels sprouts, cooked, boiled, drained, without salt",,Köögivili,36,2.6,7.1,0.5,2.6,1.7,0.1,0.053,usda_sr_legacy
12341,"Brussels sprouts, cooked, boiled, drained, with salt",,Köögivili,36,2.6,7.1,0.5,2.6,1.7,0.1,0.643,usda_sr_legacy
13112,"Brussels sprouts, frozen, cooked, boiled, drained",,Köögivili,42,3.6,8.3,0.4,4.1,2.1,0.08,0.648,usda_sr_legacy
13700,"Brussels sprouts, frozen, cooked, boiled, drained",,Köögivili,42,3.6,8.3,0.4,4.1,2.1,0.08,0.038,usda_sr_legacy
13699,"Brussels sprouts, frozen, unprepared",,Köögivili,41,3.8,7.9,0.4,3.8,2,0.08,0.025,usda_sr_legacy
14110,"Brussels sprouts, raw",,Köögivili,43,3.4,9,0.3,3.8,2.2,0.06,0.063,usda_sr_legacy
14111,"Burdock root, cooked, boiled, drained, without salt",,Köögivili,88,2.1,21.2,0.1,1.8,3.6,0.02,0.01,usda_sr_legacy
13113,"Burdock root, cooked, boiled, drained, with salt",,Köögivili,88,2.1,21.2,0.1,1.8,3.6,,0.6,usda_sr_legacy
13701,"Burdock root, raw",,Köögivili,72,1.5,17.3,0.2,3.3,2.9,0.03,0.013,usda_sr_legacy
14114,"Butterbur, canned",,Köögivili,3,0.1,0.4,0.1,0,,,0.01,usda_sr_legacy
14113,"Butterbur, cooked, boiled, drained, without salt",,Köögivili,8,0.2,2.2,0,0,,,0.01,usda_sr_legacy
13114,"Butterbur, cooked, boiled, drained, with salt",,Köögivili,8,0.2,2.2,0,0,,,0.6,usda_sr_legacy
14112,"Butterbur, (fuki), raw",,Köögivili,14,0.4,3.6,0,0,,,0.018,usda_sr_legacy
247,Butter lettuce,,Köögivili,13,1.4,2.2,0.2,1.1,0,,,
14118,"Cabbage, chinese (pak-choi), cooked, boiled, drained",,Köögivili,12,1.6,1.8,0.2,1,0.8,0.02,0.085,usda_sr_legacy
12345,"Cabbage, chinese (pak-choi), cooked, boiled, drained",,Köögivili,12,1.6,1.8,0.2,1,0.8,0.02,0.675,usda_sr_legacy
14117,"Cabbage, chinese (pak-choi), raw",,Köögivili,13,1.5,2.2,0.2,1,1.2,0.03,0.163,usda_sr_legacy
13117,"Cabbage, chinese (pe-tsai), cooked, boiled, drained",,Köögivili,14,1.5,2.4,0.2,1.7,,0.04,0.613,usda_sr_legacy
13707,"Cabbage, chinese (pe-tsai), cooked, boiled, drained",,Köögivili,14,1.5,2.4,0.2,1.7,,0.04,0.023,usda_sr_legacy
13706,"Cabbage, chinese (pe-tsai), raw",,Köögivili,16,1.2,3.2,0.2,1.2,1.4,0.04,0.023,usda_sr_legacy
12342,"Cabbage, common, cooked, boiled, drained",,Köögivili,23,1.3,5.5,0.1,1.9,2.8,0,0.638,usda_sr_legacy
13115,"Cabbage, common (danish, domestic, and pointed types), freshly harvest",,Köögivili,24,1.2,5.4,0.2,2.3,,0.02,0.045,usda_sr_legacy
13116,"Cabbage, common (danish, domestic, and pointed types), stored",,Köögivili,24,1.2,5.4,0.2,2.3,,0.02,0.045,usda_sr_legacy
13703,"Cabbage, cooked, boiled, drained, without salt",,Köögivili,23,1.3,5.5,0.1,1.9,2.8,0,0.02,usda_sr_legacy
13617,"Cabbage, japanese style, fresh, pickled",,Köögivili,30,1.6,5.7,0.1,3.1,1.3,0.01,0.693,usda_sr_legacy
14119,"Cabbage, kimchi",,Köögivili,15,1.1,2.4,0.5,1.6,1.1,0.07,1.245,usda_sr_legacy
13618,"Cabbage, mustard, salted",,Köögivili,28,1.1,5.6,0.1,3.1,1.4,0.01,1.793,usda_sr_legacy
12400,"Cabbage, napa, cooked",,Köögivili,12,1.1,2.2,0.2,0,,,0.028,usda_sr_legacy
13702,"Cabbage, raw",,Köögivili,25,1.3,5.8,0.1,2.5,3.2,0.03,0.045,usda_sr_legacy
13705,"Cabbage, red, cooked, boiled, drained",,Köögivili,29,1.5,6.9,0.1,2.6,3.3,0.01,0.07,usda_sr_legacy
12343,"Cabbage, red, cooked, boiled, drained",,Köögivili,29,1.5,6.9,0.1,2.6,3.3,0.01,0.61,usda_sr_legacy
13704,"Cabbage, red, raw",,Köögivili,31,1.4,7.4,0.2,2.1,3.8,0.02,0.068,usda_sr_legacy
14116,"Cabbage, savoy, cooked, boiled, drained",,Köögivili,24,1.8,5.4,0.1,2.8,,0.01,0.06,usda_sr_legacy
12344,"Cabbage, savoy, cooked, boiled, drained",,Köögivili,24,1.8,5.4,0.1,2.8,,0.01,0.65,usda_sr_legacy
14115,"Cabbage, savoy, raw",,Köögivili,27,2,6.1,0.1,3.1,2.3,0.01,0.07,usda_sr_legacy
228,Canned tomato,,Köögivili,24,1.1,5,0.2,1.4,0,,,
13709,"Cardoon, cooked, boiled, drained, without salt",,Köögivili,22,0.8,5.3,0.1,1.7,,0.01,0.44,usda_sr_legacy
13118,"Cardoon, cooked, boiled, drained, with salt",,Köögivili,20,0.8,4.7,0.1,1.7,,0.01,1.03,usda_sr_legacy
13708,"Cardoon, raw",,Köögivili,17,0.7,4.1,0.1,1.6,,0.01,0.425,usda_sr_legacy
14227,"Carrot, dehydrated",,Köögivili,341,8.1,79.6,1.5,23.6,38.8,0.26,0.688,usda_sr_legacy
14218,"Carrot juice, canned",,Köögivili,40,1,9.3,0.2,0.8,3.9,0.03,0.165,usda_sr_legacy
12396,"Carrots, baby, raw",,Köögivili,35,0.6,8.2,0.1,2.9,4.8,0.02,0.195,usda_sr_legacy
12346,"Carrots, canned, no salt added, drained solids",,Köögivili,25,0.6,5.5,0.2,1.5,2.5,0.04,0.105,usda_sr_legacy
13120,"Carrots, canned, no salt added, solids and liquids",,Köögivili,23,0.6,5.4,0.1,1.8,2.5,0.02,0.085,usda_sr_legacy
14123,"Carrots, canned, regular pack, drained solids",,Köögivili,25,0.6,5.5,0.2,1.5,2.5,0.04,0.605,usda_sr_legacy
14122,"Carrots, canned, regular pack, solids and liquids",,Köögivili,23,0.6,5.4,0.1,1.8,2.5,0.03,0.6,usda_sr_legacy
14121,"Carrots, cooked, boiled, drained, without salt",,Köögivili,35,0.8,8.2,0.2,3,3.5,0.03,0.145,usda_sr_legacy
13119,"Carrots, cooked, boiled, drained, with salt",,Köögivili,35,0.8,8.2,0.2,3,3.5,0.04,0.755,usda_sr_legacy
13711,"Carrots, frozen, cooked, boiled, drained",,Köögivili,37,0.6,7.7,0.7,3.3,4.1,0.12,0.148,usda_sr_legacy
12347,"Carrots, frozen, cooked, boiled, drained",,Köögivili,37,0.6,7.7,0.7,3.3,4.1,0.13,0.738,usda_sr_legacy
13710,"Carrots, frozen, unprepared",,Köögivili,36,0.8,7.9,0.5,3.3,4.8,0.05,0.17,usda_sr_legacy
14120,"Carrots, raw",,Köögivili,41,0.9,9.6,0.2,2.8,4.7,0.03,0.173,usda_sr_legacy
13712,"Cassava, raw",,Köögivili,160,1.4,38.1,0.3,1.8,1.7,0.07,0.035,usda_sr_legacy
12384,Catsup,,Köögivili,101,1,27.4,0.1,0.3,21.3,0.01,2.268,usda_sr_legacy
13161,"Catsup, low sodium",,Köögivili,101,1,27.4,0.1,0.3,21.3,0.01,0.05,usda_sr_legacy
14124,"Cauliflower, cooked, boiled, drained, without salt",,Köögivili,23,1.8,4.1,0.5,2.3,2.1,0.07,0.038,usda_sr_legacy
12348,"Cauliflower, cooked, boiled, drained, with salt",,Köögivili,23,1.8,4.1,0.5,2.3,1.9,0.07,0.605,usda_sr_legacy
14126,"Cauliflower, frozen, cooked, boiled, drained",,Köögivili,19,1.6,3.8,0.2,2.7,1.1,0.03,0.045,usda_sr_legacy
12349,"Cauliflower, frozen, cooked, boiled, drained",,Köögivili,17,1.6,3.2,0.2,2.7,0.5,0.03,0.635,usda_sr_legacy
14125,"Cauliflower, frozen, unprepared",,Köögivili,24,2,4.7,0.3,2.3,2.2,0.04,0.06,usda_sr_legacy
13170,"Cauliflower, green, cooked, no salt added",,Köögivili,32,3,6.3,0.3,3.3,3.1,0.04,0.058,usda_sr_legacy
13171,"Cauliflower, green, cooked, with salt",,Köögivili,32,3,6.3,0.3,3.3,,0.05,0.648,usda_sr_legacy
13169,"Cauliflower, green, raw",,Köögivili,31,3,6.1,0.3,3.2,3,0.05,0.058,usda_sr_legacy
13713,"Cauliflower, raw",,Köögivili,25,1.9,5,0.3,2,1.9,0.13,0.075,usda_sr_legacy
243,Cayenne pepper (dried),,Köögivili,318,12,56.6,17.3,27.2,0,,,
13714,"Celeriac, cooked, boiled, drained, without salt",,Köögivili,27,1,5.9,0.2,1.2,,,0.153,usda_sr_legacy
13121,"Celeriac, cooked, boiled, drained, with salt",,Köögivili,27,1,5.9,0.2,0,,,0.743,usda_sr_legacy
14127,"Celeriac, raw",,Köögivili,42,1.5,9.2,0.3,1.8,1.6,0.08,0.25,usda_sr_legacy
13716,"Celery, cooked, boiled, drained, without salt",,Köögivili,18,0.8,4,0.2,1.6,2.4,0.04,0.228,usda_sr_legacy
13122,"Celery, cooked, boiled, drained, with salt",,Köögivili,18,0.8,4,0.2,1.6,2.4,0.04,0.818,usda_sr_legacy
13715,"Celery, raw",,Köögivili,14,0.7,3,0.2,1.6,1.3,0.04,0.2,usda_sr_legacy
13717,"Celtuce, raw",,Köögivili,18,0.9,3.7,0.3,1.7,,,0.028,usda_sr_legacy
13123,"Chard, swiss, cooked, boiled, drained",,Köögivili,20,1.9,4.1,0.1,2.1,1.1,,1.038,usda_sr_legacy
14128,"Chard, swiss, cooked, boiled, drained",,Köögivili,20,1.9,4.1,0.1,2.1,1.1,0.01,0.448,usda_sr_legacy
13718,"Chard, swiss, raw",,Köögivili,19,1.8,3.7,0.2,1.6,1.1,0.03,0.533,usda_sr_legacy
14130,"Chayote, fruit, cooked, boiled, drained",,Köögivili,24,0.6,5.1,0.5,2.8,1.9,0,0.003,usda_sr_legacy
13124,"Chayote, fruit, cooked, boiled, drained",,Köögivili,22,0.6,4.5,0.5,2.8,1.9,0.03,0.593,usda_sr_legacy
14129,"Chayote, fruit, raw",,Köögivili,19,0.8,4.5,0.1,1.7,1.7,0.03,0.005,usda_sr_legacy
224,Cherry tomato,,Köögivili,18,0.9,3.9,0.2,1.2,0,,,
13719,"Chicory greens, raw",,Köögivili,23,1.7,4.7,0.3,4,0.7,0.07,0.113,usda_sr_legacy
13720,"Chicory roots, raw",,Köögivili,72,1.4,17.5,0.2,1.5,8.7,0.05,0.125,usda_sr_legacy
14131,"Chicory, witloof, raw",,Köögivili,17,0.9,4,0.1,3.1,,0.02,0.005,usda_sr_legacy
13802,"Chives, freeze-dried",,Köögivili,311,21.2,64.3,3.5,26.2,,0.59,0.175,usda_sr_legacy
13721,"Chives, raw",,Köögivili,30,3.3,4.4,0.7,2.5,1.9,0.15,0.008,usda_sr_legacy
14132,"Chrysanthemum, garland, cooked, boiled, drained",,Köögivili,20,1.6,4.3,0.1,2.3,2,0.02,0.133,usda_sr_legacy
12350,"Chrysanthemum, garland, cooked, boiled, drained",,Köögivili,20,1.6,4.3,0.1,2.3,2,,0.723,usda_sr_legacy
13722,"Chrysanthemum, garland, raw",,Köögivili,24,3.4,3,0.6,3,,,0.295,usda_sr_legacy
12319,"Chrysanthemum leaves, raw",,Köögivili,24,3.4,3,0.6,3,,,0.295,usda_sr_legacy
14134,"Collards, cooked, boiled, drained, without salt",,Köögivili,33,2.7,5.7,0.7,4,0.4,0.05,0.038,usda_sr_legacy
12351,"Collards, cooked, boiled, drained, with salt",,Köögivili,33,2.7,5.7,0.7,4,,0.05,0.63,usda_sr_legacy
13723,"Collards, frozen, chopped, cooked, boiled",,Köögivili,36,3,7.1,0.4,2.8,0.6,0.06,0.125,usda_sr_legacy
12352,"Collards, frozen, chopped, cooked, boiled",,Köögivili,36,3,7.1,0.4,2.8,0.6,0.04,0.715,usda_sr_legacy
14135,"Collards, frozen, chopped, unprepared",,Köögivili,33,2.7,6.5,0.4,3.6,,0.05,0.12,usda_sr_legacy
14133,"Collards, raw",,Köögivili,32,3,5.4,0.6,4,0.5,0.06,0.043,usda_sr_legacy
13724,"Coriander (cilantro) leaves, raw",,Köögivili,23,2.1,3.7,0.5,2.8,0.9,0.01,0.115,usda_sr_legacy
14219,"Corn pudding, home prepared",,Köögivili,131,4.4,17,5,1.2,6.6,2.45,0.705,usda_sr_legacy
12999,"Cornsalad, raw",,Köögivili,21,2,3.6,0.4,0,,,0.01,usda_sr_legacy
13142,"Corn, sweet, white, canned, cream style",,Köögivili,74,1.7,18.6,0.4,1.2,6.1,0.07,0.653,usda_sr_legacy
13143,"Corn, sweet, white, canned, cream style",,Köögivili,72,1.7,18.1,0.4,1.2,2.2,0.07,0.008,usda_sr_legacy
12370,"Corn, sweet, white, canned, vacuum pack",,Köögivili,79,2.4,19.4,0.5,2,,0.08,0.68,usda_sr_legacy
12371,"Corn, sweet, white, canned, vacuum pack",,Köögivili,79,2.4,19.4,0.5,2,,0.08,0.008,usda_sr_legacy
13140,"Corn, sweet, white, canned, whole kernel",,Köögivili,64,2,15.4,0.5,0.7,,0.08,0.03,usda_sr_legacy
13141,"Corn, sweet, white, canned, whole kernel",,Köögivili,67,2.3,14.3,1.2,2,4.4,0.25,0.513,usda_sr_legacy
12369,"Corn, sweet, white, canned, whole kernel",,Köögivili,64,2,15.4,0.5,1.7,,0.08,0.533,usda_sr_legacy
12367,"Corn, sweet, white, cooked, boiled",,Köögivili,97,3.3,21.7,1.4,2.7,7.7,0.2,0.008,usda_sr_legacy
12368,"Corn, sweet, white, cooked, boiled",,Köögivili,97,3.3,21.7,1.4,2.7,7.7,0.2,0.633,usda_sr_legacy
13144,"Corn, sweet, white, frozen, kernels cut off cob",,Köögivili,80,2.8,19.6,0.4,2.4,3.1,0.07,0.613,usda_sr_legacy
12372,"Corn, sweet, white, frozen, kernels cut off cob",,Köögivili,88,3,20.7,0.8,2.9,9.1,0.18,0.008,usda_sr_legacy
12373,"Corn, sweet, white, frozen, kernels cut off cob",,Köögivili,80,2.8,19.6,0.4,2.4,3.1,0.07,0.013,usda_sr_legacy
13147,"Corn, sweet, white, frozen, kernels on cob",,Köögivili,94,3.1,22.3,0.7,2.8,,0.11,0.6,usda_sr_legacy
13146,"Corn, sweet, white, frozen, kernels on cob",,Köögivili,94,3.1,22.3,0.7,2.1,,0.11,0.01,usda_sr_legacy
13145,"Corn, sweet, white, frozen, kernels on cob",,Köögivili,98,3.3,23.5,0.8,2.8,,0.12,0.013,usda_sr_legacy
12366,"Corn, sweet, white, raw",,Köögivili,86,3.2,19,1.2,2.7,3.2,0.18,0.038,usda_sr_legacy
14136,"Corn, sweet, yellow, canned, brine pack",,Köögivili,61,2,13.9,0.8,1.7,4.2,0.08,0.488,usda_sr_legacy
13126,"Corn, sweet, yellow, canned, cream style",,Köögivili,72,1.7,18.1,0.4,1.2,3.2,0.07,0.008,usda_sr_legacy
12995,"Corn, sweet, yellow, canned, cream style",,Köögivili,72,1.7,18.1,0.4,1.2,3.2,0.07,0.653,usda_sr_legacy
12225,"Corn, sweet, yellow, canned, drained solids",,Köögivili,64,2.2,13,1.4,1.7,4.1,0.22,0.408,usda_sr_legacy
13125,"Corn, sweet, yellow, canned, no salt added",,Köögivili,61,2,13.9,0.8,1.7,4.2,0.08,0.03,usda_sr_legacy
13127,"Corn, sweet, yellow, canned, vacuum pack",,Köögivili,79,2.4,19.4,0.5,2,5.6,0.08,0.008,usda_sr_legacy
12996,"Corn, sweet, yellow, canned, vacuum pack",,Köögivili,79,2.4,19.4,0.5,2,5.6,0.08,0.68,usda_sr_legacy
12994,"Corn, sweet, yellow, canned, whole kernel",,Köögivili,67,2.3,14.3,1.2,2,4.4,0.25,0.513,usda_sr_legacy
13726,"Corn, sweet, yellow, cooked, boiled",,Köögivili,96,3.4,21,1.5,2.4,4.5,0.2,0.003,usda_sr_legacy
12353,"Corn, sweet, yellow, cooked, boiled",,Köögivili,96,3.4,21,1.5,2.4,4.5,0.2,0.633,usda_sr_legacy
13128,"Corn, sweet, yellow, frozen, kernels",,Köögivili,79,2.6,18.7,0.7,2.4,3.1,0.07,0.613,usda_sr_legacy
12226,"Corn, sweet, yellow, frozen, kernels cut off cob",,Köögivili,88,3,20.7,0.8,2.1,2.5,0.12,0.008,usda_sr_legacy
12227,"Corn, sweet, yellow, frozen, kernels cut off cob",,Köögivili,81,2.6,19.3,0.7,2.4,3.1,0.1,0.003,usda_sr_legacy
12229,"Corn, sweet, yellow, frozen, kernels on cob",,Köögivili,94,3.1,22.3,0.7,2.8,3.6,0.11,0.01,usda_sr_legacy
13129,"Corn, sweet, yellow, frozen, kernels on cob",,Köögivili,94,3.1,22.3,0.7,2.8,3.6,0.11,0.6,usda_sr_legacy
12228,"Corn, sweet, yellow, frozen, kernels on cob",,Köögivili,98,3.3,23.5,0.8,2.8,3.8,0.12,0.013,usda_sr_legacy
13725,"Corn, sweet, yellow, raw",,Köögivili,86,3.3,18.7,1.4,2,6.3,0.33,0.038,usda_sr_legacy
12998,"Corn with red and green peppers, canned, solids and liquids",,Köögivili,75,2.3,18.2,0.6,0,,0.09,0.868,usda_sr_legacy
12997,"Corn, yellow, whole kernel, frozen, microwaved",,Köögivili,113,3.6,25.9,1.4,2.6,3.4,0.15,0.01,usda_sr_legacy
12354,"Cowpeas (blackeyes), immature seeds, cooked, boiled, drained",,Köögivili,94,3.2,19.7,0.4,5,3.2,0.1,0.6,usda_sr_legacy
12230,"Cowpeas (blackeyes), immature seeds, cooked, boiled, drained",,Köögivili,97,3.2,20.3,0.4,5,3.2,0.1,0.01,usda_sr_legacy
12355,"Cowpeas (blackeyes), immature seeds, frozen, cooked, boiled",,Köögivili,131,8.5,23.5,0.7,6.4,4.5,0.18,0.603,usda_sr_legacy
12232,"Cowpeas (blackeyes), immature seeds, frozen, cooked, boiled",,Köögivili,132,8.5,23.8,0.7,6.4,4.5,0.18,0.013,usda_sr_legacy
12231,"Cowpeas (blackeyes), immature seeds, frozen, unprepared",,Köögivili,139,9,25.1,0.7,5,,0.19,0.015,usda_sr_legacy
13000,"Cowpeas (blackeyes), immature seeds, raw",,Köögivili,90,3,18.8,0.4,5,3,0.09,0.01,usda_sr_legacy
12357,"Cowpeas, leafy tips, cooked, boiled, drained",,Köögivili,22,4.7,2.8,0.1,0,,0.03,0.605,usda_sr_legacy
12234,"Cowpeas, leafy tips, cooked, boiled, drained",,Köögivili,22,4.7,2.8,0.1,0,,0.03,0.015,usda_sr_legacy
13004,"Cowpeas, leafy tips, raw",,Köögivili,29,4.1,4.8,0.3,0,,0.07,0.018,usda_sr_legacy
12356,"Cowpeas, young pods with seeds, cooked, boiled, drained",,Köögivili,34,2.6,7,0.3,0,,0.08,0.598,usda_sr_legacy
13001,"Cowpeas, young pods with seeds, cooked, boiled, drained",,Köögivili,34,2.6,7,0.3,0,,0.08,0.008,usda_sr_legacy
12233,"Cowpeas, young pods with seeds, raw",,Köögivili,44,3.3,9.5,0.3,3.3,5,0.08,0.01,usda_sr_legacy
12236,"Cress, garden, cooked, boiled, drained",,Köögivili,23,1.9,3.8,0.6,0.7,3.1,0.02,0.02,usda_sr_legacy
13130,"Cress, garden, cooked, boiled, drained",,Köögivili,23,1.9,3.8,0.6,0.7,3.1,0.02,0.61,usda_sr_legacy
12235,"Cress, garden, raw",,Köögivili,32,2.6,5.5,0.7,1.1,4.4,0.02,0.035,usda_sr_legacy
13005,"Cucumber, peeled, raw",,Köögivili,10,0.6,2.2,0.2,0.7,1.4,0.08,0.005,usda_sr_legacy
244,Cucumber (raw),,Köögivili,15,0.7,3.6,0.1,0.5,0,,,
12237,"Cucumber, with peel, raw",,Köögivili,15,0.7,3.6,0.1,0.5,1.7,0.04,0.005,usda_sr_legacy
13007,"Dandelion greens, cooked, boiled, drained, without salt",,Köögivili,33,2,6.4,0.6,2.9,0.5,0.15,0.11,usda_sr_legacy
13131,"Dandelion greens, cooked, boiled, drained, with salt",,Köögivili,33,2,6.4,0.6,2.9,1.6,,0.7,usda_sr_legacy
13006,"Dandelion greens, raw",,Köögivili,45,2.7,9.2,0.7,3.5,0.7,0.17,0.19,usda_sr_legacy
13804,"Dock, cooked, boiled, drained, without salt",,Köögivili,20,1.8,2.9,0.6,2.6,,,0.008,usda_sr_legacy
13151,"Dock, cooked, boiled, drained, with salt",,Köögivili,20,1.8,2.9,0.6,0,,,0.598,usda_sr_legacy
13803,"Dock, raw",,Köögivili,22,2,3.2,0.7,2.9,,,0.01,usda_sr_legacy
12245,"Drumstick leaves, cooked, boiled, drained, without salt",,Köögivili,60,5.3,11.2,0.9,2,1,0.15,0.023,usda_sr_legacy
12359,"Drumstick leaves, cooked, boiled, drained, with salt",,Köögivili,60,5.3,11.2,0.9,2,1,,0.613,usda_sr_legacy
12244,"Drumstick leaves, raw",,Köögivili,64,9.4,8.3,1.4,2,,,0.023,usda_sr_legacy
14211,"Drumstick pods, cooked, boiled, drained, without salt",,Köögivili,36,2.1,8.2,0.2,4.2,,0.03,0.108,usda_sr_legacy
12360,"Drumstick pods, cooked, boiled, drained, with salt",,Köögivili,36,2.1,8.2,0.2,4.2,,,0.698,usda_sr_legacy
14210,"Drumstick pods, raw",,Köögivili,37,2.1,8.5,0.2,3.2,,0.03,0.105,usda_sr_legacy
12239,"Edamame, frozen, prepared",,Köögivili,121,11.9,8.9,5.2,5.2,2.2,0.62,0.015,usda_sr_legacy
12238,"Edamame, frozen, unprepared",,Köögivili,109,11.2,7.6,4.7,4.8,2.5,,0.015,usda_sr_legacy
13009,"Eggplant, cooked, boiled, drained, without salt",,Köögivili,35,0.8,8.7,0.2,2.5,3.2,0.04,0.003,usda_sr_legacy
13132,"Eggplant, cooked, boiled, drained, with salt",,Köögivili,33,0.8,8.1,0.2,2.5,3.2,0.04,0.598,usda_sr_legacy
13619,"Eggplant, pickled",,Köögivili,49,0.9,9.8,0.7,2.5,4.8,0.14,4.185,usda_sr_legacy
13008,"Eggplant, raw",,Köögivili,25,1,5.9,0.2,3,3.5,0.03,0.005,usda_sr_legacy
250,Endive,,Köögivili,17,1.3,3.4,0.2,3.1,0,,,
12240,"Endive, raw",,Köögivili,17,1.3,3.4,0.2,3.1,0.3,0.05,0.055,usda_sr_legacy
13178,"Epazote, raw",,Köögivili,32,0.3,7.4,0.5,3.8,,,0.108,usda_sr_legacy
13805,"Eppaw, raw",,Köögivili,150,4.6,31.7,1.8,0,,,0.03,usda_sr_legacy
12241,"Escarole, cooked, boiled, drained, no salt added",,Köögivili,15,1.2,3.1,0.2,2.8,0.2,0.04,0.048,usda_sr_legacy
13165,"Fennel, bulb, raw",,Köögivili,31,1.2,7.3,0.2,3.1,3.9,0.09,0.13,usda_sr_legacy
12412,"Fiddlehead ferns, frozen, unprepared",,Köögivili,34,4.3,5.7,0.4,0,,,0,usda_sr_legacy
13185,"Fiddlehead ferns, raw",,Köögivili,34,4.6,5.5,0.4,0,,,0.003,usda_sr_legacy
13179,"Fireweed, leaves, raw",,Köögivili,103,4.7,19.2,2.8,10.6,,,0.085,usda_sr_legacy
12409,"Fungi, Cloud ears, dried",,Köögivili,284,9.3,73,0.7,70.1,,,0.088,usda_sr_legacy
235,Garlic,,Köögivili,149,6.4,33.1,0.5,2.1,0,,,
13010,"Garlic, raw",,Köögivili,149,6.4,33.1,0.5,2.1,1,0.09,0.043,usda_sr_legacy
13545,"Ginger root, pickled, canned, with artificial sweetener",,Köögivili,20,0.3,4.8,0.1,2.6,0,0.04,2.265,usda_sr_legacy
13011,"Ginger root, raw",,Köögivili,80,1.8,17.8,0.8,2,1.7,0.2,0.033,usda_sr_legacy
12358,"Gourd, dishcloth (towelgourd), cooked, boiled, drained",,Köögivili,54,0.7,13.8,0.3,2.9,5.2,0.03,0.643,usda_sr_legacy
12243,"Gourd, dishcloth (towelgourd), cooked, boiled, drained",,Köögivili,56,0.7,14.3,0.3,2.9,5.2,0.03,0.053,usda_sr_legacy
12242,"Gourd, dishcloth (towelgourd), raw",,Köögivili,20,1.2,4.4,0.2,1.1,2,0.02,0.008,usda_sr_legacy
13133,"Gourd, white-flowered (calabash), cooked, boiled, drained",,Köögivili,13,0.6,3.1,0,1.2,,0,0.595,usda_sr_legacy
13013,"Gourd, white-flowered (calabash), cooked, boiled, drained",,Köögivili,15,0.6,3.7,0,1.2,,0,0.005,usda_sr_legacy
13012,"Gourd, white-flowered (calabash), raw",,Köögivili,14,0.6,3.4,0,0.5,,0,0.005,usda_sr_legacy
13173,"Grape leaves, canned",,Köögivili,69,4.3,11.7,2,9.9,,0.31,7.133,usda_sr_legacy
12403,"Grape leaves, raw",,Köögivili,93,5.6,17.3,2.1,11,6.3,0.34,0.023,usda_sr_legacy
237,Green bell pepper (raw),,Köögivili,20,0.9,4.6,0.2,1.7,0,,,
252,Green cabbage (raw),,Köögivili,25,1.3,5.8,0.1,2.5,0,,,
240,Habanero pepper,,Köögivili,40,1.9,8.8,0.6,3.5,0,,,
12397,"Hearts of palm, canned",,Köögivili,28,2.5,4.6,0.6,2.4,,0.13,1.065,usda_sr_legacy
11603,"Hearts of palm, raw",,Köögivili,115,2.7,25.6,0.2,1.5,17.2,0.05,0.035,usda_sr_legacy
13015,"Hyacinth-beans, immature seeds, cooked, boiled, drained",,Köögivili,50,3,9.2,0.3,0,,0.12,0.005,usda_sr_legacy
12361,"Hyacinth-beans, immature seeds, cooked, boiled, drained",,Köögivili,50,3,9.2,0.3,0,,0.12,0.595,usda_sr_legacy
13014,"Hyacinth-beans, immature seeds, raw",,Köögivili,46,2.1,9.2,0.2,3.3,4.1,0.09,0.005,usda_sr_legacy
245,Iceberg lettuce,,Köögivili,14,0.9,3,0.1,1.2,0,,,
239,Jalapeño pepper,,Köögivili,29,1.4,6.5,0.4,2.8,0,,,
13016,"Jerusalem-artichokes, raw",,Köögivili,73,2,17.4,0,1.6,9.6,0,0.01,usda_sr_legacy
13017,"Jew's ear, (pepeao), raw",,Köögivili,25,0.5,6.8,0,0,,,0.023,usda_sr_legacy
13134,"Jute, potherb, cooked, boiled, drained",,Köögivili,37,3.7,7.3,0.2,2,1,0.03,0.618,usda_sr_legacy
12248,"Jute, potherb, cooked, boiled, drained",,Köögivili,37,3.7,7.3,0.2,2,1,0.03,0.028,usda_sr_legacy
12247,"Jute, potherb, raw",,Köögivili,34,4.7,5.8,0.3,0,,0.04,0.02,usda_sr_legacy
13018,"Kale, cooked, boiled, drained, without salt",,Köögivili,36,2.9,5.3,1.2,4,1.2,0.18,0.04,usda_sr_legacy
13135,"Kale, cooked, boiled, drained, with salt",,Köögivili,44,2.9,5.3,1.2,2.3,1.2,0.16,0.63,usda_sr_legacy
13020,"Kale, frozen, cooked, boiled, drained",,Köögivili,36,2.9,5.3,1.2,2.3,1.2,0.16,0.04,usda_sr_legacy
13136,"Kale, frozen, cooked, boiled, drained",,Köögivili,36,2.9,5.3,1.2,2.3,1.2,0.16,0.63,usda_sr_legacy
13019,"Kale, frozen, unprepared",,Köögivili,28,2.7,4.9,0.5,2,0.9,0.06,0.038,usda_sr_legacy
12249,"Kale, raw",,Köögivili,35,2.9,4.4,1.5,4.1,1,0.18,0.133,usda_sr_legacy
13021,"Kanpyo, (dried gourd strips)",,Köögivili,258,8.6,65,0.6,9.8,,0.05,0.038,usda_sr_legacy
12253,"Kohlrabi, cooked, boiled, drained, without salt",,Köögivili,29,1.8,6.7,0.1,1.1,2.8,0.01,0.053,usda_sr_legacy
13137,"Kohlrabi, cooked, boiled, drained, with salt",,Köögivili,29,1.8,6.7,0.1,1.1,2.8,0.01,0.643,usda_sr_legacy
12252,"Kohlrabi, raw",,Köögivili,27,1.7,6.2,0.1,3.6,2.6,0.01,0.05,usda_sr_legacy
13025,"Lambsquarters, cooked, boiled, drained, without salt",,Köögivili,32,3.2,5,0.7,2.1,0.6,0.05,0.073,usda_sr_legacy
12362,"Lambsquarters, cooked, boiled, drained, with salt",,Köögivili,32,3.2,5,0.7,2.1,0.6,0.05,0.663,usda_sr_legacy
13024,"Lambsquarters, raw",,Köögivili,43,4.2,7.3,0.8,4,,0.06,0.108,usda_sr_legacy
234,Leek (raw),,Köögivili,61,1.5,14.2,0.3,1.8,0,,,
12363,"Leeks, (bulb and lower leaf-portion), cooked, boiled, drained",,Köögivili,31,0.8,7.6,0.2,1,2.1,0.03,0.615,usda_sr_legacy
12254,"Leeks, (bulb and lower leaf-portion), cooked, boiled, drained",,Köögivili,31,0.8,7.6,0.2,1,2.1,0.03,0.025,usda_sr_legacy
14212,"Leeks, (bulb and lower-leaf portion), freeze-dried",,Köögivili,321,15.2,74.7,2.1,10.4,,0.28,0.088,usda_sr_legacy
13026,"Leeks, (bulb and lower leaf-portion), raw",,Köögivili,61,1.5,14.2,0.3,1.8,3.9,0.04,0.05,usda_sr_legacy
12401,"Lemon grass (citronella), raw",,Köögivili,99,1.8,25.3,0.5,0,,0.12,0.015,usda_sr_legacy
12256,"Lentils, sprouted, cooked, stir-fried, without salt",,Köögivili,101,8.8,21.3,0.5,0,,0.05,0.025,usda_sr_legacy
12379,"Lentils, sprouted, cooked, stir-fried, with salt",,Köögivili,101,8.8,21.3,0.5,0,,0.05,0.615,usda_sr_legacy
12255,"Lentils, sprouted, raw",,Köögivili,106,9,22.1,0.6,0,,0.06,0.028,usda_sr_legacy
12257,"Lettuce, butterhead, raw",,Köögivili,13,1.4,2.2,0.2,1.1,0.9,0.03,0.013,usda_sr_legacy
13027,"Lettuce, cos or romaine, raw",,Köögivili,17,1.2,3.3,0.3,2.1,1.2,0.04,0.02,usda_sr_legacy
13029,"Lettuce, green leaf, raw",,Köögivili,15,1.4,2.9,0.2,1.3,0.8,0.02,0.07,usda_sr_legacy
13028,"Lettuce, iceberg, raw",,Köögivili,14,0.9,3,0.1,1.2,2,0.02,0.025,usda_sr_legacy
12259,"Lettuce, red leaf, raw",,Köögivili,13,1.3,2.3,0.2,0.9,0.5,0.03,0.063,usda_sr_legacy
13097,"Lima beans, immature seeds, canned, no salt added, solids and liquids",,Köögivili,71,4.1,13.3,0.3,3.6,0.9,0.07,0.01,usda_sr_legacy
12916,"Lima beans, immature seeds, canned, regular pack, solids and liquids",,Köögivili,71,4.1,13.3,0.3,3.6,,0.07,0.63,usda_sr_legacy
13096,"Lima beans, immature seeds, cooked, boiled, drained",,Köögivili,123,6.8,23.6,0.3,5.3,1.6,0.07,0.633,usda_sr_legacy
12915,"Lima beans, immature seeds, cooked, boiled, drained",,Köögivili,123,6.8,23.6,0.3,5.4,1.6,0.07,0.043,usda_sr_legacy
13683,"Lima beans, immature seeds, frozen, baby, cooked",,Köögivili,105,6.7,19.5,0.3,4.8,1.4,0.07,0.073,usda_sr_legacy
13098,"Lima beans, immature seeds, frozen, baby, cooked",,Köögivili,105,6.7,19.5,0.3,4.8,1.4,0.07,0.663,usda_sr_legacy
13682,"Lima beans, immature seeds, frozen, baby, unprepared",,Köögivili,132,7.6,25.1,0.4,6,,0.1,0.13,usda_sr_legacy
12326,"Lima beans, immature seeds, frozen, fordhook, cooked",,Köögivili,103,6.1,19.3,0.3,5.3,1.3,0.08,0.723,usda_sr_legacy
13681,"Lima beans, immature seeds, frozen, fordhook, cooked",,Köögivili,103,6.1,19.3,0.3,5.3,1.3,0.08,0.173,usda_sr_legacy
13680,"Lima beans, immature seeds, frozen, fordhook, unprepared",,Köögivili,106,6.4,19.8,0.4,5.5,1.4,0.08,0.145,usda_sr_legacy
12224,"Lima beans, immature seeds, raw",,Köögivili,113,6.8,20.2,0.9,4.9,1.5,0.2,0.02,usda_sr_legacy
12258,"Lotus root, cooked, boiled, drained, without salt",,Köögivili,66,1.6,16,0.1,3.1,0.5,0.02,0.113,usda_sr_legacy
12364,"Lotus root, cooked, boiled, drained, with salt",,Köögivili,66,1.6,16,0.1,3.1,,0.02,0.703,usda_sr_legacy
13030,"Lotus root, raw",,Köögivili,74,2.6,17.2,0.1,4.9,,0.03,0.1,usda_sr_legacy
13180,"Malabar spinach, cooked",,Köögivili,23,3,2.7,0.8,2.1,,,0.138,usda_sr_legacy
12261,"Mountain yam, hawaii, cooked, steamed, without salt",,Köögivili,82,1.7,20,0.1,0,,0.02,0.03,usda_sr_legacy
12380,"Mountain yam, hawaii, cooked, steamed, with salt",,Köögivili,82,1.7,20,0.1,0,,0.02,0.62,usda_sr_legacy
12260,"Mountain yam, hawaii, raw",,Köögivili,67,1.3,16.3,0.1,2.5,0.3,0.02,0.033,usda_sr_legacy
12917,"Mung beans, mature seeds, sprouted, cooked, boiled",,Köögivili,21,2,4.2,0.1,0.8,2.8,0.03,0.025,usda_sr_legacy
12327,"Mung beans, mature seeds, sprouted, cooked, boiled",,Köögivili,19,2,3.6,0.1,0.8,2.8,0.03,0.615,usda_sr_legacy
12918,"Mung beans, mature seeds, sprouted, cooked, stir-fried",,Köögivili,50,4.3,10.6,0.2,1.9,,0.04,0.023,usda_sr_legacy
13684,"Mung beans, mature seeds, sprouted, raw",,Köögivili,30,3,5.9,0.2,1.8,4.1,0.05,0.015,usda_sr_legacy
12385,"Mushrooms, brown, italian, or crimini, exposed to ultraviolet light",,Köögivili,22,2.5,4.3,0.1,0.6,1.7,0.01,0.015,usda_sr_legacy
12262,"Mushrooms, brown, italian, or crimini, raw",,Köögivili,22,2.5,4.3,0.1,0.6,1.7,0.01,0.015,usda_sr_legacy
13034,"Mushrooms, canned, drained solids",,Köögivili,25,1.9,5.1,0.3,2.4,2.3,0.04,1.063,usda_sr_legacy
12250,"Mushrooms, Chanterelle, raw",,Köögivili,32,1.5,6.9,0.5,3.8,1.2,,0.023,usda_sr_legacy
13162,"Mushrooms, enoki, raw",,Köögivili,37,2.7,7.8,0.3,2.7,0.2,0.03,0.008,usda_sr_legacy
13183,"Mushrooms, maitake, raw",,Köögivili,31,1.9,7,0.2,2.7,2.1,0.03,0.003,usda_sr_legacy
12251,"Mushrooms, morel, raw",,Köögivili,31,3.1,5.1,0.6,2.8,0.6,0.07,0.053,usda_sr_legacy
12408,"Mushrooms, oyster, raw",,Köögivili,33,3.3,6.1,0.4,2.3,1.1,0.06,0.045,usda_sr_legacy
13157,"Mushrooms, portabella, exposed to ultraviolet light, grilled",,Köögivili,29,3.3,4.4,0.6,2.2,2.3,0.03,0.028,usda_sr_legacy
13870,"Mushrooms, portabella, exposed to ultraviolet light, raw",,Köögivili,22,2.1,3.9,0.4,1.3,2.5,0.06,0.023,usda_sr_legacy
13023,"Mushrooms, portabella, grilled",,Köögivili,29,3.3,4.4,0.6,2.2,2.3,0.06,0.028,usda_sr_legacy
13035,"Mushrooms, portabella, raw",,Köögivili,22,2.1,3.9,0.4,1.3,2.5,0.01,0.023,usda_sr_legacy
12265,"Mushrooms, shiitake, cooked, without salt",,Köögivili,56,1.6,14.4,0.2,2.1,3.8,0.05,0.01,usda_sr_legacy
13824,"Mushrooms, shiitake, cooked, with salt",,Köögivili,56,1.6,14.4,0.2,2.1,3.8,0.05,0.6,usda_sr_legacy
12264,"Mushrooms, shiitake, dried",,Köögivili,296,9.6,75.4,1,11.5,2.2,0.23,0.033,usda_sr_legacy
13022,"Mushrooms, shiitake, raw",,Köögivili,34,2.2,6.8,0.5,2.5,2.4,,0.023,usda_sr_legacy
12263,"Mushrooms, shiitake, stir-fried",,Köögivili,39,3.5,7.7,0.4,3.6,0.3,0.03,0.013,usda_sr_legacy
12410,"Mushrooms, straw, canned, drained solids",,Köögivili,32,3.8,4.6,0.7,2.5,,0.09,0.96,usda_sr_legacy
13032,"Mushrooms, white, cooked, boiled, drained",,Köögivili,28,2.2,5.3,0.5,2.2,2.3,0.06,0.005,usda_sr_legacy
12365,"Mushrooms, white, cooked, boiled, drained",,Köögivili,28,2.2,5.3,0.5,2.2,2.3,0.06,0.595,usda_sr_legacy
13182,"Mushrooms, white, microwaved",,Köögivili,35,3.9,6,0.5,2.5,0,0.06,0.043,usda_sr_legacy
13031,"Mushrooms, white, raw",,Köögivili,22,3.1,3.3,0.3,1,2,0.05,0.013,usda_sr_legacy
13033,"Mushrooms, white, stir-fried",,Köögivili,26,3.6,4,0.3,1.8,0,0.04,0.03,usda_sr_legacy
13156,"Mushroom, white, exposed to ultraviolet light, raw",,Köögivili,22,3.1,3.3,0.3,1,2,0.05,0.013,usda_sr_legacy
13037,"Mustard greens, cooked, boiled, drained, without salt",,Köögivili,26,2.6,4.5,0.5,2,1.4,0.01,0.023,usda_sr_legacy
14230,"Mustard greens, cooked, boiled, drained, with salt",,Köögivili,26,2.6,4.5,0.5,2,1.4,0.01,0.63,usda_sr_legacy
14231,"Mustard greens, frozen, cooked, boiled, drained",,Köögivili,19,2.3,3.1,0.3,2.8,0.3,0.01,0.653,usda_sr_legacy
13039,"Mustard greens, frozen, cooked, boiled, drained",,Köögivili,19,2.3,3.1,0.3,2.8,0.3,0.01,0.063,usda_sr_legacy
13038,"Mustard greens, frozen, unprepared",,Köögivili,20,2.5,3.4,0.3,3.3,,0.01,0.073,usda_sr_legacy
13036,"Mustard greens, raw",,Köögivili,27,2.9,4.7,0.4,3.2,1.3,0.01,0.05,usda_sr_legacy
14232,"Mustard spinach, (tendergreen), cooked, boiled, drained",,Köögivili,16,1.7,2.8,0.2,2,,,0.625,usda_sr_legacy
12267,"Mustard spinach, (tendergreen), cooked, boiled, drained",,Köögivili,16,1.7,2.8,0.2,2,,,0.035,usda_sr_legacy
12266,"Mustard spinach, (tendergreen), raw",,Köögivili,22,2.2,3.9,0.3,2.8,,0.02,0.053,usda_sr_legacy
12269,"New Zealand spinach, cooked, boiled, drained, without salt",,Köögivili,12,1.3,2.1,0.2,1.4,0.3,0.03,0.268,usda_sr_legacy
14233,"New zealand spinach, cooked, boiled, drained, with salt",,Köögivili,12,1.3,2.1,0.2,1.4,0.3,0.03,0.858,usda_sr_legacy
12268,"New Zealand spinach, raw",,Köögivili,14,1.5,2.5,0.2,1.5,0.3,0.03,0.325,usda_sr_legacy
13168,"Nopales, cooked, without salt",,Köögivili,15,1.4,3.3,0.1,2,1.1,0.01,0.05,usda_sr_legacy
12399,"Nopales, raw",,Köögivili,16,1.3,3.3,0.1,2.2,1.2,0.02,0.053,usda_sr_legacy
13041,"Okra, cooked, boiled, drained, without salt",,Köögivili,22,1.9,4.5,0.2,2.5,2.4,0.05,0.015,usda_sr_legacy
13825,"Okra, cooked, boiled, drained, with salt",,Köögivili,22,1.9,4.5,0.2,2.5,2.4,0.05,0.603,usda_sr_legacy
13826,"Okra, frozen, cooked, boiled, drained",,Köögivili,29,1.6,6.4,0.2,2.1,2.9,0.06,0.598,usda_sr_legacy
13043,"Okra, frozen, cooked, boiled, drained",,Köögivili,29,1.6,6.4,0.2,2.1,2.9,0.06,0.008,usda_sr_legacy
13042,"Okra, frozen, unprepared",,Köögivili,30,1.7,6.6,0.3,2.2,3,0.07,0.008,usda_sr_legacy
13040,"Okra, raw",,Köögivili,33,1.9,7.5,0.2,3.2,1.5,0.03,0.018,usda_sr_legacy
230,Onion (cooked),,Köögivili,44,1.2,10.2,0.2,1.4,0,,,
229,Onion (raw),,Köögivili,40,1.1,9.3,0.1,1.7,0,,,
14142,"Onion rings, breaded, par fried, frozen, prepared",,Köögivili,276,4.1,33.8,14.3,2.2,5.1,2.14,0.925,usda_sr_legacy
14141,"Onion rings, breaded, par fried, frozen, unprepared",,Köögivili,258,3.2,30.5,14.1,1.8,,4.53,0.615,usda_sr_legacy
13730,"Onions, canned, solids and liquids",,Köögivili,19,0.9,4,0.1,1.2,2.2,0.02,0.928,usda_sr_legacy
13728,"Onions, cooked, boiled, drained, without salt",,Köögivili,44,1.4,10.2,0.2,1.4,4.7,0.03,0.008,usda_sr_legacy
13827,"Onions, cooked, boiled, drained, with salt",,Köögivili,42,1.4,9.6,0.2,1.4,4.7,0.03,0.598,usda_sr_legacy
13729,"Onions, dehydrated flakes",,Köögivili,349,9,83.3,0.5,9.2,37.4,0.08,0.053,usda_sr_legacy
14138,"Onions, frozen, chopped, cooked, boiled",,Köögivili,28,0.8,6.6,0.1,1.8,2.9,0.02,0.03,usda_sr_legacy
13828,"Onions, frozen, chopped, cooked, boiled",,Köögivili,26,0.8,6,0.1,1.7,2.9,0.02,0.62,usda_sr_legacy
14137,"Onions, frozen, chopped, unprepared",,Köögivili,29,0.8,6.8,0.1,1.8,,0.02,0.03,usda_sr_legacy
14140,"Onions, frozen, whole, cooked, boiled",,Köögivili,28,0.7,6.7,0.1,1.4,2.9,0.01,0.02,usda_sr_legacy
14234,"Onions, frozen, whole, cooked, boiled",,Köögivili,26,0.7,6.1,0.1,1.4,2.9,0.01,0.61,usda_sr_legacy
14139,"Onions, frozen, whole, unprepared",,Köögivili,35,0.9,8.5,0.1,1.7,3.8,0.01,0.025,usda_sr_legacy
13727,"Onions, raw",,Köögivili,40,1.1,9.3,0.1,1.7,4.2,0.04,0.01,usda_sr_legacy
13732,"Onions, spring or scallions, raw",,Köögivili,32,1.8,7.3,0.2,2.6,2.3,0.03,0.04,usda_sr_legacy
13735,"Onions, sweet, raw",,Köögivili,32,0.8,7.6,0.1,0.9,5,,0.02,usda_sr_legacy
13734,"Onions, welsh, raw",,Köögivili,34,1.9,6.5,0.4,2.4,2.2,0.07,0.043,usda_sr_legacy
13731,"Onions, yellow, sauteed",,Köögivili,123,1,7.9,10.8,1.7,,1.48,0.03,usda_sr_legacy
13733,"Onions, young green, tops only",,Köögivili,27,1,5.7,0.5,1.8,3.9,0.17,0.038,usda_sr_legacy
14213,"Parsley, freeze-dried",,Köögivili,271,31.3,42.4,5.2,32.7,,,0.978,usda_sr_legacy
14143,"Parsley, fresh",,Köögivili,36,3,6.3,0.8,3.3,0.9,0.13,0.14,usda_sr_legacy
13736,"Parsnips, cooked, boiled, drained, without salt",,Köögivili,71,1.3,17,0.3,3.6,4.8,0.05,0.025,usda_sr_legacy
14235,"Parsnips, cooked, boiled, drained, with salt",,Köögivili,71,1.3,17,0.3,4,4.8,0.05,0.615,usda_sr_legacy
14144,"Parsnips, raw",,Köögivili,75,1.2,18,0.3,4.9,4.8,0.05,0.025,usda_sr_legacy
14239,"Peas and carrots, canned, no salt added, solids and liquids",,Köögivili,38,2.2,8.5,0.3,3.3,2.8,0.05,0.01,usda_sr_legacy
14151,"Peas and carrots, canned, regular pack, solids and liquids",,Köögivili,38,2.2,8.5,0.3,2,,0.05,0.65,usda_sr_legacy
14240,"Peas and carrots, frozen, cooked, boiled, drained",,Köögivili,48,3.1,10.1,0.4,3.1,4.4,0.08,0.76,usda_sr_legacy
13745,"Peas and carrots, frozen, cooked, boiled, drained",,Köögivili,48,3.1,10.1,0.4,3.1,4.4,0.08,0.17,usda_sr_legacy
14152,"Peas and carrots, frozen, unprepared",,Köögivili,53,3.4,11.2,0.5,3.4,,0.08,0.198,usda_sr_legacy
13746,"Peas and onions, canned, solids and liquids",,Köögivili,51,3.3,8.6,0.4,2.3,,0.07,1.105,usda_sr_legacy
13748,"Peas and onions, frozen, cooked, boiled, drained",,Köögivili,45,2.5,8.6,0.2,2.2,3.8,0.04,0.093,usda_sr_legacy
14241,"Peas and onions, frozen, cooked, boiled, drained",,Köögivili,45,2.5,8.6,0.2,2.2,3.8,0.04,0.683,usda_sr_legacy
13747,"Peas and onions, frozen, unprepared",,Köögivili,70,4,13.5,0.3,3.5,,0.06,0.153,usda_sr_legacy
13738,"Peas, edible-podded, boiled, drained, without salt",,Köögivili,42,3.3,7.1,0.2,2.8,4,0.04,0.01,usda_sr_legacy
14236,"Peas, edible-podded, cooked, boiled, drained",,Köögivili,40,3.3,6.5,0.2,2.8,4,0.04,0.6,usda_sr_legacy
14237,"Peas, edible-podded, frozen, cooked, boiled",,Köögivili,50,3.5,8.4,0.4,3.1,4.8,0.07,0.603,usda_sr_legacy
14145,"Peas, edible-podded, frozen, cooked, boiled",,Köögivili,52,3.5,9,0.4,3.1,4.8,0.07,0.013,usda_sr_legacy
13739,"Peas, edible-podded, frozen, unprepared",,Köögivili,42,2.8,7.2,0.3,3.1,,0.06,0.01,usda_sr_legacy
13737,"Peas, edible-podded, raw",,Köögivili,42,2.8,7.6,0.2,2.6,4,0.04,0.01,usda_sr_legacy
13742,"Peas, green, canned, drained solids, rinsed in tap water",,Köögivili,71,4.3,11.8,1,0,,0.17,0.578,usda_sr_legacy
13740,"Peas, green, canned, drained solids, unprepared",,Köögivili,68,4.5,11.4,0.8,4.9,3,0.14,0.683,usda_sr_legacy
13831,"Peas, green, canned, no salt added, drained solids",,Köögivili,69,4.4,12.6,0.4,4.1,4.2,0.06,0.005,usda_sr_legacy
13830,"Peas, green, canned, no salt added, solids and liquids",,Köögivili,53,3.2,9.8,0.3,3.3,3.2,0.05,0.023,usda_sr_legacy
14148,"Peas, green, canned, regular pack, solids and liquids",,Köögivili,58,3,10.6,0.5,3.3,3.2,0.09,0.463,usda_sr_legacy
13741,"Peas, green, canned, seasoned, solids and liquids",,Köögivili,50,3.1,9.3,0.3,2,,0.05,0.635,usda_sr_legacy
14147,"Peas, green, cooked, boiled, drained",,Köögivili,84,5.4,15.6,0.2,5.5,5.9,0.04,0.008,usda_sr_legacy
13829,"Peas, green, cooked, boiled, drained",,Köögivili,84,5.4,15.6,0.2,5.5,5.9,0.04,0.598,usda_sr_legacy
13832,"Peas, green, frozen, cooked, boiled",,Köögivili,78,5.2,14.3,0.3,4.5,4.4,0.05,0.808,usda_sr_legacy
13744,"Peas, green, frozen, cooked, boiled",,Köögivili,78,5.2,14.3,0.3,4.5,4.4,0.05,0.18,usda_sr_legacy
13743,"Peas, green, frozen, unprepared",,Köögivili,77,5.2,13.6,0.4,4.5,5,0.07,0.27,usda_sr_legacy
14146,"Peas, green, raw",,Köögivili,81,5.4,14.5,0.4,5.7,5.7,0.07,0.013,usda_sr_legacy
14150,"Peas, mature seeds, sprouted, cooked, boiled",,Köögivili,98,7.1,17.1,0.5,0,,0.09,0.008,usda_sr_legacy
14238,"Peas, mature seeds, sprouted, cooked, boiled",,Köögivili,98,7.1,17.1,0.5,0,,0.09,0.598,usda_sr_legacy
14149,"Peas, mature seeds, sprouted, raw",,Köögivili,124,8.8,27.1,0.7,0,,0.12,0.05,usda_sr_legacy
12246,"Pepeao, dried",,Köögivili,298,4.8,81,0.4,0,,,0.175,usda_sr_legacy
13174,"Pepper, banana, raw",,Köögivili,27,1.7,5.4,0.5,3.4,2,0.05,0.033,usda_sr_legacy
13176,"Peppers, ancho, dried",,Köögivili,281,11.9,51.4,8.2,21.6,,0.82,0.108,usda_sr_legacy
12405,"Peppers, chili, green, canned",,Köögivili,21,0.7,4.6,0.3,1.7,,0.03,0.993,usda_sr_legacy
12398,"Peppers, hot chile, sun-dried",,Köögivili,324,10.6,69.9,5.8,28.7,41.1,0.81,0.228,usda_sr_legacy
14153,"Peppers, hot chili, green, canned, pods",,Köögivili,21,0.9,5.1,0.1,1.3,3.1,0.01,2.933,usda_sr_legacy
14224,"Peppers, hot chili, green, raw",,Köögivili,40,2,9.5,0.2,1.5,5.1,0.02,0.018,usda_sr_legacy
13834,"Peppers, hot chili, red, canned, excluding seeds",,Köögivili,21,0.9,5.1,0.1,1.3,3.3,0.01,2.933,usda_sr_legacy
13833,"Peppers, hot chili, red, raw",,Köögivili,40,1.9,8.8,0.4,1.5,5.3,0.04,0.023,usda_sr_legacy
13546,"Peppers, hot pickled, canned",,Köögivili,22,0.8,4.6,0.4,2.6,1.6,0.06,3.575,usda_sr_legacy
12406,"Peppers, hungarian, raw",,Köögivili,29,0.8,6.7,0.4,1,3.5,0.05,0.003,usda_sr_legacy
13807,"Peppers, jalapeno, canned, solids and liquids",,Köögivili,27,0.9,4.7,0.9,2.6,2.1,0.1,4.178,usda_sr_legacy
12404,"Peppers, jalapeno, raw",,Köögivili,29,0.9,6.5,0.4,2.8,4.1,0.09,0.008,usda_sr_legacy
12407,"Peppers, pasilla, dried",,Köögivili,345,12.4,51.1,15.9,26.8,,,0.223,usda_sr_legacy
13175,"Peppers, serrano, raw",,Köögivili,32,1.7,6.7,0.4,3.7,3.8,0.06,0.025,usda_sr_legacy
14156,"Peppers, sweet, green, canned, solids and liquids",,Köögivili,18,0.8,3.9,0.3,1.2,,0.05,3.423,usda_sr_legacy
13836,"Peppers, sweet, green, cooked, boiled",,Köögivili,26,0.9,6.1,0.2,1.2,3.2,0.03,0.595,usda_sr_legacy
14155,"Peppers, sweet, green, cooked, boiled",,Köögivili,28,0.9,6.7,0.2,1.2,3.2,0.03,0.005,usda_sr_legacy
13749,"Peppers, sweet, green, frozen, chopped",,Köögivili,20,1.1,4.5,0.2,1.6,,0.03,0.013,usda_sr_legacy
13750,"Peppers, sweet, green, frozen, chopped",,Köögivili,18,1,3.9,0.2,0.9,,0.03,0.01,usda_sr_legacy
14243,"Peppers, sweet, green, frozen, chopped",,Köögivili,16,1,3.3,0.2,0.9,,0.03,0.6,usda_sr_legacy
14154,"Peppers, sweet, green, raw",,Köögivili,20,0.9,4.6,0.2,1.7,2.4,0.06,0.008,usda_sr_legacy
13751,"Peppers, sweet, green, sauteed",,Köögivili,116,0.8,4.2,11.9,1.8,2.2,1.59,0.043,usda_sr_legacy
12374,"Peppers, sweet, red, canned, solids and liquids",,Köögivili,18,0.8,3.9,0.3,1.2,,0.05,3.423,usda_sr_legacy
14242,"Peppers, sweet, red, cooked, boiled",,Köögivili,26,0.9,6.1,0.2,1.2,4.4,0.03,0.595,usda_sr_legacy
13837,"Peppers, sweet, red, cooked, boiled",,Köögivili,28,0.9,6.7,0.2,1.2,4.4,0.03,0.005,usda_sr_legacy
13153,"Peppers, sweet, red, freeze-dried",,Köögivili,314,17.9,68.7,3,21.3,40.8,0.45,0.483,usda_sr_legacy
12377,"Peppers, sweet, red, frozen, chopped",,Köögivili,16,1,3.3,0.2,0.8,2.9,0.03,0.6,usda_sr_legacy
12375,"Peppers, sweet, red, frozen, chopped",,Köögivili,20,1.1,4.5,0.2,1.6,3.3,0.03,0.013,usda_sr_legacy
12376,"Peppers, sweet, red, frozen, chopped",,Köögivili,16,1,3.3,0.2,0.8,2.9,0.03,0.01,usda_sr_legacy
13835,"Peppers, sweet, red, raw",,Köögivili,26,1,6,0.3,2.1,4.2,0.06,0.01,usda_sr_legacy
12378,"Peppers, sweet, red, sauteed",,Köögivili,133,1,6.6,12.8,1.8,4.3,1.56,0.053,usda_sr_legacy
13163,"Peppers, sweet, yellow, raw",,Köögivili,27,1,6.3,0.2,0.9,,0.03,0.005,usda_sr_legacy
13166,"Pickle relish, hamburger",,Köögivili,129,0.6,34.5,0.5,3.2,,0.05,2.74,usda_sr_legacy
12388,"Pickle relish, hot dog",,Köögivili,91,1.5,23.4,0.5,1.5,,0.04,2.728,usda_sr_legacy
12389,"Pickle relish, sweet",,Köögivili,130,0.4,35.1,0.5,1.1,29.1,0.05,2.028,usda_sr_legacy
13177,"Pickles, chowchow, with cauliflower onion mustard, sweet",,Köögivili,121,1.5,26.6,0.9,1.5,23.9,0.15,1.318,usda_sr_legacy
12386,"Pickles, cucumber, dill or kosher dill",,Köögivili,12,0.5,2.4,0.3,1,1.1,0.08,2.023,usda_sr_legacy
12391,"Pickles, cucumber, dill, reduced sodium",,Köögivili,12,0.5,2.4,0.3,1,1.1,0.08,0.045,usda_sr_legacy
13159,"Pickles, cucumber, sour",,Köögivili,11,0.3,2.3,0.2,1.2,1.1,0.05,3.02,usda_sr_legacy
12390,"Pickles, cucumber, sour, low sodium",,Köögivili,11,0.3,2.3,0.2,1.2,1.1,0.05,0.045,usda_sr_legacy
13158,"Pickles, cucumber, sweet",,Köögivili,91,0.6,21.2,0.4,1,18.3,0.07,1.143,usda_sr_legacy
13160,"Pickles, cucumber, sweet, low sodium",,Köögivili,122,0.4,33.7,0.3,1.1,26.7,0.07,0.045,usda_sr_legacy
14157,"Pigeonpeas, immature seeds, cooked, boiled, drained",,Köögivili,111,6,19.5,1.4,4.2,2.5,0.37,0.013,usda_sr_legacy
14244,"Pigeonpeas, immature seeds, cooked, boiled, drained",,Köögivili,111,6,19.5,1.4,4.2,2.5,0.37,0.6,usda_sr_legacy
13752,"Pigeonpeas, immature seeds, raw",,Köögivili,136,7.2,23.9,1.6,5.1,3,0.35,0.013,usda_sr_legacy
12387,"Pimento, canned",,Köögivili,23,1.1,5.1,0.3,1.9,2.7,0.05,0.035,usda_sr_legacy
242,Poblano pepper,,Köögivili,20,0.9,4.4,0.2,1.9,0,,,
14158,Poi,,Köögivili,112,0.4,27.2,0.1,0.4,0.4,0.03,0.03,usda_sr_legacy
14160,"Pokeberry shoots, (poke), cooked, boiled, drained",,Köögivili,20,2.3,3.1,0.4,1.5,1.6,0.09,0.045,usda_sr_legacy
14245,"Pokeberry shoots, (poke), cooked, boiled, drained",,Köögivili,20,2.3,3.1,0.4,1.5,1.6,,0.635,usda_sr_legacy
14159,"Pokeberry shoots, (poke), raw",,Köögivili,23,2.6,3.7,0.4,1.7,,,0.058,usda_sr_legacy
12278,"Pumpkin, canned, without salt",,Köögivili,34,1.1,8.1,0.3,2.9,3.3,0.15,0.013,usda_sr_legacy
14254,"Pumpkin, canned, with salt",,Köögivili,34,1.1,8.1,0.3,2.9,3.3,0.15,0.603,usda_sr_legacy
12277,"Pumpkin, cooked, boiled, drained, without salt",,Köögivili,20,0.7,4.9,0.1,1.1,2.1,0.04,0.003,usda_sr_legacy
14253,"Pumpkin, cooked, boiled, drained, with salt",,Köögivili,18,0.7,4.3,0.1,1.1,2.1,0.04,0.593,usda_sr_legacy
13846,"Pumpkin, flowers, cooked, boiled, drained",,Köögivili,15,1.1,3.2,0.1,0.9,2.4,0.04,0.605,usda_sr_legacy
13051,"Pumpkin flowers, cooked, boiled, drained, without salt",,Köögivili,15,1.1,3.3,0.1,0.9,2.4,0.04,0.015,usda_sr_legacy
13050,"Pumpkin flowers, raw",,Köögivili,15,1,3.3,0.1,0,,0.04,0.013,usda_sr_legacy
12275,"Pumpkin leaves, cooked, boiled, drained, without salt",,Köögivili,21,2.7,3.4,0.2,2.7,0.7,0.11,0.02,usda_sr_legacy
13847,"Pumpkin leaves, cooked, boiled, drained, with salt",,Köögivili,21,2.7,3.4,0.2,2.7,0.7,0.11,0.61,usda_sr_legacy
13052,"Pumpkin leaves, raw",,Köögivili,19,3.2,2.3,0.4,0,,0.21,0.028,usda_sr_legacy
13053,"Pumpkin pie mix, canned",,Köögivili,104,1.1,26.4,0.1,8.3,,0.07,0.52,usda_sr_legacy
12276,"Pumpkin, raw",,Köögivili,26,1,6.5,0.1,0.5,2.8,0.05,0.003,usda_sr_legacy
13055,"Purslane, cooked, boiled, drained, without salt",,Köögivili,18,1.5,3.6,0.2,0,,,0.11,usda_sr_legacy
13848,"Purslane, cooked, boiled, drained, with salt",,Köögivili,18,1.5,3.6,0.2,0,,,0.7,usda_sr_legacy
13054,"Purslane, raw",,Köögivili,20,2,3.4,0.4,0,,,0.113,usda_sr_legacy
251,Radicchio,,Köögivili,23,1.4,4.5,0.3,0.9,0,,,
12392,"Radicchio, raw",,Köögivili,23,1.4,4.5,0.3,0.9,0.6,0.06,0.055,usda_sr_legacy
13616,"Radishes, hawaiian style, pickled",,Köögivili,28,1.1,5.2,0.3,2.2,2,0.09,1.973,usda_sr_legacy
12280,"Radishes, oriental, cooked, boiled, drained",,Köögivili,17,0.7,3.4,0.2,1.6,1.8,0.07,0.033,usda_sr_legacy
13849,"Radishes, oriental, cooked, boiled, drained",,Köögivili,17,0.7,3.4,0.2,1.6,1.8,0.07,0.623,usda_sr_legacy
12281,"Radishes, oriental, dried",,Köögivili,271,7.9,63.4,0.7,23.9,37.3,0.22,0.695,usda_sr_legacy
12279,"Radishes, oriental, raw",,Köögivili,18,0.6,4.1,0.1,1.6,2.5,0.03,0.053,usda_sr_legacy
13056,"Radishes, raw",,Köögivili,16,0.7,3.4,0.1,1.6,1.9,0.03,0.098,usda_sr_legacy
13808,"Radishes, white icicle, raw",,Köögivili,14,1.1,2.6,0.1,1.4,,0.03,0.04,usda_sr_legacy
13822,"Radish seeds, sprouted, raw",,Köögivili,43,3.8,3.6,2.5,0,,0.77,0.015,usda_sr_legacy
236,Red bell pepper (raw),,Köögivili,31,1,6,0.3,2.1,0,,,
231,Red onion,,Köögivili,40,1.1,9.3,0.1,1.7,0,,,
246,Romaine lettuce,,Köögivili,17,1.2,3.3,0.3,2.1,0,,,
12283,"Rutabagas, cooked, boiled, drained, without salt",,Köögivili,30,0.9,6.8,0.2,1.8,4,0.03,0.013,usda_sr_legacy
14255,"Rutabagas, cooked, boiled, drained, with salt",,Köögivili,30,0.9,6.8,0.2,1.8,4,0.03,0.635,usda_sr_legacy
12282,"Rutabagas, raw",,Köögivili,37,1.1,8.6,0.2,2.3,4.5,0.03,0.03,usda_sr_legacy
13058,"Salsify, cooked, boiled, drained, without salt",,Köögivili,68,2.7,15.4,0.2,3.1,2.9,0.04,0.04,usda_sr_legacy
14256,"Salsify, cooked, boiled, drained, with salt",,Köögivili,68,2.7,15.4,0.2,3.1,2.9,,0.63,usda_sr_legacy
13057,"Salsify, (vegetable oyster), raw",,Köögivili,82,3.3,18.6,0.2,3.3,,,0.05,usda_sr_legacy
13059,"Sauerkraut, canned, solids and liquids",,Köögivili,19,0.9,4.3,0.1,2.9,1.8,0.03,1.653,usda_sr_legacy
13817,"Seaweed, agar, dried",,Köögivili,306,6.2,80.9,0.3,7.7,3,0.06,0.255,usda_sr_legacy
13060,"Seaweed, agar, raw",,Köögivili,26,0.5,6.8,0,0.5,0.3,0.01,0.023,usda_sr_legacy
11542,"Seaweed, Canadian Cultivated EMI-TSUNOMATA, dry",,Köögivili,259,15.3,46.2,1.4,36.7,,0.45,10.828,usda_sr_legacy
11543,"Seaweed, Canadian Cultivated EMI-TSUNOMATA, rehydrated",,Köögivili,31,1.9,5.6,0.2,4.5,,0.05,1.315,usda_sr_legacy
12284,"Seaweed, irishmoss, raw",,Köögivili,49,1.5,12.3,0.2,1.3,0.6,0.03,0.168,usda_sr_legacy
12285,"Seaweed, kelp, raw",,Köögivili,43,1.7,9.6,0.6,1.3,0.6,0.25,0.583,usda_sr_legacy
12286,"Seaweed, laver, raw",,Köögivili,35,5.8,5.1,0.3,0.3,0.5,0.06,0.12,usda_sr_legacy
14222,"Seaweed, spirulina, dried",,Köögivili,290,57.5,23.9,7.7,3.6,3.1,2.65,2.62,usda_sr_legacy
13818,"Seaweed, spirulina, raw",,Köögivili,26,5.9,2.4,0.4,0.4,0.3,0.14,0.245,usda_sr_legacy
14223,"Seaweed, wakame, raw",,Köögivili,45,3,9.1,0.6,0.5,0.7,0.13,2.18,usda_sr_legacy
241,Serrano pepper,,Köögivili,32,1.7,6.7,0.4,3.7,0,,,
13061,"Sesbania flower, cooked, steamed, without salt",,Köögivili,22,1.1,5.2,0.1,0,,,0.028,usda_sr_legacy
13148,"Sesbania flower, cooked, steamed, with salt",,Köögivili,21,1.1,5.1,0.1,0,,,0.618,usda_sr_legacy
12287,"Sesbania flower, raw",,Köögivili,27,1.3,6.7,0,0,,,0.038,usda_sr_legacy
233,Shallot,,Köögivili,72,2.5,16.8,0.1,3.2,0,,,
13809,"Shallots, freeze-dried",,Köögivili,348,12.3,80.7,0.5,15.7,38.2,0.08,0.148,usda_sr_legacy
14226,"Shallots, raw",,Köögivili,72,2.5,16.8,0.1,3.2,7.9,0.02,0.03,usda_sr_legacy
13063,"Soybeans, green, cooked, boiled, drained",,Köögivili,141,12.4,11.1,6.4,4.2,,0.74,0.035,usda_sr_legacy
14257,"Soybeans, green, cooked, boiled, drained",,Köögivili,141,12.4,11.1,6.4,4.2,,0.74,0.625,usda_sr_legacy
13062,"Soybeans, green, raw",,Köögivili,147,13,11.1,6.8,4.2,,0.79,0.038,usda_sr_legacy
12288,"Soybeans, mature seeds, sprouted, cooked, steamed",,Köögivili,81,8.5,6.5,4.5,0.8,0.5,0.62,0.025,usda_sr_legacy
13149,"Soybeans, mature seeds, sprouted, cooked, steamed",,Köögivili,81,8.5,6.5,4.5,0.8,0.4,0.62,0.615,usda_sr_legacy
13150,"Soybeans, mature seeds, sprouted, cooked, stir-fried",,Köögivili,125,13.1,9.4,7.1,0.8,,,0.625,usda_sr_legacy
12289,"Soybeans, mature seeds, sprouted, cooked, stir-fried",,Köögivili,125,13.1,9.4,7.1,0.8,,0.99,0.035,usda_sr_legacy
13064,"Soybeans, mature seeds, sprouted, raw",,Köögivili,122,13.1,9.6,6.7,1.1,,0.93,0.035,usda_sr_legacy
13850,"Spinach, canned, no salt added, solids and liquids",,Köögivili,19,2.1,2.9,0.4,2.2,0.3,0.06,0.188,usda_sr_legacy
13066,"Spinach, canned, regular pack, drained solids",,Köögivili,23,2.8,3.4,0.5,2.4,0.4,0.08,0.805,usda_sr_legacy
13065,"Spinach, canned, regular pack, solids and liquids",,Köögivili,19,2.1,2.9,0.4,1.6,0.3,0.06,0.798,usda_sr_legacy
12291,"Spinach, cooked, boiled, drained, without salt",,Köögivili,23,3,3.8,0.3,2.4,0.4,0.04,0.175,usda_sr_legacy
14258,"Spinach, cooked, boiled, drained, with salt",,Köögivili,23,3,3.8,0.3,2.4,0.4,0.04,0.765,usda_sr_legacy
13068,"Spinach, frozen, chopped or leaf, cooked, boiled",,Köögivili,34,4,4.8,0.9,3.7,0.5,0.16,0.243,usda_sr_legacy
13851,"Spinach, frozen, chopped or leaf, cooked, boiled",,Köögivili,34,4,4.8,0.9,3.7,0.5,0.04,0.805,usda_sr_legacy
13067,"Spinach, frozen, chopped or leaf, unprepared",,Köögivili,29,3.6,4.2,0.6,2.9,0.7,0.04,0.185,usda_sr_legacy
12290,"Spinach, raw",,Köögivili,23,2.9,3.6,0.4,2.2,0.4,0.06,0.198,usda_sr_legacy
14221,Spinach souffle,,Köögivili,172,7.9,5.9,13,0.7,1.9,6.09,1.415,usda_sr_legacy
232,Spring onion / green onion,,Köögivili,32,1.8,7.3,0.2,2.6,0,,,
14215,"Squash, summer, cooked, boiled, drained",,Köögivili,20,0.9,4.3,0.3,1.4,2.6,0.06,0.003,usda_sr_legacy
13852,"Squash, summer, cooked, boiled, drained",,Köögivili,20,0.9,4.3,0.3,1.4,2.6,0.06,0.593,usda_sr_legacy
12294,"Squash, summer, crookneck and straightneck, canned, drained",,Köögivili,13,0.6,3,0.1,1.4,1.2,0.02,0.013,usda_sr_legacy
13853,"Squash, summer, crookneck and straightneck, cooked, boiled",,Köögivili,19,1,3.8,0.4,1.1,2.5,0.06,0.593,usda_sr_legacy
12293,"Squash, summer, crookneck and straightneck, cooked, boiled",,Köögivili,19,1,3.8,0.4,1.1,2.5,0.06,0.003,usda_sr_legacy
12296,"Squash, summer, crookneck and straightneck, frozen, cooked",,Köögivili,25,1.3,5.5,0.2,1.4,2.3,0.04,0.015,usda_sr_legacy
14259,"Squash, summer, crookneck and straightneck, frozen, cooked",,Köögivili,25,1.3,5.5,0.2,1.4,2.3,0.04,0.605,usda_sr_legacy
12295,"Squash, summer, crookneck and straightneck, frozen, unprepared",,Köögivili,20,0.8,4.8,0.1,1.2,,0.03,0.013,usda_sr_legacy
12292,"Squash, summer, crookneck and straightneck, raw",,Köögivili,19,1,3.9,0.3,1,2.9,0.09,0.005,usda_sr_legacy
14214,"Squash, summer, raw",,Köögivili,16,1.2,3.4,0.2,1.1,2.2,0.04,0.005,usda_sr_legacy
14260,"Squash, summer, scallop, cooked, boiled",,Köögivili,16,1,3.3,0.2,1.9,1.5,0.04,0.593,usda_sr_legacy
13070,"Squash, summer, scallop, cooked, boiled",,Köögivili,16,1,3.3,0.2,1.9,1.5,0.04,0.003,usda_sr_legacy
13069,"Squash, summer, scallop, raw",,Köögivili,18,1.2,3.8,0.2,1.2,2.4,0.04,0.003,usda_sr_legacy
13072,"Squash, summer, zucchini, cooked, boiled",,Köögivili,15,1.1,2.7,0.4,1,1.7,0.07,0.008,usda_sr_legacy
14261,"Squash, summer, zucchini, cooked, boiled",,Köögivili,15,1.1,2.7,0.4,1,1.7,0.07,0.598,usda_sr_legacy
12298,"Squash, summer, zucchini, frozen, cooked",,Köögivili,17,1.2,3.6,0.1,1.3,1.7,0.03,0.005,usda_sr_legacy
14262,"Squash, summer, zucchini, frozen, cooked",,Köögivili,14,1.2,3,0.1,1.3,1.7,0.03,0.595,usda_sr_legacy
12297,"Squash, summer, zucchini, frozen, unprepared",,Köögivili,17,1.2,3.6,0.1,1.3,1.7,0.03,0.005,usda_sr_legacy
12299,"Squash, summer, zucchini, italian style, canned",,Köögivili,29,1,6.9,0.1,0,,0.02,0.935,usda_sr_legacy
13071,"Squash, summer, zucchini, raw",,Köögivili,17,1.2,3.1,0.3,1,2.5,0.08,0.02,usda_sr_legacy
12393,"Squash, zucchini, baby, raw",,Köögivili,21,2.7,3.1,0.4,1.1,,0.08,0.008,usda_sr_legacy
13855,"Squash, winter, acorn, cooked, baked",,Köögivili,56,1.1,14.6,0.1,4.4,,0.03,0.6,usda_sr_legacy
13073,"Squash, winter, acorn, cooked, baked",,Köögivili,56,1.1,14.6,0.1,4.4,,0.03,0.01,usda_sr_legacy
13856,"Squash, winter, acorn, cooked, boiled",,Köögivili,34,0.7,8.8,0.1,2.6,,0.02,0.598,usda_sr_legacy
13074,"Squash, winter, acorn, cooked, boiled",,Köögivili,34,0.7,8.8,0.1,2.6,,0.02,0.008,usda_sr_legacy
12300,"Squash, winter, acorn, raw",,Köögivili,40,0.8,10.4,0.1,1.5,,0.02,0.008,usda_sr_legacy
13857,"Squash, winter, butternut, cooked, baked",,Köögivili,40,0.9,10.5,0.1,3.2,2,0.02,0.6,usda_sr_legacy
13076,"Squash, winter, butternut, cooked, baked",,Köögivili,40,0.9,10.5,0.1,3.2,2,0.02,0.01,usda_sr_legacy
12302,"Squash, winter, butternut, frozen, cooked",,Köögivili,39,1.2,10.1,0.1,0,,0.01,0.005,usda_sr_legacy
14263,"Squash, winter, butternut, frozen, cooked",,Köögivili,39,1.2,10,0.1,0,,0.01,0.595,usda_sr_legacy
12301,"Squash, winter, butternut, frozen, unprepared",,Köögivili,57,1.8,14.4,0.1,1.3,2.8,0.02,0.005,usda_sr_legacy
13075,"Squash, winter, butternut, raw",,Köögivili,45,1,11.7,0.1,2,2.2,0.02,0.01,usda_sr_legacy
14217,"Squash, winter, cooked, baked, without salt",,Köögivili,37,0.9,8.9,0.4,2.8,3.3,0.07,0.003,usda_sr_legacy
13854,"Squash, winter, cooked, baked, with salt",,Köögivili,37,0.9,8.9,0.4,2.8,3.3,0.07,0.593,usda_sr_legacy
12304,"Squash, winter, hubbard, baked, without salt",,Köögivili,50,2.5,10.8,0.6,4.9,4.9,0.13,0.02,usda_sr_legacy
14264,"Squash, winter, hubbard, baked, with salt",,Köögivili,50,2.5,10.8,0.6,4.9,4.9,0.13,0.61,usda_sr_legacy
14265,"Squash, winter, hubbard, cooked, boiled",,Köögivili,30,1.5,6.5,0.4,2.9,2.9,0.08,0.603,usda_sr_legacy
13077,"Squash, winter, hubbard, cooked, boiled",,Köögivili,30,1.5,6.5,0.4,2.9,2.9,0.08,0.013,usda_sr_legacy
12303,"Squash, winter, hubbard, raw",,Köögivili,40,2,8.7,0.5,3.9,4,0.1,0.018,usda_sr_legacy
14216,"Squash, winter, raw",,Köögivili,34,1,8.6,0.1,1.5,2.2,0.03,0.01,usda_sr_legacy
14266,"Squash, winter, spaghetti, cooked, boiled",,Köögivili,27,0.7,6.5,0.3,1.4,2.5,0.06,0.635,usda_sr_legacy
13079,"Squash, winter, spaghetti, cooked, boiled",,Köögivili,27,0.7,6.5,0.3,1.4,2.5,0.06,0.045,usda_sr_legacy
13078,"Squash, winter, spaghetti, raw",,Köögivili,31,0.6,6.9,0.6,1.5,2.8,0.12,0.043,usda_sr_legacy
12306,"Succotash, (corn and limas), canned, with cream style corn",,Köögivili,77,2.6,17.6,0.5,3,,0.1,0.613,usda_sr_legacy
12307,"Succotash, (corn and limas), canned, with whole kernel corn, solids and liquids",,Köögivili,63,2.6,14,0.5,2.6,,0.09,0.553,usda_sr_legacy
12305,"Succotash, (corn and limas), cooked, boiled, drained",,Köögivili,115,5.1,24.4,0.8,4.5,,0.15,0.043,usda_sr_legacy
14267,"Succotash, (corn and limas), cooked, boiled, drained",,Köögivili,111,5.1,24.4,0.8,0,,0.15,0.633,usda_sr_legacy
12309,"Succotash, (corn and limas), frozen, cooked, boiled",,Köögivili,93,4.3,20,0.9,4.1,2.2,0.17,0.113,usda_sr_legacy
13858,"Succotash, (corn and limas), frozen, cooked, boiled",,Köögivili,93,4.3,20,0.9,4.1,2.2,0.17,0.703,usda_sr_legacy
12308,"Succotash, (corn and limas), frozen, unprepared",,Köögivili,93,4.3,19.9,0.9,4,,0.17,0.113,usda_sr_legacy
13080,"Succotash, (corn and limas), raw",,Köögivili,99,5,19.6,1,3.8,,0.19,0.01,usda_sr_legacy
225,Sun-dried tomato,,Köögivili,258,14.1,55.8,2.9,12.3,0,,,
12314,"Taro, cooked, without salt",,Köögivili,142,0.5,34.6,0.1,5.1,0.5,0.02,0.038,usda_sr_legacy
14270,"Taro, cooked, with salt",,Köögivili,142,0.5,34.6,0.1,5.1,0.5,0.02,0.628,usda_sr_legacy
12316,"Taro leaves, cooked, steamed, without salt",,Köögivili,24,2.7,4,0.4,2,,0.08,0.005,usda_sr_legacy
14271,"Taro, leaves, cooked, steamed, with salt",,Köögivili,24,2.7,3.9,0.4,2,,0.08,0.595,usda_sr_legacy
12315,"Taro leaves, raw",,Köögivili,42,5,6.7,0.7,3.7,3,0.15,0.008,usda_sr_legacy
13088,"Taro, raw",,Köögivili,112,1.5,26.5,0.2,4.1,0.4,0.04,0.028,usda_sr_legacy
13089,"Taro shoots, cooked, without salt",,Köögivili,14,0.7,3.2,0.1,0,,0.02,0.005,usda_sr_legacy
13862,"Taro, shoots, cooked, with salt",,Köögivili,14,0.7,3.2,0.1,0,,0.02,0.595,usda_sr_legacy
12317,"Taro shoots, raw",,Köögivili,11,0.9,2.3,0.1,0,,0.02,0.003,usda_sr_legacy
14182,"Taro, tahitian, cooked, without salt",,Köögivili,44,4.2,6.9,0.7,0,,0.14,0.135,usda_sr_legacy
13863,"Taro, tahitian, cooked, with salt",,Köögivili,44,4.2,6.9,0.7,0,,0.14,0.725,usda_sr_legacy
13090,"Taro, tahitian, raw",,Köögivili,44,2.8,6.9,1,0,,0.2,0.125,usda_sr_legacy
12394,"Tomatillos, raw",,Köögivili,32,1,5.8,1,1.9,3.9,0.14,0.003,usda_sr_legacy
11597,"Tomato and vegetable juice, low sodium",,Köögivili,22,0.6,4.6,0.1,0.8,3.3,0.01,0.145,usda_sr_legacy
14228,"Tomatoes, crushed, canned",,Köögivili,32,1.6,7.3,0.3,1.9,4.4,0.04,0.465,usda_sr_legacy
14183,"Tomatoes, green, raw",,Köögivili,23,1.2,5.1,0.2,1.1,4,0.03,0.033,usda_sr_legacy
14229,"Tomatoes, orange, raw",,Köögivili,16,1.2,3.2,0.2,0.9,,0.03,0.105,usda_sr_legacy
13778,"Tomatoes, red, ripe, canned, packed in tomato juice",,Köögivili,16,0.8,3.5,0.3,1.9,2.6,0.03,0.288,usda_sr_legacy
13865,"Tomatoes, red, ripe, canned, packed in tomato juice",,Köögivili,16,0.8,3.5,0.3,1.9,2.6,0.03,0.025,usda_sr_legacy
13779,"Tomatoes, red, ripe, canned, stewed",,Köögivili,26,0.9,6.2,0.2,1,3.5,0.03,0.553,usda_sr_legacy
13780,"Tomatoes, red, ripe, canned, with green chilies",,Köögivili,15,0.7,3.6,0.1,0,,0.01,1.003,usda_sr_legacy
13777,"Tomatoes, red, ripe, cooked",,Köögivili,18,1,4,0.1,0.7,2.5,0.02,0.028,usda_sr_legacy
13816,"Tomatoes, red, ripe, cooked, stewed",,Köögivili,79,2,13.1,2.7,1.7,,0.52,1.138,usda_sr_legacy
13864,"Tomatoes, red, ripe, cooked, with salt",,Köögivili,18,1,4,0.1,0.7,2.5,0.02,0.618,usda_sr_legacy
14184,"Tomatoes, red, ripe, raw",,Köögivili,18,0.9,3.9,0.2,1.2,2.6,0.03,0.013,usda_sr_legacy
12395,"Tomatoes, sun-dried",,Köögivili,258,14.1,55.8,3,12.3,37.6,0.43,0.268,usda_sr_legacy
13164,"Tomatoes, sun-dried, packed in oil, drained",,Köögivili,213,5.1,23.3,14.1,5.8,,1.89,0.665,usda_sr_legacy
13823,"Tomatoes, yellow, raw",,Köögivili,15,1,3,0.3,0.7,,0.04,0.058,usda_sr_legacy
14272,"Tomato juice, canned, without salt added",,Köögivili,17,0.9,3.5,0.3,0.4,2.6,0.02,0.025,usda_sr_legacy
14185,"Tomato juice, canned, with salt added",,Köögivili,17,0.9,3.5,0.3,0.4,2.6,0.02,0.633,usda_sr_legacy
226,Tomato paste,,Köögivili,82,4.3,19,0.5,4.1,0,,,
14188,Tomato powder,,Köögivili,302,12.9,74.7,0.4,16.5,43.9,0.06,0.335,usda_sr_legacy
14186,"Tomato products, canned, paste, without salt added",,Köögivili,82,4.3,18.9,0.5,4.1,12.2,0.1,0.148,usda_sr_legacy
14187,"Tomato products, canned, puree, without salt added",,Köögivili,38,1.7,9,0.2,1.9,4.8,0.03,0.07,usda_sr_legacy
14273,"Tomato products, canned, puree, with salt added",,Köögivili,38,1.7,9,0.2,1.9,4.8,0.03,0.505,usda_sr_legacy
13781,"Tomato products, canned, sauce",,Köögivili,24,1.2,5.3,0.3,1.5,3.6,0.04,1.185,usda_sr_legacy
13812,"Tomato products, canned, sauce, spanish style",,Köögivili,33,1.4,7.2,0.3,1.4,,0.04,1.18,usda_sr_legacy
13784,"Tomato products, canned, sauce, with herbs and cheese",,Köögivili,59,2.1,10.2,1.9,2.2,,0.63,1.358,usda_sr_legacy
13782,"Tomato products, canned, sauce, with mushrooms",,Köögivili,35,1.5,8.4,0.1,1.5,5.8,0.02,1.13,usda_sr_legacy
13783,"Tomato products, canned, sauce, with onions",,Köögivili,42,1.6,9.9,0.2,1.8,,0.03,1.378,usda_sr_legacy
14189,"Tomato products, canned, sauce, with onions, green peppers",,Köögivili,41,0.9,8.8,0.7,1.4,7.4,0.13,0.92,usda_sr_legacy
14190,"Tomato products, canned, sauce, with tomato tidbits",,Köögivili,32,1.3,7.1,0.4,1.4,,0.06,0.038,usda_sr_legacy
223,Tomato (raw),,Köögivili,18,0.9,3.9,0.2,1.2,0,,,
227,Tomato sauce,,Köögivili,32,1.6,7.1,0.4,1.6,0,,,
12854,"Tomato sauce, canned, no salt added",,Köögivili,24,1.2,5.3,0.3,1.5,3.6,0.04,0.028,usda_sr_legacy
14191,"Tree fern, cooked, without salt",,Köögivili,40,0.3,11,0.1,3.7,,0.01,0.013,usda_sr_legacy
12381,"Tree fern, cooked, with salt",,Köögivili,40,0.3,10.8,0.1,3.7,,,0.603,usda_sr_legacy
13789,"Turnip greens and turnips, frozen, cooked, boiled, drained",,Köögivili,35,3,4.9,0.4,3.1,1.1,0.09,0.048,usda_sr_legacy
13868,"Turnip greens and turnips, frozen, cooked, boiled, drained",,Köögivili,34,3,4.7,0.4,3.1,1,0.09,0.638,usda_sr_legacy
14197,"Turnip greens and turnips, frozen, unprepared",,Köögivili,21,2.5,3.4,0.2,2.4,,0.03,0.045,usda_sr_legacy
11953,"Turnip greens, canned, no salt added",,Köögivili,19,1.4,2.8,0.3,1.3,0.4,0.07,0.073,usda_sr_legacy
14194,"Turnip greens, canned, solids and liquids",,Köögivili,14,1.4,2.4,0.3,1.7,,0.07,0.693,usda_sr_legacy
14193,"Turnip greens, cooked, boiled, drained, without salt",,Köögivili,20,1.1,4.4,0.2,3.5,0.5,0.05,0.073,usda_sr_legacy
13866,"Turnip greens, cooked, boiled, drained, with salt",,Köögivili,20,1.1,4.4,0.2,3.5,0.5,0.05,0.663,usda_sr_legacy
14196,"Turnip greens, frozen, cooked, boiled, drained",,Köögivili,29,3.4,5,0.4,3.4,0.8,0.1,0.038,usda_sr_legacy
13867,"Turnip greens, frozen, cooked, boiled, drained",,Köögivili,29,3.4,5,0.4,3.4,0.8,0.1,0.628,usda_sr_legacy
14195,"Turnip greens, frozen, unprepared",,Köögivili,22,2.5,3.7,0.3,2.5,,0.07,0.03,usda_sr_legacy
13788,"Turnip greens, raw",,Köögivili,32,1.5,7.1,0.3,3.2,0.8,0.07,0.1,usda_sr_legacy
13785,"Turnips, cooked, boiled, drained, without salt",,Köögivili,22,0.7,5.1,0.1,2,3,0.01,0.04,usda_sr_legacy
14274,"Turnips, cooked, boiled, drained, with salt",,Köögivili,22,0.7,5.1,0.1,2,3,0.01,0.715,usda_sr_legacy
13787,"Turnips, frozen, cooked, boiled, drained",,Köögivili,23,1.5,4.4,0.2,2,2.4,0.03,0.09,usda_sr_legacy
14275,"Turnips, frozen, cooked, boiled, drained",,Köögivili,21,1.5,3.7,0.2,2,1.7,0.03,0.68,usda_sr_legacy
13786,"Turnips, frozen, unprepared",,Köögivili,16,1,2.9,0.2,1.8,,0.02,0.063,usda_sr_legacy
14192,"Turnips, raw",,Köögivili,28,0.9,6.4,0.1,1.8,3.8,0.01,0.168,usda_sr_legacy
13547,"Vegetable juice, BOLTHOUSE FARMS, DAILY GREENS",,Köögivili,31,0.5,8.1,0,1.9,5.4,0.02,0.038,usda_sr_legacy
13790,"Vegetable juice cocktail, canned",,Köögivili,22,0.9,3.9,0.3,0.5,2.8,0.09,0.423,usda_sr_legacy
14200,"Vegetable juice cocktail, low sodium, canned",,Köögivili,19,0.9,3.8,0.3,0.5,2.8,0.09,0.138,usda_sr_legacy
13792,"Vegetables, mixed, canned, drained solids",,Köögivili,49,2.6,9.3,0.3,3,2.4,0.05,0.535,usda_sr_legacy
13791,"Vegetables, mixed, canned, solids and liquids",,Köögivili,36,1.4,7.1,0.3,3.8,,0.05,0.56,usda_sr_legacy
12865,"Vegetables, mixed (corn, lima beans, peas, green beans",,Köögivili,37,1.4,7.3,0.2,3.1,2.4,0.04,0.065,usda_sr_legacy
14199,"Vegetables, mixed, frozen, cooked, boiled",,Köögivili,65,2.9,13.1,0.2,4.4,3.1,0.03,0.088,usda_sr_legacy
13869,"Vegetables, mixed, frozen, cooked, boiled",,Köögivili,60,2.9,13.1,0.2,4.4,3.1,0.03,0.678,usda_sr_legacy
14198,"Vegetables, mixed, frozen, unprepared",,Köögivili,72,3.3,13.5,0.5,4,,0.1,0.118,usda_sr_legacy
14201,"Vinespinach, (basella), raw",,Köögivili,19,1.8,3.4,0.3,0,,,0.06,usda_sr_legacy
12411,"Wasabi, root, raw",,Köögivili,109,4.8,23.5,0.6,7.8,,,0.043,usda_sr_legacy
13794,"Waterchestnuts, chinese, canned, solids and liquids",,Köögivili,50,0.9,12.3,0.1,2.5,2.5,0.02,0.02,usda_sr_legacy
13793,"Waterchestnuts, chinese, (matai), raw",,Köögivili,97,1.4,23.9,0.1,3,4.8,0.03,0.035,usda_sr_legacy
13082,"Water convolvulus, cooked, boiled, drained, without salt",,Köögivili,20,2.1,3.7,0.2,1.9,,0.04,0.305,usda_sr_legacy
13859,"Water convolvulus, cooked, boiled, drained, with salt",,Köögivili,20,2.1,3.7,0.2,1.9,,,0.895,usda_sr_legacy
13081,"Water convolvulus, raw",,Köögivili,19,2.6,3.1,0.2,2.1,,,0.283,usda_sr_legacy
249,Watercress,,Köögivili,11,2.3,1.3,0.1,0.5,0,,,
13795,"Watercress, raw",,Köögivili,11,2.3,1.3,0.1,0.5,0.2,0.03,0.103,usda_sr_legacy
14276,"Waxgourd, (chinese preserving melon), cooked, boiled, drained",,Köögivili,11,0.4,2.5,0.2,1,1.2,0.02,0.858,usda_sr_legacy
14202,"Waxgourd, (chinese preserving melon), cooked, boiled, drained",,Köögivili,14,0.4,3,0.2,1,1.2,0.02,0.268,usda_sr_legacy
13796,"Waxgourd, (chinese preserving melon), raw",,Köögivili,13,0.4,3,0.2,2.9,,0.02,0.278,usda_sr_legacy
14277,"Winged bean, immature seeds, cooked, boiled, drained",,Köögivili,37,5.3,3.2,0.7,0,,0.1,0.6,usda_sr_legacy
14205,"Winged bean leaves, raw",,Köögivili,74,5.9,14.1,1.1,0,,0.27,0.023,usda_sr_legacy
14204,"Winged beans, immature seeds, cooked, boiled, drained",,Köögivili,38,5.3,3.2,0.7,0,,0.18,0.01,usda_sr_legacy
14203,"Winged beans, immature seeds, raw",,Köögivili,49,7,4.3,0.9,0,,0.24,0.01,usda_sr_legacy
13797,"Winged bean tuber, raw",,Köögivili,148,11.6,28.1,0.9,0,,0.22,0.088,usda_sr_legacy
13801,"Yambean (jicama), cooked, boiled, drained, without salt",,Köögivili,38,0.7,8.8,0.1,0,,,0.01,usda_sr_legacy
13138,"Yambean (jicama), cooked, boiled, drained, with salt",,Köögivili,36,0.7,8.2,0.1,0,,,0.605,usda_sr_legacy
13800,"Yambean (jicama), raw",,Köögivili,38,0.7,8.8,0.1,4.9,1.8,0.02,0.01,usda_sr_legacy
14278,"Yam, cooked, boiled, drained, or baked",,Köögivili,114,1.5,27,0.1,3.9,0.5,0.03,0.61,usda_sr_legacy
13799,"Yam, cooked, boiled, drained, or baked",,Köögivili,116,1.5,27.5,0.1,3.9,0.5,0.03,0.02,usda_sr_legacy
13798,"Yam, raw",,Köögivili,118,1.5,27.9,0.2,4.1,0.5,0.04,0.023,usda_sr_legacy
13003,"Yardlong bean, cooked, boiled, drained, without salt",,Köögivili,47,2.5,9.2,0.1,0,,0.03,0.01,usda_sr_legacy
13139,"Yardlong bean, cooked, boiled, drained, with salt",,Köögivili,47,2.5,9.2,0.1,0,,0.03,0.6,usda_sr_legacy
13002,"Yardlong bean, raw",,Köögivili,47,2.8,8.4,0.4,0,,0.11,0.01,usda_sr_legacy
13181,"Yautia (tannier), raw",,Köögivili,98,1.5,23.6,0.4,1.5,,0.08,0.053,usda_sr_legacy
11606,Yeast extract spread,,Köögivili,185,23.9,20.4,0.9,6.5,1.6,0,8.45,usda_sr_legacy
238,Yellow bell pepper (raw),,Köögivili,27,1,6.3,0.2,0.9,0,,,
11530,"Andrea's, Gluten Free Soft Dinner Roll",,Leivad ja pagarittooted,257,5.7,40.2,8.2,2.9,3,,1.36,usda_sr_legacy
18487,"Archway Home Style Cookies, Chocolate Chip Ice Box",,Leivad ja pagarittooted,497,4.3,65,24.4,2,34.1,8.08,0.675,usda_sr_legacy
16752,"Archway Home Style Cookies, Coconut Macaroon",,Leivad ja pagarittooted,460,3,61.2,22.6,5.1,45.2,20.1,0.5,usda_sr_legacy
16753,"Archway Home Style Cookies, Date Filled Oatmeal",,Leivad ja pagarittooted,400,4.7,68.2,12.1,2.1,34.3,2.76,0.828,usda_sr_legacy
16754,"Archway Home Style Cookies, Dutch Cocoa",,Leivad ja pagarittooted,431,4.5,69.4,15,2.6,35.4,3.62,0.96,usda_sr_legacy
16755,"Archway Home Style Cookies, Frosty Lemon",,Leivad ja pagarittooted,430,4.4,64.8,17.1,0.7,33.4,5.83,1.123,usda_sr_legacy
16756,"Archway Home Style Cookies, Iced Molasses",,Leivad ja pagarittooted,420,3.5,69.1,14.4,1,38.4,4.16,1.513,usda_sr_legacy
18488,"Archway Home Style Cookies, Iced Oatmeal",,Leivad ja pagarittooted,435,4.9,66.8,16.5,2,37.2,4.61,0.943,usda_sr_legacy
18489,"Archway Home Style Cookies, Molasses",,Leivad ja pagarittooted,403,4.3,69.4,12.1,1.2,36.4,2.81,1.443,usda_sr_legacy
18490,"Archway Home Style Cookies, Oatmeal",,Leivad ja pagarittooted,421,5.5,68.2,14.1,2.9,34.5,3.2,0.985,usda_sr_legacy
18491,"Archway Home Style Cookies, Oatmeal Raisin",,Leivad ja pagarittooted,406,5.2,69.3,12.1,2.7,39.6,2.75,0.848,usda_sr_legacy
16757,"Archway Home Style Cookies, Old Fashioned Molasses",,Leivad ja pagarittooted,406,4.3,70.6,11.8,1.1,36.1,2.77,1.403,usda_sr_legacy
16758,"Archway Home Style Cookies, Old Fashioned Windmill Cookies",,Leivad ja pagarittooted,468,5.2,72.2,17.6,1.8,32.6,3.75,1.178,usda_sr_legacy
16759,"Archway Home Style Cookies, Peanut Butter",,Leivad ja pagarittooted,480,9,58.5,24.3,2.8,32.6,5.39,1.01,usda_sr_legacy
16760,"Archway Home Style Cookies, Raspberry Filled",,Leivad ja pagarittooted,400,4.4,65.9,13.3,2.2,31.8,5.16,0.835,usda_sr_legacy
18493,"Archway Home Style Cookies, Reduced Fat Ginger Snaps",,Leivad ja pagarittooted,424,4.7,76.2,11.1,1.1,36.3,2.6,1.015,usda_sr_legacy
18492,"Archway Home Style Cookies, Strawberry Filled",,Leivad ja pagarittooted,400,4.4,65.9,13.3,2.2,31.8,5.16,0.943,usda_sr_legacy
18486,"Archway Home Style Cookies, Sugar Free Oatmeal",,Leivad ja pagarittooted,442,5.5,67.2,20.9,1.9,1.3,4.9,0.77,usda_sr_legacy
18494,"Artificial Blueberry Muffin Mix, dry",,Leivad ja pagarittooted,407,4.7,77.5,8.7,0,,1.87,1.9,usda_sr_legacy
1940,Bagel,,Leivad ja pagarittooted,257,10,49.5,1.5,2.5,0,,,
16179,"Bagels, cinnamon-raisin",,Leivad ja pagarittooted,274,9.8,55.2,1.7,2.3,6,0.27,1.018,usda_sr_legacy
16180,"Bagels, cinnamon-raisin, toasted",,Leivad ja pagarittooted,294,10.6,59.3,1.8,2.5,6.4,0.3,0.925,usda_sr_legacy
18317,"Bagels, egg",,Leivad ja pagarittooted,278,10.6,53,2.1,2.3,,0.42,1.263,usda_sr_legacy
15450,"Bagels, multigrain",,Leivad ja pagarittooted,241,9.9,47.5,1.2,6.2,8.7,0,0.898,usda_sr_legacy
16181,"Bagels, oat bran",,Leivad ja pagarittooted,255,10.7,53.3,1.2,3.6,1.6,0.19,1.475,usda_sr_legacy
18315,"Bagels, plain, with calcium propionate",,Leivad ja pagarittooted,264,10.6,52.4,1.3,1.6,8.4,0.36,1.055,usda_sr_legacy
18466,"Bagels, plain, with calcium propionate",,Leivad ja pagarittooted,275,10.5,53.4,1.6,2.3,,0.22,1.335,usda_sr_legacy
18316,"Bagels, plain, with calcium propionate, toasted",,Leivad ja pagarittooted,287,11.1,57.4,1.4,1.8,9.1,0.23,1.143,usda_sr_legacy
18467,"Bagels, plain, without calcium propionate",,Leivad ja pagarittooted,275,10.5,53.4,1.6,2.3,,0.22,1.335,usda_sr_legacy
18465,"Bagels, plain, without calcium propionate",,Leivad ja pagarittooted,275,10.5,53.4,1.6,2.3,,0.22,1.335,usda_sr_legacy
11473,"Bagels, wheat",,Leivad ja pagarittooted,250,10.2,48.9,1.5,4.1,6.1,0,1.098,usda_sr_legacy
17514,"Bagels, whole grain white",,Leivad ja pagarittooted,255,9.3,54.5,0,4.7,9.3,0,0.93,usda_sr_legacy
1928,Baguette,,Leivad ja pagarittooted,277,9,55.5,1.5,2,0,,,
16186,"Biscuits, mixed grain, refrigerated dough",,Leivad ja pagarittooted,263,6.1,47.4,5.6,0,,1.37,1.675,usda_sr_legacy
16185,"Biscuits, plain or buttermilk",,Leivad ja pagarittooted,353,7,44.6,16.3,1.5,2.2,4.32,1.45,usda_sr_legacy
18318,"Biscuits, plain or buttermilk, dry mix",,Leivad ja pagarittooted,428,8,63.4,15.4,2.1,11.7,3.97,3.19,usda_sr_legacy
18319,"Biscuits, plain or buttermilk, dry mix, prepared",,Leivad ja pagarittooted,335,7.3,48.4,12.1,1.8,,2.79,2.388,usda_sr_legacy
16182,"Biscuits, plain or buttermilk, frozen, baked",,Leivad ja pagarittooted,338,6.2,53.9,11,1.3,3.5,1.68,2.355,usda_sr_legacy
16183,"Biscuits, plain or buttermilk, refrigerated dough, higher fat",,Leivad ja pagarittooted,307,6.7,46.3,10.6,0.7,7.4,2.81,2.443,usda_sr_legacy
16184,"Biscuits, plain or buttermilk, refrigerated dough, higher fat, baked",,Leivad ja pagarittooted,324,6.8,49.1,11.2,2.8,8.2,5.51,2.505,usda_sr_legacy
18320,"Biscuits, plain or buttermilk, refrigerated dough, lower fat",,Leivad ja pagarittooted,270,6.7,43.7,7.8,2,7.2,3.14,2.07,usda_sr_legacy
18321,"Biscuits, plain or buttermilk, refrigerated dough, lower fat, baked",,Leivad ja pagarittooted,319,7.8,51.6,9.1,2.3,8.1,3.65,2.405,usda_sr_legacy
1939,Blueberry muffin,,Leivad ja pagarittooted,361,5.5,55,13.5,1.8,0,,,
18322,"Bread, banana, made with margarine",,Leivad ja pagarittooted,326,4.3,54.6,10.5,1.1,,2.24,0.755,usda_sr_legacy
18323,"Bread, boston brown, canned",,Leivad ja pagarittooted,195,5.2,43.3,1.5,4.7,2.4,0.28,1.578,usda_sr_legacy
15442,"Bread, chapati or roti, plain",,Leivad ja pagarittooted,297,11.3,46.4,7.5,4.9,2.7,1.95,1.023,usda_sr_legacy
17497,"Bread, chapati or roti, whole wheat, frozen",,Leivad ja pagarittooted,299,7.9,46.1,9.2,9.7,2.9,3.31,0.745,usda_sr_legacy
11825,"Bread, cheese",,Leivad ja pagarittooted,408,10.4,44.8,20.8,2.1,2.1,6.25,1.875,usda_sr_legacy
15447,"Bread, cinnamon",,Leivad ja pagarittooted,253,7.1,44.4,5.3,3.5,14.1,0,0.97,usda_sr_legacy
16330,"Bread, cornbread, dry mix",,Leivad ja pagarittooted,418,7,69.5,12.2,6.5,,3.09,2.778,usda_sr_legacy
18324,"Bread, cornbread, dry mix",,Leivad ja pagarittooted,418,7,69.5,12.2,6.5,20.3,3.09,2.043,usda_sr_legacy
18325,"Bread, cornbread, dry mix, prepared with 2% milk, 80% margarine",,Leivad ja pagarittooted,330,6.6,54.5,9.6,2.3,16.1,3.73,1.498,usda_sr_legacy
18326,"Bread, cornbread, made with low fat (2%) milk",,Leivad ja pagarittooted,266,6.7,43.5,7.1,0,,1.56,1.645,usda_sr_legacy
16187,"Bread, cracked-wheat",,Leivad ja pagarittooted,260,8.7,49.5,3.9,5.5,,0.92,1.345,usda_sr_legacy
18344,"Bread, crumbs, dry, grated, plain",,Leivad ja pagarittooted,395,13.4,72,5.3,4.5,6.2,1.2,1.83,usda_sr_legacy
16321,"Bread, crumbs, dry, grated, seasoned",,Leivad ja pagarittooted,383,14.1,68.5,5.5,4.9,5.7,1.39,5.25,usda_sr_legacy
16188,"Bread, egg",,Leivad ja pagarittooted,287,9.5,47.8,6,2.3,1.8,1.59,0.95,usda_sr_legacy
16189,"Bread, egg, toasted",,Leivad ja pagarittooted,315,10.5,52.6,6.6,2.5,1.9,1.62,1.043,usda_sr_legacy
16190,"Bread, french or vienna",,Leivad ja pagarittooted,272,10.8,51.9,2.4,2.2,4.6,0.53,1.505,usda_sr_legacy
18327,"Bread, french or vienna, toasted",,Leivad ja pagarittooted,319,13,61.9,2.1,3.1,3.6,0.5,1.8,usda_sr_legacy
17513,"Bread, french or vienna, whole wheat",,Leivad ja pagarittooted,239,8.3,49.1,1,4.2,0,0,0.938,usda_sr_legacy
17521,"Bread, gluten-free, white, made with potato extract, rice starch",,Leivad ja pagarittooted,320,3.1,52.8,10.7,3.5,8.4,0.34,1.32,usda_sr_legacy
17522,"Bread, gluten-free, white, made with rice flour, corn starch",,Leivad ja pagarittooted,248,4.3,45.8,5.2,4.3,3.5,0.98,1.118,usda_sr_legacy
17523,"Bread, gluten-free, white, made with tapioca starch and brown rice flour",,Leivad ja pagarittooted,298,5.4,51.2,8,5.5,11.3,0.63,1.288,usda_sr_legacy
17524,"Bread, gluten-free, whole grain, made with tapioca starch and brown rice flour",,Leivad ja pagarittooted,309,7.3,49.1,9.3,4.9,9.8,0.27,1.275,usda_sr_legacy
18328,"Bread, irish soda",,Leivad ja pagarittooted,290,6.6,56,5,2.6,,1.11,0.995,usda_sr_legacy
18329,"Bread, Italian",,Leivad ja pagarittooted,259,9.5,48.1,2.7,2.1,4.7,0.54,1.545,usda_sr_legacy
11894,"Bread, multi-grain",,Leivad ja pagarittooted,265,13.4,43.3,4.2,7.4,6.4,0.87,0.953,usda_sr_legacy
18330,"Bread, multi-grain, toasted",,Leivad ja pagarittooted,288,14.5,47.1,4.6,8.1,6.9,0.95,1.035,usda_sr_legacy
15443,"Bread, naan, plain, refrigerated",,Leivad ja pagarittooted,291,9.6,50.4,5.7,2.2,3.6,1.39,1.163,usda_sr_legacy
17499,"Bread, naan, whole wheat, refrigerated",,Leivad ja pagarittooted,286,10.2,46.2,6.7,4.8,3.4,2.91,1.168,usda_sr_legacy
16191,"Bread, oat bran",,Leivad ja pagarittooted,236,10.4,39.8,4.4,4.5,7.7,0.7,0.883,usda_sr_legacy
16192,"Bread, oat bran, toasted",,Leivad ja pagarittooted,259,11.4,43.7,4.8,4.9,8.5,0.77,0.968,usda_sr_legacy
16193,"Bread, oatmeal",,Leivad ja pagarittooted,269,8.4,48.5,4.4,4,8.1,0.7,1.118,usda_sr_legacy
16194,"Bread, oatmeal, toasted",,Leivad ja pagarittooted,292,9.2,52.7,4.8,4.3,8.8,0.76,1.215,usda_sr_legacy
11816,"Bread, pan dulce, sweet yeast bread",,Leivad ja pagarittooted,367,9.4,56.4,11.6,2.3,12.5,2.18,0.57,usda_sr_legacy
17498,"Bread, paratha, whole wheat, frozen",,Leivad ja pagarittooted,326,6.4,45.4,13.2,9.6,4.2,5.83,1.13,usda_sr_legacy
16331,"Bread, pita, white",,Leivad ja pagarittooted,275,9.1,55.7,1.2,2.2,,0.17,1.34,usda_sr_legacy
18331,"Bread, pita, white",,Leivad ja pagarittooted,275,9.1,55.7,1.2,2.2,1.3,0.17,1.34,usda_sr_legacy
18332,"Bread, pita, whole-wheat",,Leivad ja pagarittooted,262,9.8,55.9,1.7,6.1,2.9,0.21,1.053,usda_sr_legacy
11824,"Bread, potato",,Leivad ja pagarittooted,266,12.5,47.1,3.1,6.3,9.4,0,0.938,usda_sr_legacy
11467,"Bread, pound cake type, pan de torta salvadoran",,Leivad ja pagarittooted,390,7.1,51.3,17.5,1.7,18.1,3.04,0.975,usda_sr_legacy
18333,"Bread, protein",,Leivad ja pagarittooted,245,12.1,43.8,2.2,3,1.4,0.33,1.01,usda_sr_legacy
16324,"Bread, protein, toasted",,Leivad ja pagarittooted,270,13.2,48.1,2.4,3.3,1.4,0.36,1.11,usda_sr_legacy
18334,"Bread, pumpernickel",,Leivad ja pagarittooted,250,8.7,47.5,3.1,6.5,0.5,0.44,1.49,usda_sr_legacy
16195,"Bread, raisin",,Leivad ja pagarittooted,274,7.9,52.3,4.4,4.3,5.7,1.08,0.868,usda_sr_legacy
16332,"Bread, raisin",,Leivad ja pagarittooted,274,7.9,52.3,4.4,4.3,,1.08,0.975,usda_sr_legacy
16196,"Bread, raisin, toasted",,Leivad ja pagarittooted,297,8.6,56.9,4.8,4.7,6.2,1.18,0.943,usda_sr_legacy
16197,"Bread, reduced-calorie, oat bran",,Leivad ja pagarittooted,201,8,41.3,3.2,12,3.5,0.45,1.148,usda_sr_legacy
16198,"Bread, reduced-calorie, oat bran, toasted",,Leivad ja pagarittooted,239,9.5,49.2,3.8,14.3,4.2,0.53,1.368,usda_sr_legacy
18335,"Bread, reduced-calorie, oatmeal",,Leivad ja pagarittooted,210,7.6,43.3,3.5,0,,0.6,0.97,usda_sr_legacy
18336,"Bread, reduced-calorie, rye",,Leivad ja pagarittooted,203,9.1,40.5,2.9,12,2.3,0.37,1.283,usda_sr_legacy
18337,"Bread, reduced-calorie, wheat",,Leivad ja pagarittooted,217,13.3,42.5,2.9,11.1,3.7,0.84,0.83,usda_sr_legacy
18338,"Bread, reduced-calorie, white",,Leivad ja pagarittooted,207,8.7,44.3,2.5,9.7,4.8,0.55,1.198,usda_sr_legacy
18339,"Bread, rice bran",,Leivad ja pagarittooted,243,8.9,43.5,4.6,4.9,4.7,0.71,0.673,usda_sr_legacy
18460,"Bread, rice bran, toasted",,Leivad ja pagarittooted,264,9.7,47.3,5,5.3,5.1,0.77,0.73,usda_sr_legacy
17500,"Bread, roll, Mexican, bollilo",,Leivad ja pagarittooted,318,10.7,55.8,5.8,2.2,3.6,1.4,1.265,usda_sr_legacy
16199,"Bread, rye",,Leivad ja pagarittooted,259,8.5,48.3,3.3,5.8,3.9,0.63,1.508,usda_sr_legacy
16200,"Bread, rye, toasted",,Leivad ja pagarittooted,284,9.4,53.1,3.6,6.4,4.2,0.69,1.66,usda_sr_legacy
11466,"Bread, salvadoran sweet cheese (quesadilla salvadorena)",,Leivad ja pagarittooted,374,7.1,47.8,17.1,0.7,24.9,4.61,1.275,usda_sr_legacy
18345,"Bread, sticks, plain",,Leivad ja pagarittooted,412,12,68.4,9.5,3,1.3,1.41,1.783,usda_sr_legacy
16207,"Bread, stuffing, cornbread, dry mix",,Leivad ja pagarittooted,389,10,76.7,4.2,14.3,13.2,0.92,3.573,usda_sr_legacy
16208,"Bread, stuffing, cornbread, dry mix, prepared",,Leivad ja pagarittooted,179,2.9,21.9,8.8,2.9,0,1.76,1.315,usda_sr_legacy
18346,"Bread, stuffing, dry mix",,Leivad ja pagarittooted,386,11,76.2,3.4,3.2,8.3,0.85,3.513,usda_sr_legacy
18347,"Bread, stuffing, dry mix, prepared",,Leivad ja pagarittooted,195,2.7,18.8,12.1,0.8,2,2.32,1.198,usda_sr_legacy
16201,"Bread, wheat",,Leivad ja pagarittooted,274,10.7,47.5,4.5,4,5.7,0.7,1.183,usda_sr_legacy
15448,"Bread, wheat, sprouted",,Leivad ja pagarittooted,188,13.2,33.9,0,5.3,2.6,0,1.185,usda_sr_legacy
15449,"Bread, wheat, sprouted, toasted",,Leivad ja pagarittooted,205,14.3,36.8,0,5.7,2.9,0,1.288,usda_sr_legacy
16202,"Bread, wheat, toasted",,Leivad ja pagarittooted,313,13,55.8,4.3,4.7,6.4,0.99,1.503,usda_sr_legacy
18340,"Bread, white",,Leivad ja pagarittooted,266,8.9,49.4,3.3,2.7,5.7,0.7,1.225,usda_sr_legacy
16333,"Bread, white, low sodium, no salt",,Leivad ja pagarittooted,267,8.2,49.6,3.6,2.3,4.3,0.81,0.745,usda_sr_legacy
18343,"Bread, white, made with low fat (2%) milk",,Leivad ja pagarittooted,285,7.9,49.6,5.7,2,,1.18,0.898,usda_sr_legacy
18342,"Bread, white, made with nonfat dry milk",,Leivad ja pagarittooted,274,7.7,53.6,2.6,2,,0.39,0.84,usda_sr_legacy
18341,"Bread, white, toasted",,Leivad ja pagarittooted,290,9,54.5,4,2.9,6.2,0.76,1.343,usda_sr_legacy
16341,"Bread, white, toasted, low sodium no salt",,Leivad ja pagarittooted,293,9,54.4,4,0,,0.89,0.94,usda_sr_legacy
11472,"Bread, white wheat",,Leivad ja pagarittooted,238,10.7,43.9,2.2,9.2,5,0.63,1.195,usda_sr_legacy
16205,"Bread, whole-wheat",,Leivad ja pagarittooted,278,8.4,51.4,5.4,6,3.8,0.8,0.865,usda_sr_legacy
16203,"Bread, whole-wheat",,Leivad ja pagarittooted,252,12.5,42.7,3.5,6,4.3,0.72,1.138,usda_sr_legacy
16206,"Bread, whole-wheat, toasted",,Leivad ja pagarittooted,305,9.2,56.4,5.9,6.7,4.2,0.87,0.953,usda_sr_legacy
16204,"Bread, whole-wheat, toasted",,Leivad ja pagarittooted,306,16.3,51.2,4.1,7.5,5.8,0.92,1.413,usda_sr_legacy
16209,"Cake, angelfood",,Leivad ja pagarittooted,258,5.9,57.8,0.8,1.5,,0.12,1.873,usda_sr_legacy
16210,"Cake, angelfood, dry mix, prepared",,Leivad ja pagarittooted,257,6.1,58.7,0.3,0.2,30.5,0.04,1.278,usda_sr_legacy
16211,"Cake, boston cream pie",,Leivad ja pagarittooted,252,2.4,42.9,8.5,1.4,36.1,2.45,0.635,usda_sr_legacy
16226,"Cake, cheesecake",,Leivad ja pagarittooted,321,5.5,25.5,22.5,0.4,21.8,9.92,1.095,usda_sr_legacy
16227,"Cake, cheesecake, prepared from mix, no-bake type",,Leivad ja pagarittooted,274,5.5,35.5,12.7,1.9,,6.69,0.95,usda_sr_legacy
18349,"Cake, cherry fudge with chocolate frosting",,Leivad ja pagarittooted,264,2.4,38,12.5,0.5,32.9,5.07,0.41,usda_sr_legacy
18350,"Cake, chocolate, commercially prepared with chocolate frosting, in-store bakery",,Leivad ja pagarittooted,389,3.5,52.8,20.1,2.2,40,5.92,0.87,usda_sr_legacy
16212,"Cake, chocolate, prepared from recipe without frosting",,Leivad ja pagarittooted,371,5.3,53.4,15.1,1.6,,5.43,0.788,usda_sr_legacy
16214,"Cake, coffeecake, cheese",,Leivad ja pagarittooted,339,7,44.3,15.2,1,,5.39,0.848,usda_sr_legacy
16215,"Cake, coffeecake, cinnamon with crumb topping",,Leivad ja pagarittooted,418,6.8,46.7,23.3,2,,5.8,0.878,usda_sr_legacy
18468,"Cake, coffeecake, cinnamon with crumb topping",,Leivad ja pagarittooted,418,6.8,46.7,23.3,2,,5.8,0.878,usda_sr_legacy
18354,"Cake, coffeecake, cinnamon with crumb topping, dry mix, prepared",,Leivad ja pagarittooted,318,5.5,52.8,9.6,1.2,29.5,1.86,1.053,usda_sr_legacy
18352,"Cake, coffeecake, creme-filled with chocolate frosting",,Leivad ja pagarittooted,331,5,53.8,10.8,2,,2.83,0.808,usda_sr_legacy
18353,"Cake, coffeecake, fruit",,Leivad ja pagarittooted,311,5.2,51.5,10.2,2.5,,2.5,0.963,usda_sr_legacy
18355,"Cake, fruitcake",,Leivad ja pagarittooted,324,2.9,61.6,9.1,3.7,27.4,1.05,0.253,usda_sr_legacy
16217,"Cake, gingerbread",,Leivad ja pagarittooted,356,3.9,49.2,16.4,0,,4.12,0.818,usda_sr_legacy
16216,"Cake, gingerbread, dry mix",,Leivad ja pagarittooted,437,4.4,74.6,13.8,1.7,46.6,3.46,1.643,usda_sr_legacy
16218,"Cake, pineapple upside-down",,Leivad ja pagarittooted,319,3.5,50.5,12.1,0.8,,2.92,0.798,usda_sr_legacy
11818,"Cake, pound, Bimbo Bakeries USA, Panque Casero, home baked style",,Leivad ja pagarittooted,418,6.6,48.9,21.7,1,28.8,,0.893,usda_sr_legacy
16219,"Cake, pound, butter",,Leivad ja pagarittooted,353,5,53.6,14,0.6,33.4,4.81,0.943,usda_sr_legacy
16750,"Cake, pound, fat-free",,Leivad ja pagarittooted,283,5.4,61,1.2,1.1,34.3,0.26,0.853,usda_sr_legacy
18469,"Cake, pound, other than all butter",,Leivad ja pagarittooted,389,5.2,52.5,17.9,1,,4.65,1,usda_sr_legacy
18356,"Cake, pound, other than all butter",,Leivad ja pagarittooted,389,5.2,52.5,17.9,1,,4.65,1,usda_sr_legacy
18348,"Cake, pudding-type, carrot, dry mix",,Leivad ja pagarittooted,415,5.1,79.2,9.8,0,,1.47,1.418,usda_sr_legacy
18351,"Cake, pudding-type, chocolate, dry mix",,Leivad ja pagarittooted,391,4.6,80.2,8.1,2.3,39.5,3.5,2.165,usda_sr_legacy
18470,"Cake, pudding-type, white, dry mix",,Leivad ja pagarittooted,423,3.9,81,9.5,0.7,,2.34,1.663,usda_sr_legacy
16223,"Cake, pudding-type, white, dry mix",,Leivad ja pagarittooted,423,3.9,80.9,9.5,0.7,49,2.39,1.663,usda_sr_legacy
18362,"Cake, pudding-type, yellow, dry mix",,Leivad ja pagarittooted,423,4,80,9.8,0.7,44.2,2.47,2.15,usda_sr_legacy
18357,"Cake, shortcake, biscuit-type",,Leivad ja pagarittooted,346,6.1,48.5,14.2,0,,3.77,1.265,usda_sr_legacy
18358,"Cake, snack cakes, creme-filled, chocolate with frosting",,Leivad ja pagarittooted,399,3.6,60.3,15.9,3.2,37.8,4.88,0.83,usda_sr_legacy
17504,"Cake, snack cakes, creme-filled, chocolate with frosting, low-fat",,Leivad ja pagarittooted,409,3.7,69.4,13,14.9,33.4,5.57,1.208,usda_sr_legacy
18359,"Cake, snack cakes, creme-filled, sponge",,Leivad ja pagarittooted,374,3.5,64,11.5,1,37.3,4.14,1.175,usda_sr_legacy
15437,"Cake, snack cakes, not chocolate, with icing or filling, low-fat",,Leivad ja pagarittooted,412,3.7,74.3,11.1,14.9,29.7,3.71,0.79,usda_sr_legacy
16221,"Cake, sponge",,Leivad ja pagarittooted,290,5.4,61,2.7,0.5,36.7,0.8,1.558,usda_sr_legacy
16222,"Cake, sponge",,Leivad ja pagarittooted,297,7.3,57.7,4.3,0,,1.3,0.57,usda_sr_legacy
16220,"Cake, white, dry mix, special dietary",,Leivad ja pagarittooted,397,3,79.6,8.4,0,,1.25,0.65,usda_sr_legacy
16213,"Cake, white, prepared from recipe with coconut frosting",,Leivad ja pagarittooted,356,4.4,63.2,10.3,1,57.4,3.9,0.71,usda_sr_legacy
16224,"Cake, white, prepared from recipe without frosting",,Leivad ja pagarittooted,357,5.4,57.2,12.4,0.8,35.5,3.27,0.818,usda_sr_legacy
18363,"Cake, yellow, dry mix",,Leivad ja pagarittooted,374,3.7,81.9,3.5,1.2,43.3,1.62,1.82,usda_sr_legacy
18471,"Cake, yellow, dry mix",,Leivad ja pagarittooted,432,4.4,78.1,11.6,1.1,,1.74,1.643,usda_sr_legacy
16751,"Cake, yellow, light, dry mix",,Leivad ja pagarittooted,404,4.7,84.1,5.5,1.3,,1.37,1.51,usda_sr_legacy
16225,"Cake, yellow, prepared from recipe without frosting",,Leivad ja pagarittooted,361,5.3,53,14.6,0.7,,3.92,0.858,usda_sr_legacy
18360,"Cake, yellow, with chocolate frosting, in-store bakery",,Leivad ja pagarittooted,379,3.2,55.4,17.8,1.5,39.2,5.79,0.775,usda_sr_legacy
18361,"Cake, yellow, with vanilla frosting",,Leivad ja pagarittooted,391,3,56.2,17.9,0.3,41.8,2.94,0.673,usda_sr_legacy
1945,Cheese bun,,Leivad ja pagarittooted,335,12,43,13,2,0,,,
1929,Ciabatta,,Leivad ja pagarittooted,271,8.5,53.5,2,2.3,0,,,
11821,"Cinnamon buns, frosted",,Leivad ja pagarittooted,452,4.5,48.6,26.6,1.2,25.7,12.65,0.763,usda_sr_legacy
1946,Cinnamon roll,,Leivad ja pagarittooted,378,6.5,57,14,2,0,,,
16763,"Continental Mills, Krusteaz Almond Poppyseed Muffin Mix, Artificially Flavored, dry",,Leivad ja pagarittooted,418,5.6,75.6,10.3,1.7,40,2.1,1.475,usda_sr_legacy
17501,"Cookie, butter or sugar, with chocolate icing or filling",,Leivad ja pagarittooted,503,4.1,68.8,23.5,1.9,33.8,14.8,0.753,usda_sr_legacy
17502,"Cookie, chocolate, with icing or coating",,Leivad ja pagarittooted,507,4.5,67.9,24.2,2.3,32,16.5,0.95,usda_sr_legacy
11895,"Cookies, animal crackers",,Leivad ja pagarittooted,446,6.9,74.1,13.8,1.1,23.3,3.46,0.838,usda_sr_legacy
15435,"Cookies, animal, with frosting or icing",,Leivad ja pagarittooted,509,3,70.1,24.1,0.9,41.1,16.2,0.643,usda_sr_legacy
16228,"Cookies, brownies",,Leivad ja pagarittooted,405,4.8,63.9,16.3,2.1,36.6,4.24,0.715,usda_sr_legacy
18365,"Cookies, brownies",,Leivad ja pagarittooted,466,6.2,50.2,29.1,0,,7.32,0.858,usda_sr_legacy
18364,"Cookies, brownies, dry mix",,Leivad ja pagarittooted,434,4,76.6,14.9,0,,2.52,0.758,usda_sr_legacy
16246,"Cookies, brownies, dry mix, sugar free",,Leivad ja pagarittooted,426,2.9,80.4,12.5,4.2,,2.02,0.208,usda_sr_legacy
15438,"Cookies, brownies, reduced fat, with added fiber",,Leivad ja pagarittooted,345,2.8,61.6,9.7,11.1,38.7,2.77,0.725,usda_sr_legacy
16334,"Cookies, butter",,Leivad ja pagarittooted,467,6.1,68.9,18.8,0.8,,11.05,0.878,usda_sr_legacy
18366,"Cookies, butter",,Leivad ja pagarittooted,467,6.1,68.9,18.8,0.8,20.2,11.05,0.705,usda_sr_legacy
18368,"Cookies, chocolate chip, dry mix",,Leivad ja pagarittooted,497,4.6,66.1,25.2,0,,8.32,0.725,usda_sr_legacy
16335,"Cookies, chocolate chip, higher fat",,Leivad ja pagarittooted,481,5.4,66.8,22.6,2.5,,7.48,0.788,usda_sr_legacy
16231,"Cookies, chocolate chip, higher fat",,Leivad ja pagarittooted,492,5.1,65.4,24.7,2,32.9,8.09,0.778,usda_sr_legacy
16230,"Cookies, chocolate chip, lower fat",,Leivad ja pagarittooted,451,6,67.5,17.9,3,32.8,5.96,1.045,usda_sr_legacy
16323,"Cookies, chocolate chip, made with butter",,Leivad ja pagarittooted,488,5.7,58.2,28.4,0,,14.07,0.853,usda_sr_legacy
18371,"Cookies, chocolate chip, made with margarine",,Leivad ja pagarittooted,488,5.7,58.4,28.3,2.8,,8.07,0.903,usda_sr_legacy
18369,"Cookies, chocolate chip, refrigerated dough",,Leivad ja pagarittooted,451,4,61,21.3,1.5,38,8.39,0.803,usda_sr_legacy
18370,"Cookies, chocolate chip, refrigerated dough, baked",,Leivad ja pagarittooted,492,4.9,68.2,22.6,1.7,,7.76,0.58,usda_sr_legacy
17517,"Cookies, chocolate chip sandwich, with creme filling",,Leivad ja pagarittooted,425,2.9,63.5,17.7,0,38.2,5.88,0.698,usda_sr_legacy
16232,"Cookies, chocolate chip, soft-type",,Leivad ja pagarittooted,444,3.6,65.8,19.8,1.8,37.1,9.75,0.69,usda_sr_legacy
16247,"Cookies, chocolate chip, special dietary",,Leivad ja pagarittooted,450,3.9,73.4,16.8,1.6,39.8,4.18,0.61,usda_sr_legacy
15464,"Cookies, chocolate cream covered biscuit sticks",,Leivad ja pagarittooted,447,10,51.1,22.5,5,25,12.58,0.533,usda_sr_legacy
17518,"Cookies, chocolate, made with rice cereal",,Leivad ja pagarittooted,440,3.2,63.3,19.4,1.6,40.3,11.29,0.525,usda_sr_legacy
16233,"Cookies, chocolate sandwich, with creme filling",,Leivad ja pagarittooted,464,5.2,71,19.1,2.9,40.7,5.65,0.97,usda_sr_legacy
16234,"Cookies, chocolate sandwich, with creme filling, chocolate-coated",,Leivad ja pagarittooted,481,3.6,66.4,26.4,5.2,49.6,7.43,0.815,usda_sr_legacy
15439,"Cookies, chocolate sandwich, with creme filling, reduced fat",,Leivad ja pagarittooted,436,2.9,76.2,13.2,2.9,41.2,2.94,1.178,usda_sr_legacy
16248,"Cookies, chocolate sandwich, with creme filling, special dietary",,Leivad ja pagarittooted,461,4.5,68,22.1,4.1,19.7,3.99,0.855,usda_sr_legacy
16235,"Cookies, chocolate sandwich, with extra creme filling",,Leivad ja pagarittooted,497,4.3,68.2,24.5,2.7,46,5.45,0.878,usda_sr_legacy
16229,"Cookies, chocolate wafers",,Leivad ja pagarittooted,433,6.6,72.7,14.2,3.4,37.4,4.24,1.45,usda_sr_legacy
15445,"Cookies, coconut macaroon",,Leivad ja pagarittooted,460,3,61.2,22.6,5.1,45.2,20.1,0.603,usda_sr_legacy
16236,"Cookies, fig bars",,Leivad ja pagarittooted,348,3.7,70.9,7.3,4.6,46.4,1.12,0.875,usda_sr_legacy
16237,"Cookies, fortune",,Leivad ja pagarittooted,378,4.2,84,2.7,1.6,45.4,0.67,0.078,usda_sr_legacy
18367,"Cookies, fudge, cake-type",,Leivad ja pagarittooted,349,5,78.3,3.7,2.8,,1.11,0.48,usda_sr_legacy
18372,"Cookies, gingersnaps",,Leivad ja pagarittooted,416,5.6,76.9,9.8,2.2,19.9,2.45,1.388,usda_sr_legacy
15455,"Cookies, gluten-free, chocolate sandwich, with creme filling",,Leivad ja pagarittooted,474,2.2,76,17.9,2.5,49,7.91,0.688,usda_sr_legacy
15456,"Cookies, gluten-free, chocolate wafer",,Leivad ja pagarittooted,541,4.1,62.8,30.4,1.6,41,15.3,0.305,usda_sr_legacy
15457,"Cookies, gluten-free, lemon wafer",,Leivad ja pagarittooted,515,0,74.4,24.2,0,42.3,10.5,0.278,usda_sr_legacy
15458,"Cookies, gluten-free, vanilla sandwich, with creme filling",,Leivad ja pagarittooted,493,2.7,74.6,20.5,0.5,46.7,7.01,0.503,usda_sr_legacy
18374,"Cookies, graham crackers, chocolate-coated",,Leivad ja pagarittooted,500,4,66.8,25.8,2.2,37.3,17.2,0.663,usda_sr_legacy
18373,"Cookies, graham crackers, plain or honey",,Leivad ja pagarittooted,430,6.7,77.7,10.6,3.4,24.9,1.63,1.29,usda_sr_legacy
17505,"Cookies, graham crackers, plain or honey, lowfat",,Leivad ja pagarittooted,386,5.7,78,5.7,5.7,22.9,0,1.573,usda_sr_legacy
18375,"Cookies, ladyfingers, with lemon juice and rind",,Leivad ja pagarittooted,365,10.6,59.7,9.1,1,25.4,3.07,0.368,usda_sr_legacy
16336,"Cookies, ladyfingers, without lemon juice and rind",,Leivad ja pagarittooted,363,10.6,59.7,9.1,1,,3.02,0.368,usda_sr_legacy
15465,"Cookies, Marie biscuit",,Leivad ja pagarittooted,406,7.1,70.5,10.6,3.5,21.2,5.29,0.925,usda_sr_legacy
16238,"Cookies, marshmallow, chocolate-coated",,Leivad ja pagarittooted,421,4,67.7,16.9,2,44.8,4.72,0.47,usda_sr_legacy
17519,"Cookies, marshmallow, with rice cereal and chocolate chips",,Leivad ja pagarittooted,435,4.6,63.3,18.2,0,40.9,11.36,0.853,usda_sr_legacy
16239,"Cookies, molasses",,Leivad ja pagarittooted,430,5.6,73.8,12.8,1,17.6,3.21,1.148,usda_sr_legacy
16240,"Cookies, oatmeal",,Leivad ja pagarittooted,450,6.2,68.7,18.1,2.8,24.7,4.52,1.3,usda_sr_legacy
18376,"Cookies, oatmeal, dry mix",,Leivad ja pagarittooted,462,6.5,67.3,19.2,0,,4.76,1.183,usda_sr_legacy
15463,"Cookies, oatmeal, reduced fat",,Leivad ja pagarittooted,365,4,64.6,10,16.1,32.1,4.09,1.405,usda_sr_legacy
18377,"Cookies, oatmeal, refrigerated dough",,Leivad ja pagarittooted,424,5.4,59.1,18.9,2.5,,4.75,0.735,usda_sr_legacy
18378,"Cookies, oatmeal, refrigerated dough, baked",,Leivad ja pagarittooted,471,6,65.7,21,2.8,,5.34,0.818,usda_sr_legacy
15440,"Cookies, oatmeal sandwich, with creme filling",,Leivad ja pagarittooted,398,2.6,55.6,18.3,2.6,31.4,5.23,1.25,usda_sr_legacy
16241,"Cookies, oatmeal, soft-type",,Leivad ja pagarittooted,409,6.1,65.7,14.7,2.7,,3.63,0.873,usda_sr_legacy
16249,"Cookies, oatmeal, special dietary",,Leivad ja pagarittooted,449,4.8,69.9,18,2.9,31.7,2.69,0.683,usda_sr_legacy
16322,"Cookies, oatmeal, without raisins",,Leivad ja pagarittooted,447,6.8,66.4,17.9,0,,3.58,1.495,usda_sr_legacy
18379,"Cookies, oatmeal, with raisins",,Leivad ja pagarittooted,441,5.9,69,15.8,3.3,33.1,5.44,0.805,usda_sr_legacy
18380,"Cookies, peanut butter",,Leivad ja pagarittooted,475,9,58.9,23.8,0,,4.44,1.295,usda_sr_legacy
16242,"Cookies, peanut butter",,Leivad ja pagarittooted,473,8.9,58.2,23.8,2.1,28.6,6.75,1.158,usda_sr_legacy
16244,"Cookies, peanut butter, refrigerated dough",,Leivad ja pagarittooted,458,8.2,52.1,25,1.1,,5.79,0.993,usda_sr_legacy
16245,"Cookies, peanut butter, refrigerated dough, baked",,Leivad ja pagarittooted,503,9.1,57.3,27.5,1.2,,6.2,1.09,usda_sr_legacy
18381,"Cookies, peanut butter sandwich",,Leivad ja pagarittooted,478,8.8,65.6,21.1,1.9,35.4,5,0.92,usda_sr_legacy
18385,"Cookies, peanut butter sandwich, special dietary",,Leivad ja pagarittooted,535,10,50.8,34,0,,4.94,1.03,usda_sr_legacy
16243,"Cookies, peanut butter, soft-type",,Leivad ja pagarittooted,457,5.3,57.7,24.4,1.7,,6.15,0.84,usda_sr_legacy
15441,"Cookies, peanut butter, sugar free",,Leivad ja pagarittooted,523,10.3,50.5,31,3.4,0,8.62,1.12,usda_sr_legacy
18382,"Cookies, raisin, soft-type",,Leivad ja pagarittooted,401,4.1,68,13.6,1.2,47.6,3.46,1.045,usda_sr_legacy
18384,"Cookies, shortbread, pecan",,Leivad ja pagarittooted,542,4.9,58.3,32.5,1.8,,8.2,0.703,usda_sr_legacy
18383,"Cookies, shortbread, plain",,Leivad ja pagarittooted,514,5.4,63.8,26.2,1.3,21.7,8.11,0.883,usda_sr_legacy
17509,"Cookies, shortbread, reduced fat",,Leivad ja pagarittooted,451,5.4,76,14,1.3,21.7,4.69,1.428,usda_sr_legacy
18387,"Cookies, sugar",,Leivad ja pagarittooted,464,5.4,67.3,19.6,1.3,27.3,7.67,0.963,usda_sr_legacy
18388,"Cookies, sugar, refrigerated dough",,Leivad ja pagarittooted,436,4,61.2,19.5,0.9,36.5,4.96,0.82,usda_sr_legacy
16250,"Cookies, sugar, refrigerated dough, baked",,Leivad ja pagarittooted,489,4.7,65.6,23.1,0.9,40.4,5.91,0.905,usda_sr_legacy
17510,"Cookies, sugar wafer, chocolate-covered",,Leivad ja pagarittooted,526,3.5,66,27.6,3.4,51.7,17.24,0.345,usda_sr_legacy
16251,"Cookies, sugar wafers with creme filling",,Leivad ja pagarittooted,502,3.8,70.6,23.2,1.6,43,11.9,0.258,usda_sr_legacy
18386,"Cookies, sugar wafer, with creme filling, sugar free",,Leivad ja pagarittooted,531,3.6,66.3,28.6,14.3,0,4.26,0.178,usda_sr_legacy
16252,"Cookies, vanilla sandwich with creme filling",,Leivad ja pagarittooted,483,4.5,72.1,20,1.5,39.3,2.98,0.97,usda_sr_legacy
15466,"Cookies, vanilla sandwich with creme filling, reduced fat",,Leivad ja pagarittooted,423,4.2,78.2,10.4,2.1,37.5,3.18,0.885,usda_sr_legacy
18390,"Cookies, vanilla wafers, higher fat",,Leivad ja pagarittooted,455,4.9,72.6,16.4,1.6,35.1,4.25,0.813,usda_sr_legacy
18389,"Cookies, vanilla wafers, lower fat",,Leivad ja pagarittooted,441,5,73.6,15.2,1.9,37.5,3.84,0.97,usda_sr_legacy
15433,"Cookie, vanilla with caramel, coconut, and chocolate coating",,Leivad ja pagarittooted,489,3.5,64.1,25.8,4.4,35.8,17.7,0.455,usda_sr_legacy
15434,"Cookie, with peanut butter filling, chocolate-coated",,Leivad ja pagarittooted,562,8.1,52.9,35.3,3.5,30.9,19.2,0.928,usda_sr_legacy
1932,Corn tortilla,,Leivad ja pagarittooted,218,5.5,46,2.5,4.5,0,,,
1941,Cottage cheese bun,,Leivad ja pagarittooted,295,10.5,42,9,1.5,0,,,
1936,Cracker bread,,Leivad ja pagarittooted,351,10.5,68,3.5,9,0,,,
16265,"Cracker, meal",,Leivad ja pagarittooted,383,9.3,80.9,1.7,2.6,0.3,0.27,0.04,usda_sr_legacy
18391,"Crackers, cheese",,Leivad ja pagarittooted,489,10.9,59.4,22.7,2.3,4.5,5.29,2.433,usda_sr_legacy
18476,"Crackers, cheese, low sodium",,Leivad ja pagarittooted,503,10.1,58.2,25.3,2.4,0.3,9.64,1.145,usda_sr_legacy
11822,"Crackers, cheese, reduced fat",,Leivad ja pagarittooted,418,10,68.2,11.7,3.3,0,3.33,2.918,usda_sr_legacy
11806,"Crackers, cheese, sandwich-type with cheese filling",,Leivad ja pagarittooted,490,8.9,58.8,24.4,1.9,12.3,4.81,2.195,usda_sr_legacy
18392,"Crackers, cheese, sandwich-type with peanut butter filling",,Leivad ja pagarittooted,496,12.4,56.7,25.1,3.4,7,4.41,2.073,usda_sr_legacy
17506,"Crackers, cheese, whole grain",,Leivad ja pagarittooted,412,9.6,57.3,16,6.4,0,3.21,1.765,usda_sr_legacy
11470,"Crackers, cream, Gamesa Sabrosas",,Leivad ja pagarittooted,484,7,64.6,20.4,2.4,9.4,5.36,2.87,usda_sr_legacy
11471,"Crackers, cream, La Moderna Rikis Cream Crackers",,Leivad ja pagarittooted,464,7.2,64.9,19.5,2.4,10.4,2.63,1.88,usda_sr_legacy
16254,"Crackers, crispbread, rye",,Leivad ja pagarittooted,366,7.9,82.2,1.3,16.5,1.1,0.15,1.025,usda_sr_legacy
17520,"Crackers, flavored, fish-shaped",,Leivad ja pagarittooted,463,10.2,65.7,17.7,3.1,1.2,2.06,2.425,usda_sr_legacy
17525,"Crackers, gluten-free, multigrain and vegetable, made with corn starch and white rice flour",,Leivad ja pagarittooted,456,2.5,76.9,15.4,3,3.9,5.71,2.225,usda_sr_legacy
17526,"Crackers, gluten-free, multi-seeded and multigrain",,Leivad ja pagarittooted,453,11.3,66.3,15.8,10.2,0.9,2.07,1.095,usda_sr_legacy
16256,"Crackers, matzo, egg",,Leivad ja pagarittooted,391,12.3,78.6,2.1,2.8,,0.55,0.053,usda_sr_legacy
16327,"Crackers, matzo, egg and onion",,Leivad ja pagarittooted,391,10,77.1,3.9,5,,0.94,0.713,usda_sr_legacy
16255,"Crackers, matzo, plain",,Leivad ja pagarittooted,395,10,83.7,1.4,3,0.3,0.23,0,usda_sr_legacy
16257,"Crackers, matzo, whole-wheat",,Leivad ja pagarittooted,351,13.1,78.9,1.5,11.8,,0.24,0.005,usda_sr_legacy
18393,"Crackers, melba toast, plain",,Leivad ja pagarittooted,390,12.1,76.6,3.2,6.3,0.9,0.45,1.495,usda_sr_legacy
16337,"Crackers, melba toast, plain, without salt",,Leivad ja pagarittooted,390,12.1,76.6,3.2,6.3,,0.45,0.048,usda_sr_legacy
18394,"Crackers, melba toast, rye",,Leivad ja pagarittooted,389,11.6,77.3,3.4,8,,0.45,2.248,usda_sr_legacy
18395,"Crackers, melba toast, wheat",,Leivad ja pagarittooted,374,12.9,76.4,2.3,7.4,,0.34,2.093,usda_sr_legacy
18396,"Crackers, milk",,Leivad ja pagarittooted,446,7.6,71.7,13.8,3.4,10.3,2.91,1.718,usda_sr_legacy
15436,"Crackers, multigrain",,Leivad ja pagarittooted,482,7.1,67.6,20.4,3.5,12,3.3,2.208,usda_sr_legacy
18397,"Crackers, rusk toast",,Leivad ja pagarittooted,407,13.5,72.3,7.2,0,,1.38,0.633,usda_sr_legacy
16258,"Crackers, rye, sandwich-type with cheese filling",,Leivad ja pagarittooted,481,9.2,60.8,22.3,3.6,,5.99,2.61,usda_sr_legacy
16259,"Crackers, rye, wafers, plain",,Leivad ja pagarittooted,334,9.6,80.4,0.9,22.9,1,0.11,1.393,usda_sr_legacy
16260,"Crackers, rye, wafers, seasoned",,Leivad ja pagarittooted,381,9,73.8,9.2,20.9,,1.29,2.218,usda_sr_legacy
16261,"Crackers, saltines",,Leivad ja pagarittooted,418,9.5,74.1,8.6,2.8,1.3,1.65,2.353,usda_sr_legacy
18484,"Crackers, saltines, fat-free, low-sodium",,Leivad ja pagarittooted,393,10.5,82.3,1.6,2.7,0.4,0.24,2.123,usda_sr_legacy
18472,"Crackers, saltines, low salt",,Leivad ja pagarittooted,421,9.5,74.3,8.9,2.9,2.2,2,0.495,usda_sr_legacy
18473,"Crackers, saltines, unsalted tops",,Leivad ja pagarittooted,434,9.2,71.5,11.8,3,,2.93,1.915,usda_sr_legacy
11823,"Crackers, saltines, whole wheat",,Leivad ja pagarittooted,398,7.1,68.3,10.7,6.7,0,0,3.035,usda_sr_legacy
15446,"Crackers, sandwich-type, peanut butter filled, reduced fat",,Leivad ja pagarittooted,437,8.3,63.5,16.7,2.8,11.1,2.78,1.598,usda_sr_legacy
11469,"Crackers, snack, Goya Crackers",,Leivad ja pagarittooted,433,14.3,64.4,13.4,3.8,2.4,6.32,1.663,usda_sr_legacy
18398,"Crackers, standard snack-type",,Leivad ja pagarittooted,510,6.6,61.3,26.4,2.3,8.2,5.56,1.815,usda_sr_legacy
18474,"Crackers, standard snack-type, low salt",,Leivad ja pagarittooted,502,7.4,61,25.3,1.6,1.8,3.78,0.54,usda_sr_legacy
18399,"Crackers, standard snack-type, sandwich, with cheese filling",,Leivad ja pagarittooted,477,9.3,61.7,21.1,1.9,3.2,6.13,2.445,usda_sr_legacy
18400,"Crackers, standard snack-type, sandwich, with peanut butter filling",,Leivad ja pagarittooted,494,11.5,58.4,24.5,2.3,10.5,4.8,2.003,usda_sr_legacy
15444,"Crackers, standard snack-type, with whole wheat",,Leivad ja pagarittooted,463,7.3,68.4,17.8,4.9,10.4,4.35,1.87,usda_sr_legacy
15452,"Crackers, toast thins, low sodium",,Leivad ja pagarittooted,442,6.5,67.7,16.1,9.7,12.9,3.23,0.443,usda_sr_legacy
15454,"Crackers, water biscuits",,Leivad ja pagarittooted,384,7.1,72.8,7.1,7.1,0,0,1.428,usda_sr_legacy
18401,"Crackers, wheat",,Leivad ja pagarittooted,455,7.3,70.7,16.4,6.9,15.5,3.21,1.748,usda_sr_legacy
18475,"Crackers, wheat, low salt",,Leivad ja pagarittooted,473,8.6,64.9,20.6,4.5,13,5.18,0.475,usda_sr_legacy
11815,"Crackers, wheat, reduced fat",,Leivad ja pagarittooted,444,9.3,71.5,13.4,3.4,15,2.11,1.94,usda_sr_legacy
16262,"Crackers, wheat, sandwich, with cheese filling",,Leivad ja pagarittooted,497,9.8,58.2,25,3.1,,4.13,2.098,usda_sr_legacy
16263,"Crackers, wheat, sandwich, with peanut butter filling",,Leivad ja pagarittooted,495,13.5,53.8,26.7,4.4,,4.6,2.018,usda_sr_legacy
15453,"Crackers, whole grain, sandwich-type, with peanut butter filling",,Leivad ja pagarittooted,465,14.1,54.6,21.2,9.4,9.4,4.53,1.588,usda_sr_legacy
16264,"Crackers, whole-wheat",,Leivad ja pagarittooted,427,10.6,69.6,14.1,10.3,1.2,2.06,2,usda_sr_legacy
16338,"Crackers, whole-wheat, low salt",,Leivad ja pagarittooted,443,8.8,68.6,17.2,10.5,0.4,3.39,0.465,usda_sr_legacy
11814,"Crackers, whole-wheat, reduced fat",,Leivad ja pagarittooted,416,11.3,75.5,7.6,10.9,1.2,1.07,1.863,usda_sr_legacy
11474,"Cream puff, eclair, custard or cream filled, iced",,Leivad ja pagarittooted,334,4.4,37.4,18.5,0.9,22.1,7.06,0.663,usda_sr_legacy
18402,Cream puff shell,,Leivad ja pagarittooted,360,9,22.8,25.9,0.8,0.3,5.6,1.208,usda_sr_legacy
1937,Crescent roll,,Leivad ja pagarittooted,394,8.5,43,20.5,2,0,,,
1935,Crispbread,,Leivad ja pagarittooted,367,11,72,4,10.5,0,,,
18404,"Croissants, apple",,Leivad ja pagarittooted,254,7.4,37.1,8.7,2.5,,4.99,0.685,usda_sr_legacy
18403,"Croissants, butter",,Leivad ja pagarittooted,406,8.2,45.8,21,2.6,11.3,11.66,0.96,usda_sr_legacy
18405,"Croissants, cheese",,Leivad ja pagarittooted,414,9.2,47,20.9,2.6,11.4,10.63,0.903,usda_sr_legacy
16266,"Croutons, plain",,Leivad ja pagarittooted,407,11.9,73.5,6.6,5.1,,1.51,1.745,usda_sr_legacy
16267,"Croutons, seasoned",,Leivad ja pagarittooted,465,10.8,63.5,18.3,5,4.4,5.25,3.333,usda_sr_legacy
11531,"Crunchmaster, Multi-Grain Crisps, Snack Crackers, Gluten-Free",,Leivad ja pagarittooted,456,10.9,67.2,15.9,7.5,0.8,2.07,0.925,usda_sr_legacy
16269,"Danish pastry, cheese",,Leivad ja pagarittooted,374,8,37.2,21.9,1,7,6.79,1.043,usda_sr_legacy
16339,"Danish pastry, cinnamon",,Leivad ja pagarittooted,403,7,44.6,22.4,1.2,,5.68,0.928,usda_sr_legacy
16268,"Danish pastry, cinnamon",,Leivad ja pagarittooted,403,7,44.6,22.4,1.3,19.8,5.68,1.035,usda_sr_legacy
16270,"Danish pastry, fruit",,Leivad ja pagarittooted,371,5.4,47.8,18.5,1.9,27.5,4.86,1.113,usda_sr_legacy
16340,"Danish pastry, fruit",,Leivad ja pagarittooted,371,5.4,47.8,18.5,1.9,,2.83,0.885,usda_sr_legacy
16342,"Danish pastry, lemon",,Leivad ja pagarittooted,371,5.4,47.8,18.5,1.9,,2.83,0.885,usda_sr_legacy
18477,"Danish pastry, raspberry",,Leivad ja pagarittooted,371,5.4,47.8,18.5,1.9,,2.83,0.885,usda_sr_legacy
18409,"Doughnuts, cake-type, chocolate, sugared or glazed",,Leivad ja pagarittooted,417,4.5,57.4,19.9,2.2,31.9,5.13,0.538,usda_sr_legacy
18406,"Doughnuts, cake-type, plain",,Leivad ja pagarittooted,434,5.3,47.1,24.9,1.7,18.2,11.11,1.193,usda_sr_legacy
18407,"Doughnuts, cake-type, plain, chocolate-coated or frosted",,Leivad ja pagarittooted,452,4.9,51.3,25.3,1.9,26.7,13.47,0.815,usda_sr_legacy
18408,"Doughnuts, cake-type, plain, sugared or glazed",,Leivad ja pagarittooted,426,5.2,50.8,22.9,1.5,,5.93,1.005,usda_sr_legacy
16271,"Doughnuts, french crullers, glazed",,Leivad ja pagarittooted,412,3.1,59.5,18.3,1.2,35.1,4.67,0.863,usda_sr_legacy
16273,"Doughnuts, yeast-leavened, glazed",,Leivad ja pagarittooted,421,6.1,47.9,22.7,2.1,22.8,9.45,0.79,usda_sr_legacy
18478,"Doughnuts, yeast-leavened, glazed",,Leivad ja pagarittooted,403,6.4,44.3,22.8,1.2,,5.81,0.855,usda_sr_legacy
16272,"Doughnuts, yeast-leavened, with creme filling",,Leivad ja pagarittooted,361,6.4,30,24.5,0.8,14.6,5.43,0.773,usda_sr_legacy
16274,"Doughnuts, yeast-leavened, with jelly filling",,Leivad ja pagarittooted,340,5.9,39,18.7,0.9,21.1,4.84,1.138,usda_sr_legacy
16343,"English muffins, plain, with calcium propionate",,Leivad ja pagarittooted,235,7.7,46,1.8,2.7,,0.26,1.16,usda_sr_legacy
16745,"English muffins, plain, without calcium propionate",,Leivad ja pagarittooted,235,7.7,46,1.8,2.7,,0.26,1.16,usda_sr_legacy
18479,"English muffins, plain, without calcium propionate",,Leivad ja pagarittooted,235,7.7,46,1.8,2.7,,0.26,1.16,usda_sr_legacy
17515,"English muffins, whole grain white",,Leivad ja pagarittooted,245,7,50.2,1.8,3.5,1.8,0,0.965,usda_sr_legacy
1931,Flour tortilla,,Leivad ja pagarittooted,312,8.5,54,7,3,0,,,
1947,Focaccia,,Leivad ja pagarittooted,283,7.5,43,9.5,2.5,0,,,
11826,"Focaccia, Italian flatbread, plain",,Leivad ja pagarittooted,249,8.8,35.8,7.9,1.8,1.8,0.88,1.403,usda_sr_legacy
16278,"French toast, frozen, ready-to-heat",,Leivad ja pagarittooted,213,7.4,32.1,6.1,1.1,,1.53,1.238,usda_sr_legacy
18414,"French toast, made with low fat (2%) milk",,Leivad ja pagarittooted,229,7.7,25,10.8,0,,2.72,1.198,usda_sr_legacy
11820,"Garlic bread, frozen",,Leivad ja pagarittooted,350,8.4,41.7,16.6,2.5,3.7,5.28,1.36,usda_sr_legacy
16761,"George Weston Bakeries, Brownberry Sage and Onion Stuffing Mix, dry",,Leivad ja pagarittooted,390,13.3,72.7,5.1,5.4,,0.9,4.2,usda_sr_legacy
11455,"George Weston Bakeries, Thomas English Muffins",,Leivad ja pagarittooted,232,8,46,1.8,0,,0.31,0.863,usda_sr_legacy
1949,Gluten-free bread,,Leivad ja pagarittooted,240,4,46,4.5,3.5,0,,,
11532,"Glutino, Gluten Free Cookies, Chocolate Vanilla Creme",,Leivad ja pagarittooted,474,2.2,76,17.9,2.5,49,7.91,0.688,usda_sr_legacy
11533,"Glutino, Gluten Free Cookies, Vanilla Creme",,Leivad ja pagarittooted,487,2.2,77.3,18.8,0,49.4,8.09,0.473,usda_sr_legacy
11883,"Glutino, Gluten Free Wafers, Lemon Flavored",,Leivad ja pagarittooted,515,0,74.4,24.2,0,42.3,10.5,0.278,usda_sr_legacy
11884,"Glutino, Gluten Free Wafers, Milk Chocolate",,Leivad ja pagarittooted,541,4.1,62.8,30.4,1.6,41,15.3,0.305,usda_sr_legacy
11803,"Heinz, Weight Watcher, Chocolate Eclair, frozen",,Leivad ja pagarittooted,241,4.4,40.3,6.9,2.1,16.8,1.4,0.75,usda_sr_legacy
18415,Hush puppies,,Leivad ja pagarittooted,337,7.7,46,13.5,2.8,2,2.11,1.67,usda_sr_legacy
18416,"Ice cream cones, cake or wafer-type",,Leivad ja pagarittooted,417,8.1,79,6.9,3,6,1.22,0.64,usda_sr_legacy
18417,"Ice cream cones, sugar, rolled-type",,Leivad ja pagarittooted,402,7.9,84.1,3.8,1.7,25.7,0.57,0.745,usda_sr_legacy
11804,"Interstate Brands Corp, Wonder Hamburger Rolls",,Leivad ja pagarittooted,273,8.1,50.8,4.2,2.6,11.1,1.01,1.22,usda_sr_legacy
16762,"Keebler, Keebler Chocolate Graham SELECTS",,Leivad ja pagarittooted,465,7.1,71.8,16.6,0,26.5,3.15,0.893,usda_sr_legacy
11817,"Keikitos (muffins), Latino bakery item",,Leivad ja pagarittooted,467,6.8,53.2,25.2,1.2,25.8,,1.288,usda_sr_legacy
11454,"Kraft Foods, Shake N Bake Original Recipe, Coating for Pork, dry",,Leivad ja pagarittooted,377,6.1,79.8,3.7,0,,,5.455,usda_sr_legacy
18495,"Kraft, Stove Top Stuffing Mix Chicken Flavor",,Leivad ja pagarittooted,381,12.6,73.1,4.1,2.5,10.1,0.8,3.83,usda_sr_legacy
16318,"Leavening agents, baking powder, double-acting, sodium aluminum sulfate",,Leivad ja pagarittooted,53,0,27.7,0,0.2,0,0,26.5,usda_sr_legacy
16319,"Leavening agents, baking powder, double-acting, straight phosphate",,Leivad ja pagarittooted,51,0.1,24.1,0,0.2,0,0,19.733,usda_sr_legacy
16320,"Leavening agents, baking powder, low-sodium",,Leivad ja pagarittooted,97,0.1,46.9,0.4,2.2,0,0.07,0.225,usda_sr_legacy
18457,"Leavening agents, cream of tartar",,Leivad ja pagarittooted,258,0,61.5,0,0.2,0,0,0.13,usda_sr_legacy
18459,"Leavening agents, yeast, baker's, active dry",,Leivad ja pagarittooted,325,40.4,41.2,7.6,26.9,0,1,0.128,usda_sr_legacy
18458,"Leavening agents, yeast, baker's, compressed",,Leivad ja pagarittooted,105,8.4,18.1,1.9,8.1,0,0.24,0.075,usda_sr_legacy
18497,"Martha White Foods, Martha White's Buttermilk Biscuit Mix, dry",,Leivad ja pagarittooted,388,7.8,59.4,13.2,1.5,4.5,4.07,3.238,usda_sr_legacy
18496,"Martha White Foods, Martha White's Chewy Fudge Brownie Mix, dry",,Leivad ja pagarittooted,407,4.4,83.6,6.2,2.9,54.8,1.7,1.143,usda_sr_legacy
11885,"Mary's Gone Crackers, Original Crackers, Organic Gluten Free",,Leivad ja pagarittooted,446,12.1,64.3,15.6,16.2,1,,1.468,usda_sr_legacy
16764,"Mckee Baking, Little Debbie Nutty Bars, Wafers with Peanut Butter, Chocolate Covered",,Leivad ja pagarittooted,548,8,55.2,32.8,0,34,6.29,0.558,usda_sr_legacy
18498,"Mission Foods, Mission Flour Tortillas, Soft Taco, 8 inch",,Leivad ja pagarittooted,287,8.7,49.6,6,0,,0.7,2.245,usda_sr_legacy
1938,Muffin,,Leivad ja pagarittooted,377,6.5,54,15,1.5,0,,,
11810,"Muffin, blueberry, low-fat",,Leivad ja pagarittooted,255,4.2,50.1,4.2,4.2,27.1,1.55,1.033,usda_sr_legacy
16280,"Muffins, blueberry",,Leivad ja pagarittooted,375,4.5,53,16.1,1.1,31.5,2.84,0.84,usda_sr_legacy
16281,"Muffins, blueberry, dry mix",,Leivad ja pagarittooted,293,3.5,61,3.3,1.4,32.7,1.16,1.198,usda_sr_legacy
16283,"Muffins, blueberry, made with low fat (2%) milk",,Leivad ja pagarittooted,285,6.5,40.7,10.8,0,,2.03,1.103,usda_sr_legacy
16282,"Muffins, blueberry, toaster-type",,Leivad ja pagarittooted,313,4.6,53.3,9.5,1.8,4.9,1.4,1.043,usda_sr_legacy
18461,"Muffins, blueberry, toaster-type, toasted",,Leivad ja pagarittooted,333,4.9,56.7,10.1,1.9,13,1.55,1.11,usda_sr_legacy
18418,"Muffins, corn",,Leivad ja pagarittooted,305,5.9,51,8.4,3.4,17.8,1.35,0.963,usda_sr_legacy
18419,"Muffins, corn, dry mix, prepared",,Leivad ja pagarittooted,321,7.4,49.1,10.2,2.4,,2.8,1.988,usda_sr_legacy
18421,"Muffins, corn, made with low fat (2%) milk",,Leivad ja pagarittooted,316,7.1,44.2,12.3,0,,2.31,1.463,usda_sr_legacy
18420,"Muffins, corn, toaster-type",,Leivad ja pagarittooted,346,5.3,57.9,11.3,1.6,,1.68,1.075,usda_sr_legacy
18412,"Muffins, English, mixed-grain",,Leivad ja pagarittooted,235,9.1,46.3,1.8,2.8,0.8,0.23,0.745,usda_sr_legacy
18411,"Muffins, English, plain, toasted, with calcium propionate",,Leivad ja pagarittooted,270,10.3,52.7,2,2.8,3.5,0.53,1.193,usda_sr_legacy
18410,"Muffins, English, plain, with ca prop",,Leivad ja pagarittooted,227,8.9,44.2,1.7,3.5,3.5,0.73,1.063,usda_sr_legacy
18413,"Muffins, English, raisin-cinnamon",,Leivad ja pagarittooted,240,7.9,48.1,1.8,2.6,14.8,0.54,0.748,usda_sr_legacy
16275,"Muffins, English, raisin-cinnamon, toasted",,Leivad ja pagarittooted,276,8.9,55,2.2,3,13.3,0.58,0.855,usda_sr_legacy
16276,"Muffins, English, wheat",,Leivad ja pagarittooted,223,8.7,44.8,2,4.6,1.6,0.29,0.883,usda_sr_legacy
16277,"Muffins, English, whole-wheat",,Leivad ja pagarittooted,203,8.8,40.4,2.1,6.7,8.1,0.33,0.91,usda_sr_legacy
16284,"Muffins, oat bran",,Leivad ja pagarittooted,270,7,48.3,7.4,4.6,8.2,1.09,0.983,usda_sr_legacy
16279,"Muffins, plain, made with low fat (2%) milk",,Leivad ja pagarittooted,296,6.9,41.4,11.4,2.7,,2.16,1.168,usda_sr_legacy
16285,"Muffins, wheat bran, dry mix",,Leivad ja pagarittooted,396,7.1,73,12,0,,2.94,1.75,usda_sr_legacy
18462,"Muffins, wheat bran, toaster-type with raisins, toasted",,Leivad ja pagarittooted,313,5.5,55.5,9.4,8.2,23.1,1.5,1.318,usda_sr_legacy
18499,"Nabisco, Nabisco Grahams Crackers",,Leivad ja pagarittooted,424,7,76.2,10,3.4,23,1.56,1.648,usda_sr_legacy
18500,"Nabisco, Nabisco Oreo Crunchies, Cookie Crumb Topping",,Leivad ja pagarittooted,476,4.8,70.2,21.5,3.2,36,4.14,1.32,usda_sr_legacy
16765,"Nabisco, Nabisco Ritz Crackers",,Leivad ja pagarittooted,492,7.2,63.5,23.2,2.3,8.1,5.45,2.205,usda_sr_legacy
11805,"Nabisco, Nabisco Snackwell's Fat Free Devil's Food Cookie Cakes",,Leivad ja pagarittooted,305,5,74.3,1.1,1.6,43.4,0.43,0.435,usda_sr_legacy
16288,"Pancakes, blueberry",,Leivad ja pagarittooted,222,6.1,29,9.2,0,,1.99,1.03,usda_sr_legacy
16289,"Pancakes, buckwheat, dry mix, incomplete",,Leivad ja pagarittooted,340,10.9,71.3,2.7,8.5,7.2,0.44,1.71,usda_sr_legacy
18463,"Pancakes, buttermilk",,Leivad ja pagarittooted,227,6.8,28.7,9.3,0,,1.83,1.305,usda_sr_legacy
17528,"Pancakes, gluten-free, frozen, ready-to-heat",,Leivad ja pagarittooted,215,3.3,40.3,4.6,1.5,4.1,0.48,0.828,usda_sr_legacy
18425,"Pancakes, plain",,Leivad ja pagarittooted,227,6.4,28.3,9.7,0,,2.12,1.098,usda_sr_legacy
16287,"Pancakes, plain, dry mix, complete",,Leivad ja pagarittooted,368,9.8,73.7,3.1,2.9,16,0.82,2.705,usda_sr_legacy
18422,"Pancakes, plain, dry mix, complete, prepared",,Leivad ja pagarittooted,194,5.2,36.7,2.5,1.3,,0.51,1.57,usda_sr_legacy
18423,"Pancakes, plain, dry mix, incomplete",,Leivad ja pagarittooted,355,10,73.6,1.7,5.4,2.2,0.25,2.87,usda_sr_legacy
18424,"Pancakes, plain, dry mix, incomplete, prepared",,Leivad ja pagarittooted,218,7.8,28.9,7.7,1.9,,2.05,1.263,usda_sr_legacy
16286,"Pancakes plain, frozen, ready-to-heat",,Leivad ja pagarittooted,233,5.2,37.8,6.8,1,8.3,1.16,1.153,usda_sr_legacy
11807,"Pancakes, plain, frozen, ready-to-heat, microwave",,Leivad ja pagarittooted,239,5.9,43.3,4.7,2.5,7.1,0.86,1.415,usda_sr_legacy
17508,"Pancakes, plain, reduced fat",,Leivad ja pagarittooted,269,5.7,57.3,1.9,1,8.6,0,1.073,usda_sr_legacy
16290,"Pancakes, special dietary, dry mix",,Leivad ja pagarittooted,349,8.9,73.9,1.4,0,,0.2,1.14,usda_sr_legacy
15451,"Pancakes, whole wheat, dry mix, incomplete",,Leivad ja pagarittooted,350,10.5,74.1,1.3,7.9,10.5,0,4.08,usda_sr_legacy
16291,"Pancakes, whole-wheat, dry mix, incomplete",,Leivad ja pagarittooted,344,12.8,71,1.5,0,,0.24,3.548,usda_sr_legacy
18426,"Pancakes, whole-wheat, dry mix, incomplete, prepared",,Leivad ja pagarittooted,208,8.5,29.4,6.5,2.8,,1.75,1.43,usda_sr_legacy
11819,"Pan Dulce, La Ricura, Salpora de Arroz con Azucar, cookie-like, contains wheat flour and rice flour",,Leivad ja pagarittooted,445,8.8,66.3,16.1,1.2,21.9,,1.113,usda_sr_legacy
11468,"Pastry, Pastelitos de Guava (guava pastries)",,Leivad ja pagarittooted,379,5.5,47.8,18.5,2.2,17,5.54,0.578,usda_sr_legacy
11886,"Pepperidge Farm, Goldfish, Baked Snack Crackers, Cheddar",,Leivad ja pagarittooted,457,11.7,66.2,16.1,0,0.7,,2.185,usda_sr_legacy
11887,"Pepperidge Farm, Goldfish, Baked Snack Crackers, Explosive Pizza",,Leivad ja pagarittooted,458,9.6,67.2,16.8,0,2.4,,2.17,usda_sr_legacy
11534,"Pepperidge Farm, Goldfish, Baked Snack Crackers, Original",,Leivad ja pagarittooted,467,9.4,65.8,18.4,2.4,1,1.43,2.368,usda_sr_legacy
11535,"Pepperidge Farm, Goldfish, Baked Snack Crackers, Parmesan",,Leivad ja pagarittooted,459,11.2,64.7,17.3,3.5,0.8,2.61,2.968,usda_sr_legacy
11536,"Pepperidge Farm, Goldfish, Baked Snack Crackers, Pizza",,Leivad ja pagarittooted,469,9.7,65.1,18.9,3.5,0.9,2.14,2.038,usda_sr_legacy
16306,Phyllo dough,,Leivad ja pagarittooted,299,7.1,52.6,6,1.9,0.2,1.47,1.208,usda_sr_legacy
18428,"Pie, apple",,Leivad ja pagarittooted,265,2.4,37.1,12.5,0,,3.05,0.528,usda_sr_legacy
18427,"Pie, apple, enriched flour",,Leivad ja pagarittooted,237,1.9,34,11,1.6,15.7,3.8,0.503,usda_sr_legacy
16746,"Pie, apple, unenriched flour",,Leivad ja pagarittooted,237,1.9,34,11,1.6,,3.8,0.665,usda_sr_legacy
16292,"Pie, banana cream",,Leivad ja pagarittooted,269,4.4,32.9,13.6,0.7,12.1,3.76,0.6,usda_sr_legacy
18429,"Pie, banana cream, prepared from mix, no-bake type",,Leivad ja pagarittooted,251,3.4,31.6,12.9,0.6,,6.9,0.725,usda_sr_legacy
16294,"Pie, blueberry",,Leivad ja pagarittooted,245,2.7,33.5,11.9,0,,2.91,0.463,usda_sr_legacy
16293,"Pie, blueberry",,Leivad ja pagarittooted,232,1.8,34.9,10,1,9.9,1.68,0.718,usda_sr_legacy
16296,"Pie, cherry",,Leivad ja pagarittooted,270,2.8,38.5,12.2,0,,2.99,0.478,usda_sr_legacy
16295,"Pie, cherry",,Leivad ja pagarittooted,260,2,39.8,11,0.8,14.3,2.56,0.615,usda_sr_legacy
18430,"Pie, chocolate creme",,Leivad ja pagarittooted,353,4.2,38.4,22.4,0.8,27.4,12.45,0.665,usda_sr_legacy
18431,"Pie, chocolate mousse, prepared from mix, no-bake type",,Leivad ja pagarittooted,260,3.5,29.6,15.4,0,,8.2,1.15,usda_sr_legacy
18433,"Pie, coconut cream, prepared from mix, no-bake type",,Leivad ja pagarittooted,276,2.8,28.5,17.6,0.5,,8.93,0.823,usda_sr_legacy
18432,"Pie, coconut creme",,Leivad ja pagarittooted,298,2.1,37.3,16.6,1.3,18.5,6.98,0.51,usda_sr_legacy
16297,"Pie, coconut custard",,Leivad ja pagarittooted,260,5.9,30.2,13.2,1.8,,5.85,0.838,usda_sr_legacy
11461,"Pie Crust, Cookie-type, Chocolate, Ready Crust",,Leivad ja pagarittooted,484,6.1,64.5,22.4,2.7,26.3,4.73,1.258,usda_sr_legacy
16326,"Pie crust, cookie-type, graham cracker, chilled",,Leivad ja pagarittooted,484,4.1,63.9,24.4,1.5,37.6,5.09,1.4,usda_sr_legacy
11460,"Pie Crust, Cookie-type, Graham Cracker, Ready Crust",,Leivad ja pagarittooted,501,5.1,64.3,24.8,1.9,18.1,5,1.178,usda_sr_legacy
16328,"Pie crust, cookie-type, vanilla wafer, chilled",,Leivad ja pagarittooted,531,3.7,50.2,36.2,0.1,7.3,7.43,1.288,usda_sr_legacy
11812,"Pie crust, deep dish, frozen, baked, made with enriched flour",,Leivad ja pagarittooted,521,6.1,52.5,31.8,2.3,,8.86,0.983,usda_sr_legacy
11463,"Pie crust, deep dish, frozen, unbaked, made with enriched flour",,Leivad ja pagarittooted,468,5.5,46.8,28.7,1.4,,8.13,0.883,usda_sr_legacy
11811,"Pie crust, refrigerated, baked",,Leivad ja pagarittooted,506,3.4,58.5,28.7,1.4,,11.09,1.18,usda_sr_legacy
11813,"Pie crust, refrigerated, unbaked",,Leivad ja pagarittooted,445,3,51.1,25.5,1.8,,9.6,1.023,usda_sr_legacy
18442,"Pie crust, standard-type, baked",,Leivad ja pagarittooted,527,6.4,47.5,34.6,1.7,0.2,8.62,1.355,usda_sr_legacy
18438,"Pie crust, standard-type, dry mix",,Leivad ja pagarittooted,518,6.9,52.1,31.4,0,,7.97,1.883,usda_sr_legacy
18439,"Pie crust, standard-type, dry mix, prepared, baked",,Leivad ja pagarittooted,501,6.7,50.4,30.4,1.8,,7.71,1.823,usda_sr_legacy
18440,"Pie crust, standard-type, frozen, ready-to-bake",,Leivad ja pagarittooted,457,6.2,48.6,26.1,2.5,3.7,8.16,1.023,usda_sr_legacy
18481,"Pie crust, standard-type, frozen, ready-to-bake",,Leivad ja pagarittooted,457,3.9,44.1,29.2,0.9,,4.36,1.44,usda_sr_legacy
18441,"Pie crust, standard-type, frozen, ready-to-bake, baked",,Leivad ja pagarittooted,508,6.5,56.2,28.6,3.3,4.2,9.28,1.168,usda_sr_legacy
16329,"Pie crust, standard-type, unbaked",,Leivad ja pagarittooted,469,5.7,42.3,30.8,3.4,0.2,7.67,1.205,usda_sr_legacy
11462,"Pie, Dutch Apple",,Leivad ja pagarittooted,290,2.2,44.5,11.5,1.6,22,2.31,0.5,usda_sr_legacy
16298,"Pie, egg custard",,Leivad ja pagarittooted,210,5.5,20.8,11.6,1.6,11.6,2.35,0.688,usda_sr_legacy
16747,"Pie, fried pies, cherry",,Leivad ja pagarittooted,316,3,42.6,16.1,2.6,,2.46,0.935,usda_sr_legacy
16299,"Pie, fried pies, fruit",,Leivad ja pagarittooted,316,3,42.6,16.1,2.6,21.4,2.46,0.833,usda_sr_legacy
18480,"Pie, fried pies, lemon",,Leivad ja pagarittooted,316,3,42.6,16.1,2.6,,2.46,0.935,usda_sr_legacy
18434,"Pie, lemon meringue",,Leivad ja pagarittooted,285,3.8,39.1,12.9,0,,3.19,0.605,usda_sr_legacy
16300,"Pie, lemon meringue",,Leivad ja pagarittooted,268,1.5,47.2,8.7,1.2,23.9,1.77,0.43,usda_sr_legacy
18435,"Pie, mince",,Leivad ja pagarittooted,289,2.6,48,10.8,2.6,28.3,2.68,0.635,usda_sr_legacy
18436,"Pie, peach",,Leivad ja pagarittooted,224,1.9,32.9,10,0.8,16.2,1.51,0.543,usda_sr_legacy
16301,"Pie, pecan",,Leivad ja pagarittooted,412,4.9,52.2,22.2,0,,3.99,0.655,usda_sr_legacy
18437,"Pie, pecan",,Leivad ja pagarittooted,407,4.5,59.6,16.7,2.1,25.2,2.65,0.688,usda_sr_legacy
16302,"Pie, pumpkin",,Leivad ja pagarittooted,243,3.9,34.8,9.8,1.8,18.9,1.99,0.598,usda_sr_legacy
16303,"Pie, pumpkin",,Leivad ja pagarittooted,204,4.5,26.4,9.3,0,,3.17,0.563,usda_sr_legacy
16304,"Pie, vanilla cream",,Leivad ja pagarittooted,278,4.8,32.6,14.4,0.6,12.7,4.03,0.65,usda_sr_legacy
16766,"Pillsbury, Buttermilk Biscuits, Artificial Flavor, refrigerated dough",,Leivad ja pagarittooted,236,6.4,47.1,2.8,1.6,4.5,0.42,2.135,usda_sr_legacy
16767,"Pillsbury, Chocolate Chip Cookies, refrigerated dough",,Leivad ja pagarittooted,450,3.8,60.8,21.3,1.7,37.7,8.73,0.815,usda_sr_legacy
11453,"Pillsbury, Cinnamon Rolls with Icing, refrigerated dough",,Leivad ja pagarittooted,330,4.3,53.4,11.3,1.4,21.3,3.25,1.95,usda_sr_legacy
16768,"Pillsbury, Crusty French Loaf, refrigerated dough",,Leivad ja pagarittooted,243,8.6,46.4,2.9,2.6,5.1,0.67,1.438,usda_sr_legacy
11452,"Pillsbury Golden Layer Buttermilk Biscuits, Artificial Flavor, refrigerated dough",,Leivad ja pagarittooted,307,5.9,41.2,13.2,1.2,5.9,2.94,2.648,usda_sr_legacy
11802,"Pillsbury Grands, Buttermilk Biscuits, refrigerated dough",,Leivad ja pagarittooted,293,6.2,42.4,11.3,1.5,4.6,4.07,2.665,usda_sr_legacy
1930,Pita bread,,Leivad ja pagarittooted,275,9,55,1.2,2.8,0,,,
16307,"Popovers, dry mix",,Leivad ja pagarittooted,371,10.4,71,4.3,0,,0.98,2.265,usda_sr_legacy
18482,"Popovers, dry mix",,Leivad ja pagarittooted,371,10.4,71,4.3,0,,0.98,2.265,usda_sr_legacy
16305,"Puff pastry, frozen, ready-to-bake",,Leivad ja pagarittooted,551,7.3,45.1,38.1,1.5,0.7,9.64,0.623,usda_sr_legacy
16253,"Puff pastry, frozen, ready-to-bake, baked",,Leivad ja pagarittooted,558,7.4,45.7,38.5,1.5,0.8,5.5,0.633,usda_sr_legacy
1933,Pumpernickel,,Leivad ja pagarittooted,250,8.5,48,2.5,7.5,0,,,
1944,Raisin roll,,Leivad ja pagarittooted,310,7,56,6.5,2.5,0,,,
18443,"Rolls, dinner, egg",,Leivad ja pagarittooted,307,9.5,52,6.4,3.7,4.3,1.58,1.415,usda_sr_legacy
18444,"Rolls, dinner, oat bran",,Leivad ja pagarittooted,236,9.5,40.2,4.6,4.1,6.7,0.62,1.033,usda_sr_legacy
16308,"Rolls, dinner, plain",,Leivad ja pagarittooted,310,10.9,52,6.5,2,5.6,1.38,1.168,usda_sr_legacy
16325,"Rolls, dinner, plain, made with low fat (2%) milk",,Leivad ja pagarittooted,316,8.5,53.4,7.3,1.9,,1.8,1.038,usda_sr_legacy
18445,"Rolls, dinner, rye",,Leivad ja pagarittooted,286,10.3,53.1,3.4,4.9,1.2,0.61,1.625,usda_sr_legacy
17529,"Rolls, dinner, sweet",,Leivad ja pagarittooted,321,10,53.6,7.4,3.1,15.4,3.52,0.633,usda_sr_legacy
18446,"Rolls, dinner, wheat",,Leivad ja pagarittooted,273,8.6,46,6.3,3.8,1.6,1.5,1.31,usda_sr_legacy
16309,"Rolls, dinner, whole-wheat",,Leivad ja pagarittooted,266,8.7,51.1,4.7,7.5,8.5,0.84,1.303,usda_sr_legacy
16310,"Rolls, french",,Leivad ja pagarittooted,277,8.6,50.2,4.3,3.2,0.3,0.96,1.435,usda_sr_legacy
15461,"Rolls, gluten-free, white, made with brown rice flour, tapioca starch",,Leivad ja pagarittooted,257,5.7,40.2,8.2,2.9,3,,1.36,usda_sr_legacy
15459,"Rolls, gluten-free, white, made with brown rice flour, tapioca starch",,Leivad ja pagarittooted,310,8,55.1,6.4,3.6,9.5,,1.768,usda_sr_legacy
15460,"Rolls, gluten-free, white, made with rice flour, rice starch",,Leivad ja pagarittooted,239,3.3,50.5,2.7,5.1,6.9,0.22,1.483,usda_sr_legacy
15462,"Rolls, gluten-free, whole grain, made with tapioca starch and brown rice flour",,Leivad ja pagarittooted,329,11.8,44.3,11.6,11.2,4.2,1.38,1.268,usda_sr_legacy
16312,"Rolls, hamburger or hotdog, mixed-grain",,Leivad ja pagarittooted,263,9.6,44.6,6,3.8,6.3,1.39,1.145,usda_sr_legacy
16311,"Rolls, hamburger or hotdog, plain",,Leivad ja pagarittooted,279,9.8,50.1,3.9,1.8,7.3,0.84,1.235,usda_sr_legacy
17511,"Rolls, hamburger or hot dog, wheat/cracked wheat",,Leivad ja pagarittooted,269,11.7,47.3,3.6,4.2,6.9,0.75,1.158,usda_sr_legacy
17512,"Rolls, hamburger or hot dog, whole wheat",,Leivad ja pagarittooted,269,12.4,44.9,4.4,6.1,5.9,0.92,1.193,usda_sr_legacy
17516,"Rolls, hamburger, whole grain white, calcium-fortified",,Leivad ja pagarittooted,255,9.3,46.5,3.5,2.3,9.3,1.16,1.28,usda_sr_legacy
18447,"Rolls, hard",,Leivad ja pagarittooted,293,9.9,52.7,4.3,2.3,1.8,0.61,1.36,usda_sr_legacy
11959,"Rolls, pumpernickel",,Leivad ja pagarittooted,276,10.8,51.9,2.8,5.4,0.4,0.5,1.23,usda_sr_legacy
11537,"Rudi's, Gluten-Free Bakery, Original Sandwich Bread",,Leivad ja pagarittooted,320,3.1,52.8,10.7,3.5,8.4,0.34,1.32,usda_sr_legacy
11888,"Sage Valley, Gluten Free Vanilla Sandwich Cookies",,Leivad ja pagarittooted,499,3.1,71.9,22.2,1,43.9,5.92,0.53,usda_sr_legacy
1942,Salt pretzel,,Leivad ja pagarittooted,380,11,75,3.5,3,0,,,
11889,"Schar, Gluten-Free, Classic White Rolls",,Leivad ja pagarittooted,239,3.3,50.5,2.7,5.1,6.9,0.22,1.483,usda_sr_legacy
11890,"Schar, Gluten-Free, Wheat-Free, Classic White Bread",,Leivad ja pagarittooted,240,3.8,46.1,4.5,5.1,3.3,0.98,1.103,usda_sr_legacy
1948,Sourdough bread,,Leivad ja pagarittooted,252,8.5,48,2,3.5,0,,,
18448,"Strudel, apple",,Leivad ja pagarittooted,274,3.3,41.1,11.2,2.2,25.8,2.04,0.338,usda_sr_legacy
1943,Sweet bun,,Leivad ja pagarittooted,320,7.5,52,9.5,2,0,,,
18449,"Sweet rolls, cheese",,Leivad ja pagarittooted,360,7.1,43.7,18.3,1.2,,6.06,0.893,usda_sr_legacy
18450,"Sweet rolls, cinnamon, commercially prepared with raisins",,Leivad ja pagarittooted,372,6.2,50.9,16.4,2.4,31.7,3.08,0.76,usda_sr_legacy
16313,"Sweet rolls, cinnamon, refrigerated dough with frosting",,Leivad ja pagarittooted,333,5,51.6,12.2,0,,3.08,1.913,usda_sr_legacy
16314,"Sweet rolls, cinnamon, refrigerated dough with frosting, baked",,Leivad ja pagarittooted,362,5.4,56.1,13.2,0,,3.35,2.08,usda_sr_legacy
16315,"Taco shells, baked",,Leivad ja pagarittooted,476,6.4,63.5,21.8,6.7,1.5,7.11,0.81,usda_sr_legacy
18483,"Taco shells, baked, without added salt",,Leivad ja pagarittooted,468,7.2,62.4,22.6,7.5,,3.25,0.038,usda_sr_legacy
18485,"Tart, breakfast, low fat",,Leivad ja pagarittooted,372,4,76.8,6,1.5,4.9,1.39,0.903,usda_sr_legacy
16316,"Toaster pastries, brown-sugar-cinnamon",,Leivad ja pagarittooted,370,4.1,72.6,8,2.3,27.2,,0.903,usda_sr_legacy
18451,"Toaster pastries, fruit",,Leivad ja pagarittooted,388,4.2,70.3,10,1,26.1,3.62,0.835,usda_sr_legacy
11808,"Toaster Pastries, fruit, frosted (include apples, blueberry, cherry",,Leivad ja pagarittooted,385,4,71.8,9,1.8,31,3.09,0.778,usda_sr_legacy
11809,"Toaster pastries, fruit, toasted (include apple, blueberry, cherry",,Leivad ja pagarittooted,409,4.7,72.7,11,1,29,2.64,0.885,usda_sr_legacy
18452,"Tortillas, ready-to-bake or -fry, corn",,Leivad ja pagarittooted,218,5.7,44.6,2.9,6.3,0.9,0.45,0.113,usda_sr_legacy
16748,"Tortillas, ready-to-bake or -fry, corn, without added salt",,Leivad ja pagarittooted,222,5.7,46.6,2.5,5.2,,0.33,0.028,usda_sr_legacy
18453,"Tortillas, ready-to-bake or -fry, flour, refrigerated",,Leivad ja pagarittooted,306,8.2,49.4,8,3.5,3.7,2.92,1.84,usda_sr_legacy
11475,"Tortillas, ready-to-bake or -fry, flour, shelf stable",,Leivad ja pagarittooted,297,8,49.3,7.6,2.4,2.7,1.23,1.855,usda_sr_legacy
16749,"Tortillas, ready-to-bake or -fry, flour, without added calcium",,Leivad ja pagarittooted,325,8.7,55.6,7.1,3.3,,1.75,1.195,usda_sr_legacy
17503,"Tortillas, ready-to-bake or -fry, whole wheat",,Leivad ja pagarittooted,310,9.8,45.9,9.8,9.8,2.4,4.88,1.543,usda_sr_legacy
11465,"Tostada shells, corn",,Leivad ja pagarittooted,474,6.2,64.4,23.4,5.8,,7.01,1.643,usda_sr_legacy
11891,"Udi's, Gluten Free, Classic French Dinner Rolls",,Leivad ja pagarittooted,310,8,55.1,6.4,3.6,9.5,,1.768,usda_sr_legacy
11538,"Udi's, Gluten Free, Soft & Delicious White Sandwich Bread",,Leivad ja pagarittooted,298,5.4,51.2,8,5.5,11.3,0.63,1.288,usda_sr_legacy
11539,"Udi's, Gluten Free, Soft & Hearty Whole Grain Bread",,Leivad ja pagarittooted,309,7.3,49.1,9.3,4.9,9.8,0.27,1.275,usda_sr_legacy
11540,"Udi's, Gluten Free, Whole Grain Dinner Rolls",,Leivad ja pagarittooted,329,11.8,44.3,11.6,11.2,4.2,1.38,1.268,usda_sr_legacy
1934,Unleavened bread,,Leivad ja pagarittooted,371,11,75,3.5,3,0,,,
11541,"Van's, Gluten Free, Totally Original Pancakes",,Leivad ja pagarittooted,215,3.3,40.3,4.6,1.5,4.1,0.48,0.828,usda_sr_legacy
11892,"Van's, Gluten Free, Totally Original Waffles",,Leivad ja pagarittooted,248,3,40.5,8.2,0,1.7,0.78,1.27,usda_sr_legacy
11893,"Van's, The Perfect 10, Crispy Six Whole Grain + Four Seed Baked Crackers, Gluten Free",,Leivad ja pagarittooted,471,7.6,67.6,18.9,0,,,1.825,usda_sr_legacy
11458,"Waffle, buttermilk, frozen, ready-to-heat, microwaved",,Leivad ja pagarittooted,289,6.9,44.2,9.4,2.4,4.5,2.06,1.658,usda_sr_legacy
11457,"Waffle, buttermilk, frozen, ready-to-heat, toasted",,Leivad ja pagarittooted,309,7.4,48.4,9.5,2.6,4.4,2.28,1.775,usda_sr_legacy
11459,"Waffle, plain, frozen, ready-to-heat, microwave",,Leivad ja pagarittooted,298,6.7,45.4,9.9,2.4,5,1.58,1.705,usda_sr_legacy
11456,"Waffles, buttermilk, frozen, ready-to-heat",,Leivad ja pagarittooted,273,6.6,41.1,9.2,2.2,4.3,1.9,1.553,usda_sr_legacy
11464,"Waffles, chocolate chip, frozen, ready-to-heat",,Leivad ja pagarittooted,297,5.8,45.7,10.1,1.5,13.1,3.57,1.323,usda_sr_legacy
17527,"Waffles, gluten-free, frozen, ready-to-heat",,Leivad ja pagarittooted,263,2.7,43.1,8.8,1.4,1.7,0.78,1.263,usda_sr_legacy
18455,"Waffles, plain",,Leivad ja pagarittooted,291,7.9,32.9,14.1,0,,2.87,1.278,usda_sr_legacy
18454,"Waffles, plain, frozen, ready-to-heat",,Leivad ja pagarittooted,285,6.5,43,9.7,2.2,4.9,1.53,1.595,usda_sr_legacy
18464,"Waffles, plain, frozen, ready -to-heat, toasted",,Leivad ja pagarittooted,312,7.2,49.3,9.6,2.4,5,1.64,1.168,usda_sr_legacy
17507,"Waffles, whole wheat, lowfat, frozen, ready-to-heat",,Leivad ja pagarittooted,257,7.1,49.2,3.6,4.3,4.3,0.71,1.393,usda_sr_legacy
1924,Wheat bread,,Leivad ja pagarittooted,265,9,49,3,2.7,0,,,
1927,White loaf,,Leivad ja pagarittooted,265,8.5,52,2,2.3,0,,,
1926,White roll,,Leivad ja pagarittooted,289,9.5,56,2.5,2.5,0,,,
1925,Wholegrain rye bread,,Leivad ja pagarittooted,241,8,44.5,2.5,8,0,,,
16317,Wonton wrappers,,Leivad ja pagarittooted,291,9.8,57.9,1.5,1.8,,0.26,1.43,usda_sr_legacy
18024,Bacon and beef sticks,,Liha ja linnuliha,517,29.1,0.8,44.2,0,0.8,16,3.55,usda_sr_legacy
12210,"Bacon, pre-sliced, reduced/low sodium, unprepared",,Liha ja linnuliha,407,12.5,0.8,39.3,0,0.8,,1.175,usda_sr_legacy
15238,"Bacon, turkey, low sodium",,Liha ja linnuliha,253,13.3,4.8,20,0,0,6.67,2.25,usda_sr_legacy
15237,"Bacon, turkey, microwaved",,Liha ja linnuliha,368,29.5,4.2,25.9,0,4.2,6.93,5.053,usda_sr_legacy
18014,"Bacon, turkey, unprepared",,Liha ja linnuliha,226,15.9,1.9,16.9,0,,4.52,2.673,usda_sr_legacy
15199,"Barbecue loaf, pork, beef",,Liha ja linnuliha,173,15.8,6.4,8.9,0,,3.17,3.335,usda_sr_legacy
15326,"Beef, Australian, imported, grass-fed, external fat",,Liha ja linnuliha,509,11.3,0.4,51.4,0,0,22.65,0.09,usda_sr_legacy
16583,"Beef, Australian, imported, grass-fed, ground",,Liha ja linnuliha,239,17.7,0,18.1,0,0,7.94,0.155,usda_sr_legacy
17391,"Beef, Australian, imported, grass-fed, loin",,Liha ja linnuliha,151,20.5,0,7.6,0,0,3.39,0.155,usda_sr_legacy
17392,"Beef, Australian, imported, grass-fed, loin",,Liha ja linnuliha,131,21.8,0,4.9,0,0,2.09,0.165,usda_sr_legacy
15332,"Beef, Australian, imported, grass-fed, loin",,Liha ja linnuliha,122,21.9,0,3.9,0,0,1.6,0.15,usda_sr_legacy
15331,"Beef, Australian, imported, grass-fed, loin",,Liha ja linnuliha,199,19.9,0.1,13.2,0,0,5.84,0.15,usda_sr_legacy
17387,"Beef, Australian, imported, grass-fed, loin",,Liha ja linnuliha,138,20.9,0,6.1,0,0,2.73,0.158,usda_sr_legacy
15337,"Beef, Australian, imported, grass-fed, loin",,Liha ja linnuliha,127,21.8,0,4.5,0,0,1.86,0.148,usda_sr_legacy
17397,"Beef, Australian, imported, grass-fed, rib",,Liha ja linnuliha,217,19.8,0.1,15.2,0,0,6.78,0.15,usda_sr_legacy
15333,"Beef, Australian, imported, grass-fed, rib",,Liha ja linnuliha,160,21.5,0,8.2,0,0,3.6,0.163,usda_sr_legacy
17393,"Beef, Australian, imported, grass-fed, round",,Liha ja linnuliha,130,21.4,0,4.9,0,0,1.96,0.178,usda_sr_legacy
17399,"Beef, Australian, imported, grass-fed, round",,Liha ja linnuliha,129,22.2,0,4.4,0,0,1.77,0.148,usda_sr_legacy
17394,"Beef, Australian, imported, grass-fed, round",,Liha ja linnuliha,129,22.4,0,4.4,0,0,1.78,0.15,usda_sr_legacy
17398,"Beef, Australian, imported, grass-fed, round",,Liha ja linnuliha,140,21.1,0,6.2,0,0,2.51,0.175,usda_sr_legacy
15327,"Beef, Australian, imported, grass-fed, seam fat",,Liha ja linnuliha,562,9.6,1.1,57.7,0,0,26.58,0.085,usda_sr_legacy
17389,"Beef, Australian, imported, Wagyu, external fat",,Liha ja linnuliha,639,5.5,1,68.1,0,0,22.4,0.108,usda_sr_legacy
15328,"Beef, Australian, imported, Wagyu, external fat",,Liha ja linnuliha,596,6.5,0,63.3,0,0,22.5,0.093,usda_sr_legacy
15334,"Beef, Australian, imported, Wagyu, loin",,Liha ja linnuliha,331,16.9,0.1,29.2,0,0,10.31,0.17,usda_sr_legacy
17400,"Beef, Australian, imported, Wagyu, loin",,Liha ja linnuliha,289,17.7,0.1,24.2,0,0,8.93,0.14,usda_sr_legacy
15330,"Beef, Australian, imported, Wagyu, loin",,Liha ja linnuliha,206,19.7,0,14.1,0,0,6.11,0.158,usda_sr_legacy
17395,"Beef, Australian, imported, Wagyu, loin",,Liha ja linnuliha,237,18.9,0.6,17.7,0,0,7.38,0.155,usda_sr_legacy
17396,"Beef, Australian, imported, Wagyu, loin",,Liha ja linnuliha,223,20.2,0.2,15.7,0,0,5.91,0.153,usda_sr_legacy
17388,"Beef, Australian, imported, Wagyu, loin",,Liha ja linnuliha,191,20.2,0,12.3,0,0,5.51,0.16,usda_sr_legacy
17401,"Beef, Australian, imported, Wagyu, loin",,Liha ja linnuliha,392,14.6,0.1,37,0,0,12.77,0.153,usda_sr_legacy
15340,"Beef, Australian, imported, Wagyu, loin",,Liha ja linnuliha,248,18.5,0.6,19.1,0,0,7.79,0.153,usda_sr_legacy
15335,"Beef, Australian, imported, Wagyu, rib",,Liha ja linnuliha,234,20.4,0,16.9,0,0,6.54,0.145,usda_sr_legacy
15339,"Beef, Australian, imported, Wagyu, rib",,Liha ja linnuliha,404,14.5,0.3,38.3,0,0,13.94,0.143,usda_sr_legacy
15338,"Beef, Australian, imported, Wagyu, rib",,Liha ja linnuliha,317,17.1,0,27.6,0,0,10.33,0.13,usda_sr_legacy
15336,"Beef, Australian, imported, Wagyu, rib",,Liha ja linnuliha,330,17.6,0.5,28.6,0,0,11.12,0.163,usda_sr_legacy
15329,"Beef, Australian, imported, Wagyu, seam fat",,Liha ja linnuliha,594,6,0,63.3,0,,23.16,0.08,usda_sr_legacy
17390,"Beef, Australian, imported, Wagyu, seam fat",,Liha ja linnuliha,627,5.2,0,67.3,0,0,22.47,0.068,usda_sr_legacy
11952,"Beef, bologna, reduced sodium",,Liha ja linnuliha,310,11.7,2,28.4,0,0,11.68,1.705,usda_sr_legacy
12563,"Beef, bottom sirloin, tri-tip roast, cooked, roasted",,Liha ja linnuliha,221,25.7,0,12.4,0,0,4.55,0.125,usda_sr_legacy
18193,"Beef, bottom sirloin, tri-tip roast, cooked, roasted",,Liha ja linnuliha,193,26.3,0,9.7,0,0,3.53,0.135,usda_sr_legacy
12565,"Beef, bottom sirloin, tri-tip roast, cooked, roasted",,Liha ja linnuliha,201,26.4,0,9.8,0,0,3.6,0.14,usda_sr_legacy
13338,"Beef, bottom sirloin, tri-tip roast, cooked, roasted",,Liha ja linnuliha,211,26.1,0,11.1,0,0,,0.133,usda_sr_legacy
18195,"Beef, bottom sirloin, tri-tip roast, cooked, roasted",,Liha ja linnuliha,179,27.2,0,7,0,0,2.52,0.145,usda_sr_legacy
12564,"Beef, bottom sirloin, tri-tip roast, raw",,Liha ja linnuliha,174,20.6,0,9.5,0,0,3.49,0.128,usda_sr_legacy
16639,"Beef, bottom sirloin, tri-tip roast, raw",,Liha ja linnuliha,129,21.3,0,4.2,0,0,1.5,0.135,usda_sr_legacy
18192,"Beef, bottom sirloin, tri-tip roast, raw",,Liha ja linnuliha,142,21.3,0,5.6,0,0,1.73,0.135,usda_sr_legacy
18194,"Beef, bottom sirloin, tri-tip roast, raw",,Liha ja linnuliha,154,21.2,0,7.1,0,0,2.13,0.135,usda_sr_legacy
13339,"Beef, bottom sirloin, tri-tip roast, raw",,Liha ja linnuliha,157,20.6,0,7.7,0,0,2.82,0.133,usda_sr_legacy
12562,"Beef, bottom sirloin, tri-tip roast, raw",,Liha ja linnuliha,165,20.6,0,8.6,0,0,3.14,0.13,usda_sr_legacy
12571,"Beef, brisket, flat half, boneless, raw",,Liha ja linnuliha,169,20.2,0,9.9,0,0,3.7,0.198,usda_sr_legacy
12485,"Beef, brisket, flat half, boneless, raw",,Liha ja linnuliha,137,21.3,0,5.8,0,0,1.99,0.205,usda_sr_legacy
13350,"Beef, brisket, flat half, boneless, raw",,Liha ja linnuliha,158,20.6,0,8.5,0,0,3.42,0.205,usda_sr_legacy
12486,"Beef, brisket, flat half, boneless, raw",,Liha ja linnuliha,124,21.7,0,4.1,0,0,1.58,0.213,usda_sr_legacy
12542,"Beef, brisket, flat half, boneless, raw",,Liha ja linnuliha,165,20.3,0,9.3,0,0,3.59,0.2,usda_sr_legacy
12484,"Beef, brisket, flat half, boneless separable lean only, raw",,Liha ja linnuliha,132,21.5,0,5.1,0,0,1.84,0.208,usda_sr_legacy
16645,"Beef, brisket, flat half, cooked, braised",,Liha ja linnuliha,298,28.7,0,19.5,0,0,8.22,0.115,usda_sr_legacy
13212,"Beef, brisket, flat half, cooked, braised",,Liha ja linnuliha,280,29,0,17.4,0,0,6.89,0.123,usda_sr_legacy
15416,"Beef, brisket, flat half, cooked, braised",,Liha ja linnuliha,203,33.1,0,6.8,0,0,2.57,0.133,usda_sr_legacy
13220,"Beef, brisket, flat half, cooked, braised",,Liha ja linnuliha,221,32.2,0,9.2,0,0,3.64,0.13,usda_sr_legacy
18190,"Beef, brisket, flat half, cooked, braised",,Liha ja linnuliha,189,33.2,0,5.2,0,0,1.97,0.138,usda_sr_legacy
13335,"Beef, brisket, flat half, cooked, braised",,Liha ja linnuliha,205,33.6,0,6.8,0,0,2.67,0.143,usda_sr_legacy
14340,"Beef, brisket, flat half, cooked, braised",,Liha ja linnuliha,213,32.9,0,8,0,0,3.15,0.135,usda_sr_legacy
14328,"Beef, brisket, flat half, cooked, braised",,Liha ja linnuliha,212,32.6,0,8.1,0,0,3.05,0.13,usda_sr_legacy
13937,"Beef, brisket, flat half, cooked, braised",,Liha ja linnuliha,205,33.3,0,7,0,0,2.65,0.135,usda_sr_legacy
17469,"Beef, brisket, flat half, cooked, braised",,Liha ja linnuliha,196,33.2,0,6,0,0,2.27,0.135,usda_sr_legacy
13268,"Beef, brisket, flat half, cooked, braised",,Liha ja linnuliha,289,28.8,0,18.4,0,0,7.31,0.12,usda_sr_legacy
13249,"Beef, brisket, flat half, cooked, braised",,Liha ja linnuliha,198,33.9,0,5.9,0,0,2.24,0.14,usda_sr_legacy
18188,"Beef, brisket, flat half, raw",,Liha ja linnuliha,124,21.5,0,3.6,0,0,1.34,0.19,usda_sr_legacy
16643,"Beef, brisket, flat half, raw",,Liha ja linnuliha,278,18.1,0.1,22.2,0,0,8.94,0.153,usda_sr_legacy
16644,"Beef, brisket, flat half, raw",,Liha ja linnuliha,276,17.8,0,22.2,0,0,8.96,0.145,usda_sr_legacy
17479,"Beef, brisket, flat half, raw",,Liha ja linnuliha,129,21.7,0,4.1,0,0,1.51,0.188,usda_sr_legacy
17470,"Beef, brisket, flat half, raw",,Liha ja linnuliha,127,21.6,0,3.8,0,0,1.43,0.185,usda_sr_legacy
12494,"Beef, brisket, flat half, raw",,Liha ja linnuliha,277,17.9,0,22.2,0,0,8.95,0.148,usda_sr_legacy
13270,"Beef, brisket, point half, cooked, braised",,Liha ja linnuliha,349,24.4,0,27.2,0,0,10.64,0.173,usda_sr_legacy
13938,"Beef, brisket, point half, cooked, braised",,Liha ja linnuliha,358,23.5,0,28.5,0,0,11.24,0.17,usda_sr_legacy
13939,"Beef, brisket, point half, cooked, braised",,Liha ja linnuliha,244,28.1,0,13.8,0,0,5.18,0.193,usda_sr_legacy
13269,"Beef, brisket, point half, raw",,Liha ja linnuliha,267,17.7,0.6,21,0,0,8.42,0.18,usda_sr_legacy
14338,"Beef, brisket, whole, cooked, braised",,Liha ja linnuliha,291,26.8,0,19.5,0,0,7.53,0.163,usda_sr_legacy
12493,"Beef, brisket, whole, cooked, braised",,Liha ja linnuliha,331,25.9,0,24.5,0,0,9.44,0.16,usda_sr_legacy
14339,"Beef, brisket, whole, cooked, braised",,Liha ja linnuliha,218,29.8,0,10.1,0,0,3.63,0.175,usda_sr_legacy
12435,"Beef, brisket, whole, raw",,Liha ja linnuliha,157,20.7,0.6,7.4,0,0,2.59,0.198,usda_sr_legacy
12492,"Beef, brisket, whole, raw",,Liha ja linnuliha,253,18.4,0.6,19.1,0,0,7.53,0.173,usda_sr_legacy
13210,"Beef, carcass, raw",,Liha ja linnuliha,291,17.3,0,24.1,0,,9.75,0.148,usda_sr_legacy
13211,"Beef, carcass, raw",,Liha ja linnuliha,278,17.5,0,22.6,0,,9.16,0.148,usda_sr_legacy
14334,"Beef, chopped, cured, smoked",,Liha ja linnuliha,133,20.2,1.9,4.4,0,,1.81,3.145,usda_sr_legacy
14343,"Beef, chuck, arm pot roast, cooked, braised",,Liha ja linnuliha,195,33.4,0,5.8,0,0,2.19,0.138,usda_sr_legacy
14342,"Beef, chuck, arm pot roast, cooked, braised",,Liha ja linnuliha,212,33.4,0,7.7,0,0,2.9,0.135,usda_sr_legacy
14341,"Beef, chuck, arm pot roast, cooked, braised",,Liha ja linnuliha,283,29.2,0,17.6,0,0,6.91,0.12,usda_sr_legacy
18189,"Beef, chuck, arm pot roast, cooked, braised",,Liha ja linnuliha,205,34.6,0,6.4,0,0,2.41,0.143,usda_sr_legacy
15415,"Beef, chuck, arm pot roast, cooked, braised",,Liha ja linnuliha,224,34.7,0,8.4,0,0,3.17,0.14,usda_sr_legacy
12497,"Beef, chuck, arm pot roast, cooked, braised",,Liha ja linnuliha,309,30.2,0,19.9,0,0,7.9,0.123,usda_sr_legacy
12495,"Beef, chuck, arm pot roast, cooked, braised",,Liha ja linnuliha,302,30.1,0,19.2,0,0,7.62,0.125,usda_sr_legacy
17472,"Beef, chuck, arm pot roast, cooked, braised",,Liha ja linnuliha,214,34.7,0,7.4,0,0,2.79,0.14,usda_sr_legacy
13940,"Beef, chuck, arm pot roast, cooked, braised",,Liha ja linnuliha,297,28.9,0,19.2,0,0,7.55,0.118,usda_sr_legacy
13272,"Beef, chuck, arm pot roast, cooked, braised",,Liha ja linnuliha,295,30.1,0,18.5,0,0,7.34,0.125,usda_sr_legacy
12496,"Beef, chuck, arm pot roast, raw",,Liha ja linnuliha,249,19.1,0,18.6,0,0,7.49,0.158,usda_sr_legacy
18187,"Beef, chuck, arm pot roast, raw",,Liha ja linnuliha,125,22.3,0,3.3,0,0,1.23,0.193,usda_sr_legacy
13271,"Beef, chuck, arm pot roast, raw",,Liha ja linnuliha,244,19.2,0,18,0,0,7.25,0.155,usda_sr_legacy
17478,"Beef, chuck, arm pot roast, raw",,Liha ja linnuliha,139,22,0,5.1,0,0,1.88,0.185,usda_sr_legacy
17473,"Beef, chuck, arm pot roast, raw",,Liha ja linnuliha,132,22.1,0,4.2,0,0,1.55,0.185,usda_sr_legacy
12498,"Beef, chuck, arm pot roast, raw",,Liha ja linnuliha,239,19.3,0,17.4,0,0,7.02,0.155,usda_sr_legacy
12499,"Beef, chuck, blade roast, cooked, braised",,Liha ja linnuliha,359,26.4,0,27.3,0,0,10.86,0.16,usda_sr_legacy
12501,"Beef, chuck, blade roast, cooked, braised",,Liha ja linnuliha,318,27.3,0,22.4,0,0,8.89,0.165,usda_sr_legacy
13942,"Beef, chuck, blade roast, cooked, braised",,Liha ja linnuliha,253,31.1,0,13.3,0,0,5.16,0.178,usda_sr_legacy
14344,"Beef, chuck, blade roast, cooked, braised",,Liha ja linnuliha,334,27.2,0,24.1,0,0,9.59,0.163,usda_sr_legacy
13274,"Beef, chuck, blade roast, cooked, braised",,Liha ja linnuliha,341,26.8,0,25.1,0,0,10,0.163,usda_sr_legacy
12500,"Beef, chuck, blade roast, raw",,Liha ja linnuliha,230,17.4,0,17.3,0,0,6.99,0.173,usda_sr_legacy
13275,"Beef, chuck, blade roast, raw",,Liha ja linnuliha,268,17,1,21.3,0,0,8.59,0.168,usda_sr_legacy
13273,"Beef, chuck, blade roast, raw",,Liha ja linnuliha,248,17.2,0,19.4,0,0,7.82,0.17,usda_sr_legacy
17441,"Beef, chuck, clod roast, cooked, roasted",,Liha ja linnuliha,172,26.8,0,6.3,0,0,2.04,0.185,usda_sr_legacy
17449,"Beef, chuck, clod roast, cooked, roasted",,Liha ja linnuliha,207,25.7,0,10.8,0,0,3.9,0.178,usda_sr_legacy
12558,"Beef, chuck, clod roast, cooked, roasted",,Liha ja linnuliha,172,28.1,0,5.8,0,0,2.15,0.185,usda_sr_legacy
13333,"Beef, chuck, clod roast, cooked, roasted",,Liha ja linnuliha,171,26,0,6.7,0,0,1.96,0.185,usda_sr_legacy
15378,"Beef, chuck, clod roast, cooked, roasted",,Liha ja linnuliha,173,26.4,0,6.8,0,0,2.14,0.178,usda_sr_legacy
17445,"Beef, chuck, clod roast, cooked, roasted",,Liha ja linnuliha,216,24.6,0,12.3,0,0,4.29,0.178,usda_sr_legacy
15382,"Beef, chuck, clod roast, cooked, roasted",,Liha ja linnuliha,196,27.3,0,8.8,0,0,3.35,0.18,usda_sr_legacy
17440,"Beef, chuck, clod roast, raw",,Liha ja linnuliha,129,19.6,0,5,0,0,1.41,0.16,usda_sr_legacy
15380,"Beef, chuck, clod steak, cooked, braised",,Liha ja linnuliha,189,29.3,0,7,0,0,2.27,0.15,usda_sr_legacy
14556,"Beef, chuck eye Country-Style ribs, boneless, cooked, braised",,Liha ja linnuliha,303,27.2,0,21.6,0,0,9.27,0.163,usda_sr_legacy
14526,"Beef, chuck eye Country-Style ribs, boneless, cooked, braised",,Liha ja linnuliha,228,31.4,0,11.4,0,0,4.99,0.173,usda_sr_legacy
14557,"Beef, chuck eye Country-Style ribs, boneless, cooked, braised",,Liha ja linnuliha,285,28.5,0,19,0,0,8.62,0.165,usda_sr_legacy
14891,"Beef, chuck eye Country-Style ribs, boneless, cooked, braised",,Liha ja linnuliha,296,27.7,0,20.6,0,0,9.01,0.163,usda_sr_legacy
14525,"Beef, chuck eye Country-Style ribs, boneless, cooked, braised",,Liha ja linnuliha,221,32.1,0,10.2,0,0,3,0.175,usda_sr_legacy
14524,"Beef, chuck eye Country-Style ribs, boneless, cooked, braised",,Liha ja linnuliha,234,31,0,12.2,0,0,5.38,0.173,usda_sr_legacy
14527,"Beef, chuck eye Country-Style ribs, boneless, raw",,Liha ja linnuliha,152,20.9,0,7.7,0,0,3.42,0.203,usda_sr_legacy
14560,"Beef, chuck eye Country-Style ribs, boneless, raw",,Liha ja linnuliha,196,19.1,0,13.3,0,0,5.81,0.193,usda_sr_legacy
14559,"Beef, chuck eye Country-Style ribs, boneless, raw",,Liha ja linnuliha,210,18.9,0,15,0,0,6.39,0.19,usda_sr_legacy
14558,"Beef, chuck eye Country-Style ribs, boneless, raw",,Liha ja linnuliha,205,19,0,14.3,0,0,6.15,0.193,usda_sr_legacy
14859,"Beef, chuck eye Country-Style ribs, boneless, raw",,Liha ja linnuliha,146,21,0,7,0,0,3.03,0.205,usda_sr_legacy
14858,"Beef, chuck eye Country-Style ribs, boneless, raw",,Liha ja linnuliha,137,21.1,0,5.9,0,0,2.57,0.205,usda_sr_legacy
14547,"Beef, chuck eye roast, boneless, America's Beef Roast, cooked",,Liha ja linnuliha,236,24.6,0,15.3,0,0,6.35,0.19,usda_sr_legacy
13276,"Beef, chuck eye roast, boneless, America's Beef Roast, cooked",,Liha ja linnuliha,190,26.4,0,9.4,0,0,3.75,0.198,usda_sr_legacy
13277,"Beef, chuck eye roast, boneless, America's Beef Roast, cooked",,Liha ja linnuliha,172,27,0,7.1,0,0,2.93,0.203,usda_sr_legacy
14879,"Beef, chuck eye roast, boneless, America's Beef Roast, cooked",,Liha ja linnuliha,241,24.5,0,15.9,0,0,6.46,0.188,usda_sr_legacy
14880,"Beef, chuck eye roast, boneless, America's Beef Roast, cooked",,Liha ja linnuliha,229,24.9,0,14.4,0,0,6.19,0.19,usda_sr_legacy
12502,"Beef, chuck eye roast, boneless, America's Beef Roast, cooked",,Liha ja linnuliha,183,26.7,0,8.5,0,0,3.42,0.2,usda_sr_legacy
12489,"Beef, chuck eye roast, boneless, America's Beef Roast, raw",,Liha ja linnuliha,185,19.1,0,12,0,0,5.07,0.2,usda_sr_legacy
12490,"Beef, chuck eye roast, boneless, America's Beef Roast, raw",,Liha ja linnuliha,173,19.3,0,10.7,0,0,5,0.205,usda_sr_legacy
12570,"Beef, chuck eye roast, boneless, America's Beef Roast, raw",,Liha ja linnuliha,133,20.5,0,5.7,0,0,1.61,0.215,usda_sr_legacy
13346,"Beef, chuck eye roast, boneless, America's Beef Roast, raw",,Liha ja linnuliha,139,20.7,0,6.2,0,0,2.35,0.213,usda_sr_legacy
12488,"Beef, chuck eye roast, boneless, America's Beef Roast, raw",,Liha ja linnuliha,180,19.2,0,11.5,0,0,5.04,0.203,usda_sr_legacy
13345,"Beef, chuck eye roast, boneless, America's Beef Roast, raw",,Liha ja linnuliha,137,20.6,0,6,0,0,2.55,0.213,usda_sr_legacy
14860,"Beef, chuck eye steak, boneless, cooked, grilled",,Liha ja linnuliha,215,28,0,11.5,0,0,4.9,0.188,usda_sr_legacy
14892,"Beef, chuck eye steak, boneless, cooked, grilled",,Liha ja linnuliha,277,25,0,19.6,0,0,8.66,0.178,usda_sr_legacy
14893,"Beef, chuck eye steak, boneless, cooked, grilled",,Liha ja linnuliha,283,25,0,20.4,0,0,8.68,0.178,usda_sr_legacy
14861,"Beef, chuck eye steak, boneless, cooked, grilled",,Liha ja linnuliha,199,27.9,0,9.8,0,0,2.9,0.185,usda_sr_legacy
14528,"Beef, chuck eye steak, boneless, cooked, grilled",,Liha ja linnuliha,209,27.9,0,10.8,0,0,4.83,0.188,usda_sr_legacy
14894,"Beef, chuck eye steak, boneless, cooked, grilled",,Liha ja linnuliha,267,25,0,18.6,0,0,8.63,0.175,usda_sr_legacy
14531,"Beef, chuck eye steak, boneless, raw",,Liha ja linnuliha,153,21.3,0,7.6,0,0,3.27,0.175,usda_sr_legacy
14562,"Beef, chuck eye steak, boneless, raw",,Liha ja linnuliha,216,18.9,0,15.6,0,0,6.64,0.17,usda_sr_legacy
14561,"Beef, chuck eye steak, boneless, raw",,Liha ja linnuliha,227,18.9,0,16.9,0,0,7.18,0.165,usda_sr_legacy
14530,"Beef, chuck eye steak, boneless, raw",,Liha ja linnuliha,143,21.3,0,6.5,0,0,2.76,0.183,usda_sr_legacy
14529,"Beef, chuck eye steak, boneless, raw",,Liha ja linnuliha,160,21.3,0,8.3,0,0,3.61,0.175,usda_sr_legacy
14895,"Beef, chuck eye steak, boneless, raw",,Liha ja linnuliha,223,18.9,0,16.4,0,0,6.96,0.165,usda_sr_legacy
14869,"Beef, chuck for stew, cooked, braised",,Liha ja linnuliha,194,32.5,0,7.1,0,0,2.87,0.163,usda_sr_legacy
14868,"Beef, chuck for stew, cooked, braised",,Liha ja linnuliha,186,32.3,0,6.3,0,0,2.51,0.17,usda_sr_legacy
14867,"Beef, chuck for stew, cooked, braised",,Liha ja linnuliha,191,32.4,0,6.8,0,0,2.8,0.168,usda_sr_legacy
14536,"Beef, chuck for stew, raw",,Liha ja linnuliha,124,21.9,0.2,4,0,0,1.75,0.203,usda_sr_legacy
14870,"Beef, chuck for stew, raw",,Liha ja linnuliha,128,21.8,0.2,4.5,0,0,1.86,0.2,usda_sr_legacy
14537,"Beef, chuck for stew, raw",,Liha ja linnuliha,130,21.6,0.1,4.8,0,0,1.99,0.198,usda_sr_legacy
14549,"Beef, chuck, mock tender steak, boneless, cooked",,Liha ja linnuliha,225,32.2,0,10.7,0,0,3.89,0.165,usda_sr_legacy
14550,"Beef, chuck, mock tender steak, boneless, cooked",,Liha ja linnuliha,211,31.9,0,9.3,0,0,3.26,0.173,usda_sr_legacy
14865,"Beef, chuck, mock tender steak, boneless, cooked",,Liha ja linnuliha,197,33.6,0,6.9,0,0,2.71,0.168,usda_sr_legacy
14548,"Beef, chuck, mock tender steak, boneless, cooked",,Liha ja linnuliha,220,32.1,0,10.2,0,0,3.64,0.168,usda_sr_legacy
14533,"Beef, chuck, mock tender steak, boneless, cooked",,Liha ja linnuliha,190,33.3,0,6.3,0,0,2.52,0.17,usda_sr_legacy
14532,"Beef, chuck, mock tender steak, boneless, cooked",,Liha ja linnuliha,181,33,0,5.4,0,0,2.24,0.175,usda_sr_legacy
14534,"Beef, chuck, mock tender steak, boneless, raw",,Liha ja linnuliha,127,21.4,0,4.6,0,0,1.88,0.208,usda_sr_legacy
14551,"Beef, chuck, mock tender steak, boneless, raw",,Liha ja linnuliha,128,21.1,0,4.8,0,0,2.06,0.2,usda_sr_legacy
14884,"Beef, chuck, mock tender steak, boneless, raw",,Liha ja linnuliha,131,21.2,0,5.2,0,0,2.11,0.205,usda_sr_legacy
14535,"Beef, chuck, mock tender steak, boneless, raw",,Liha ja linnuliha,117,21.2,0,3.5,0,0,1.47,0.19,usda_sr_legacy
14866,"Beef, chuck, mock tender steak, boneless, raw",,Liha ja linnuliha,123,21.3,0,4.2,0,0,1.7,0.203,usda_sr_legacy
14885,"Beef, chuck, mock tender steak, boneless, raw",,Liha ja linnuliha,122,21.1,0,4.2,0,0,1.98,0.19,usda_sr_legacy
17447,"Beef, chuck, mock tender steak, cooked, broiled",,Liha ja linnuliha,160,25.9,0,5.5,0,0,1.87,0.178,usda_sr_legacy
13341,"Beef, chuck, mock tender steak, cooked, broiled",,Liha ja linnuliha,161,25.7,0,5.7,0,0,1.71,0.183,usda_sr_legacy
13342,"Beef, chuck, mock tender steak, cooked, broiled",,Liha ja linnuliha,157,26.1,0,5,0,0,2,0.17,usda_sr_legacy
17438,"Beef, chuck, mock tender steak, cooked, broiled",,Liha ja linnuliha,159,25.9,0,5.4,0,0,1.83,0.178,usda_sr_legacy
15381,"Beef, chuck, mock tender steak, USDA choice, cooked",,Liha ja linnuliha,161,25.7,0,5.7,0,0,1.72,0.183,usda_sr_legacy
17442,"Beef, chuck, mock tender steak, USDA select, cooked",,Liha ja linnuliha,159,26.1,0,5.2,0,0,2.09,0.17,usda_sr_legacy
14887,"Beef, chuck, short ribs, boneless, cooked",,Liha ja linnuliha,317,25.3,0,24.1,0,0,10.64,0.175,usda_sr_legacy
13349,"Beef, chuck, short ribs, boneless, cooked",,Liha ja linnuliha,240,28.8,0,13.8,0,0,3.89,0.188,usda_sr_legacy
13348,"Beef, chuck, short ribs, boneless, cooked",,Liha ja linnuliha,224,28.8,0,12.1,0,0,3.54,0.188,usda_sr_legacy
13347,"Beef, chuck, short ribs, boneless, cooked",,Liha ja linnuliha,250,28.8,0,15,0,0,4.22,0.188,usda_sr_legacy
14552,"Beef, chuck, short ribs, boneless, cooked",,Liha ja linnuliha,287,25.8,0,20.4,0,0,9.14,0.178,usda_sr_legacy
14886,"Beef, chuck, short ribs, boneless, cooked",,Liha ja linnuliha,305,25.5,0,22.6,0,0,10.04,0.175,usda_sr_legacy
14510,"Beef, chuck, short ribs, boneless, raw",,Liha ja linnuliha,175,19.4,0.3,10.7,0,0,4.55,0.203,usda_sr_legacy
14555,"Beef, chuck, short ribs, boneless, raw",,Liha ja linnuliha,227,17.9,0,17.3,0,0,7.74,0.213,usda_sr_legacy
14553,"Beef, chuck, short ribs, boneless, raw",,Liha ja linnuliha,235,17.5,0,18.3,0,0,7.98,0.195,usda_sr_legacy
14554,"Beef, chuck, short ribs, boneless, raw",,Liha ja linnuliha,240,17.2,0,19,0,0,8.14,0.188,usda_sr_legacy
14523,"Beef, chuck, short ribs, boneless, raw",,Liha ja linnuliha,169,19.7,0.1,10,0,0,4.31,0.213,usda_sr_legacy
14857,"Beef, chuck, short ribs, boneless, raw",,Liha ja linnuliha,161,20.1,0,9,0,0,3.94,0.233,usda_sr_legacy
16862,"Beef, chuck, shoulder clod, shoulder tender, medallion",,Liha ja linnuliha,181,26.1,0,7.7,0,0,2.74,0.15,usda_sr_legacy
16863,"Beef, chuck, shoulder clod, shoulder tender, medallion",,Liha ja linnuliha,142,20.9,0,5.8,0,0,1.99,0.15,usda_sr_legacy
16873,"Beef, chuck, shoulder clod, shoulder tender, medallion",,Liha ja linnuliha,177,26.2,0,7.2,0,0,2.83,0.148,usda_sr_legacy
16872,"Beef, chuck, shoulder clod, shoulder tender, medallion",,Liha ja linnuliha,144,20.5,0,6.2,0,0,2.09,0.145,usda_sr_legacy
15734,"Beef, chuck, shoulder clod, shoulder tender, medallion",,Liha ja linnuliha,172,26.5,0.3,6.4,0,0,1.7,0.145,usda_sr_legacy
15720,"Beef, chuck, shoulder clod, shoulder tender, medallion",,Liha ja linnuliha,145,20.5,0,6.4,0,0,2.33,0.148,usda_sr_legacy
15722,"Beef, chuck, shoulder clod, shoulder top and center steaks, cooked",,Liha ja linnuliha,176,26.7,0,6.9,0,0,2.24,0.155,usda_sr_legacy
16865,"Beef, chuck, shoulder clod, shoulder top and center steaks, cooked",,Liha ja linnuliha,184,26.1,0,8.1,0,0,3.03,0.148,usda_sr_legacy
15731,"Beef, chuck, shoulder clod, shoulder top and center steaks, cooked",,Liha ja linnuliha,182,26.3,0.1,7.7,0,0,2.77,0.15,usda_sr_legacy
16864,"Beef, chuck, shoulder clod, shoulder top and center steaks, raw",,Liha ja linnuliha,143,20.4,0,6.1,0,0,2.08,0.153,usda_sr_legacy
15730,"Beef, chuck, shoulder clod, shoulder top and center steaks, raw",,Liha ja linnuliha,141,20.7,0,5.9,0,0,1.99,0.15,usda_sr_legacy
15721,"Beef, chuck, shoulder clod, shoulder top and center steaks, raw",,Liha ja linnuliha,140,21.1,0,5.5,0,0,1.79,0.145,usda_sr_legacy
15724,"Beef, chuck, shoulder clod, top blade, steak",,Liha ja linnuliha,228,24.7,0,13.6,0,0,5.43,0.195,usda_sr_legacy
16866,"Beef, chuck, shoulder clod, top blade, steak",,Liha ja linnuliha,166,19.4,0,9.2,0,0,3.46,0.188,usda_sr_legacy
15732,"Beef, chuck, shoulder clod, top blade, steak",,Liha ja linnuliha,176,19,0,10.5,0,0,3.95,0.185,usda_sr_legacy
16867,"Beef, chuck, shoulder clod, top blade, steak",,Liha ja linnuliha,212,25.3,0,11.5,0,0,4.42,0.19,usda_sr_legacy
16875,"Beef, chuck, shoulder clod, top blade, steak",,Liha ja linnuliha,222,24.9,0,12.8,0,0,5.1,0.193,usda_sr_legacy
15723,"Beef, chuck, shoulder clod, top blade, steak",,Liha ja linnuliha,182,18.8,0,11.3,0,0,4.19,0.185,usda_sr_legacy
12567,"Beef, chuck, top blade, cooked, broiled",,Liha ja linnuliha,184,26.2,0,8,0,0,2.71,0.17,usda_sr_legacy
17448,"Beef, chuck, top blade, cooked, broiled",,Liha ja linnuliha,216,25.7,0,11.7,0,0,3.91,0.168,usda_sr_legacy
17444,"Beef, chuck, top blade, cooked, broiled",,Liha ja linnuliha,200,25.7,0,10,0,0,3.53,0.168,usda_sr_legacy
17443,"Beef, chuck, top blade, cooked, broiled",,Liha ja linnuliha,227,25.8,0,12.9,0,0,4.16,0.17,usda_sr_legacy
17439,"Beef, chuck, top blade, cooked, broiled",,Liha ja linnuliha,203,26.1,0,10.2,0,0,3.25,0.17,usda_sr_legacy
12566,"Beef, chuck, top blade, cooked, broiled",,Liha ja linnuliha,217,26.1,0,11.7,0,0,3.62,0.17,usda_sr_legacy
14332,"Beef, chuck, under blade center steak, boneless, Denver Cut",,Liha ja linnuliha,220,26.5,0.1,12.6,0,0,5.28,0.183,usda_sr_legacy
14544,"Beef, chuck, under blade center steak, boneless, Denver Cut",,Liha ja linnuliha,172,19.2,0.1,10.5,0,0,4.37,0.19,usda_sr_legacy
14543,"Beef, chuck, under blade center steak, boneless, Denver Cut",,Liha ja linnuliha,227,26.2,0.2,13.5,0,0,5.69,0.183,usda_sr_legacy
14876,"Beef, chuck, under blade center steak, boneless, Denver Cut",,Liha ja linnuliha,215,26.3,0,12.3,0,0,5.29,0.183,usda_sr_legacy
14875,"Beef, chuck, under blade center steak, boneless, Denver Cut",,Liha ja linnuliha,236,26.1,0.4,14.4,0,0,5.96,0.183,usda_sr_legacy
14878,"Beef, chuck, under blade center steak, boneless, Denver Cut",,Liha ja linnuliha,189,18.9,0.5,12.4,0,0,5.14,0.188,usda_sr_legacy
12481,"Beef, chuck, under blade center steak, boneless, Denver Cut",,Liha ja linnuliha,157,19.7,0.2,8.5,0,0,3.45,0.193,usda_sr_legacy
13932,"Beef, chuck, under blade center steak, boneless, Denver Cut",,Liha ja linnuliha,170,19.4,0.5,10,0,0,4.13,0.193,usda_sr_legacy
13930,"Beef, chuck, under blade center steak, boneless, Denver Cut",,Liha ja linnuliha,209,26.5,0,11.5,0,0,4.73,0.185,usda_sr_legacy
13928,"Beef, chuck, under blade center steak, boneless, Denver Cut",,Liha ja linnuliha,228,26.5,0.3,13.4,0,0,5.57,0.183,usda_sr_legacy
14877,"Beef, chuck, under blade center steak, boneless, Denver Cut",,Liha ja linnuliha,182,19,0.4,11.6,0,0,4.83,0.19,usda_sr_legacy
14335,"Beef, chuck, under blade center steak, boneless, Denver Cut",,Liha ja linnuliha,178,19.2,0.7,11,0,0,4.59,0.19,usda_sr_legacy
13941,"Beef, chuck, under blade pot roast, boneless, cooked",,Liha ja linnuliha,288,27.2,0,19,0,0,7.85,0.16,usda_sr_legacy
13224,"Beef, chuck, under blade pot roast, boneless, cooked",,Liha ja linnuliha,216,30.5,0,10.5,0,0,4,0.163,usda_sr_legacy
14345,"Beef, chuck, under blade pot roast, boneless, cooked",,Liha ja linnuliha,306,26.4,0,21.5,0,0,8.53,0.153,usda_sr_legacy
13944,"Beef, chuck, under blade pot roast, boneless, cooked",,Liha ja linnuliha,216,30.7,0,9.4,0,0,3.49,0.168,usda_sr_legacy
13943,"Beef, chuck, under blade pot roast, boneless, cooked",,Liha ja linnuliha,231,30.5,0,11.1,0,0,4.34,0.158,usda_sr_legacy
14872,"Beef, chuck, under blade pot roast, boneless, cooked",,Liha ja linnuliha,291,26.7,0,20.5,0,0,8.26,0.155,usda_sr_legacy
14540,"Beef, chuck, under blade pot roast or steak, boneless, raw",,Liha ja linnuliha,196,19.2,0,13.3,0,0,5.73,0.19,usda_sr_legacy
13226,"Beef, chuck, under blade pot roast or steak, boneless, raw",,Liha ja linnuliha,145,21.2,0.4,6.5,0,0,2.76,0.2,usda_sr_legacy
14542,"Beef, chuck, under blade pot roast or steak, boneless, raw",,Liha ja linnuliha,187,19.2,0,12.3,0,0,5.47,0.193,usda_sr_legacy
14541,"Beef, chuck, under blade pot roast or steak, boneless, raw",,Liha ja linnuliha,202,19.2,0,13.9,0,0,5.9,0.19,usda_sr_legacy
14330,"Beef, chuck, under blade pot roast or steak, boneless, raw",,Liha ja linnuliha,134,21,0.2,5.4,0,0,2.57,0.203,usda_sr_legacy
13225,"Beef, chuck, under blade pot roast or steak, boneless, raw",,Liha ja linnuliha,140,21.1,0.3,6.1,0,0,2.58,0.203,usda_sr_legacy
14871,"Beef, chuck, under blade steak, boneless, cooked",,Liha ja linnuliha,219,31.4,0,10.4,0,0,3.98,0.163,usda_sr_legacy
14539,"Beef, chuck, under blade steak, boneless, cooked",,Liha ja linnuliha,215,32,0,9.7,0,0,3.57,0.165,usda_sr_legacy
14538,"Beef, chuck, under blade steak, boneless, cooked",,Liha ja linnuliha,222,30.9,0,10.9,0,0,4.25,0.163,usda_sr_legacy
14883,"Beef, chuck, under blade steak, boneless, cooked",,Liha ja linnuliha,261,29.2,0,16.1,0,0,6.63,0.165,usda_sr_legacy
14882,"Beef, chuck, under blade steak, boneless, cooked",,Liha ja linnuliha,284,27.6,0,19.3,0,0,7.67,0.16,usda_sr_legacy
14881,"Beef, chuck, under blade steak, boneless, cooked",,Liha ja linnuliha,275,28.2,0,18,0,0,7.26,0.163,usda_sr_legacy
17435,"Beef composite, cooked",,Liha ja linnuliha,203,28.7,0,9.2,0,0,3.54,0.133,usda_sr_legacy
13935,"Beef, cooked",,Liha ja linnuliha,203,29.9,0,8.4,0,0,3.25,0.16,usda_sr_legacy
13264,"Beef, cooked",,Liha ja linnuliha,259,26.1,0,16.6,0,0,6.78,0.125,usda_sr_legacy
13266,"Beef, cooked",,Liha ja linnuliha,268,25.9,0,17.7,0,0,7.24,0.123,usda_sr_legacy
14336,"Beef, cooked",,Liha ja linnuliha,230,28.4,0,12.4,0,0,4.85,0.155,usda_sr_legacy
14337,"Beef, cooked",,Liha ja linnuliha,188,29.9,0,7.1,0,0,2.7,0.16,usda_sr_legacy
13933,"Beef, cooked",,Liha ja linnuliha,233,28.2,0,12.5,0,0,5.02,0.155,usda_sr_legacy
13934,"Beef, cooked",,Liha ja linnuliha,203,28.6,0,9.2,0,0,3.69,0.155,usda_sr_legacy
13936,"Beef, cooked",,Liha ja linnuliha,206,29.5,0,8.9,0,0,3.37,0.158,usda_sr_legacy
18181,"Beef, cooked",,Liha ja linnuliha,194,29,0,8.2,0,0,3.11,0.135,usda_sr_legacy
15376,"Beef, cooked",,Liha ja linnuliha,167,27.5,0,6.4,0,0,2.35,0.128,usda_sr_legacy
12491,"Beef, cooked",,Liha ja linnuliha,245,26.1,0,15.1,0,0,6.16,0.128,usda_sr_legacy
13925,"Beef, cured, breakfast strips, cooked",,Liha ja linnuliha,449,31.3,1.4,34.4,0,0,14.35,5.633,usda_sr_legacy
13924,"Beef, cured, breakfast strips, raw or unheated",,Liha ja linnuliha,406,12.5,0.7,38.8,0,,15.95,2.388,usda_sr_legacy
13927,"Beef, cured, corned beef, brisket, cooked",,Liha ja linnuliha,251,18.2,0.5,19,0,0,6.34,2.433,usda_sr_legacy
13926,"Beef, cured, corned beef, brisket, raw",,Liha ja linnuliha,198,14.7,0.1,14.9,0,,4.73,3.043,usda_sr_legacy
14329,"Beef, cured, corned beef, canned",,Liha ja linnuliha,250,27.1,0,14.9,0,0,6.18,2.243,usda_sr_legacy
14331,"Beef, cured, dried",,Liha ja linnuliha,153,31.1,2.8,1.9,0,2.7,0.95,6.975,usda_sr_legacy
13929,"Beef, cured, luncheon meat, jellied",,Liha ja linnuliha,111,19,0,3.3,0,,1.41,3.305,usda_sr_legacy
13931,"Beef, cured, pastrami",,Liha ja linnuliha,147,21.8,0.4,5.8,0,0.1,2.68,2.695,usda_sr_legacy
13214,"Beef, flank, steak, cooked, braised",,Liha ja linnuliha,263,27,0,16.4,0,0,6.92,0.175,usda_sr_legacy
12438,"Beef, flank, steak, cooked, braised",,Liha ja linnuliha,237,28,0,13,0,0,5.54,0.18,usda_sr_legacy
18196,"Beef, flank, steak, cooked, broiled",,Liha ja linnuliha,186,27.9,0,7.4,0,0,3.07,0.143,usda_sr_legacy
12561,"Beef, flank, steak, cooked, broiled",,Liha ja linnuliha,192,27.7,0,8.2,0,0,3.4,0.14,usda_sr_legacy
13215,"Beef, flank, steak, cooked, broiled",,Liha ja linnuliha,202,27.6,0,9.3,0,0,3.84,0.133,usda_sr_legacy
12439,"Beef, flank, steak, cooked, broiled",,Liha ja linnuliha,194,27.8,0,8.3,0,0,3.45,0.14,usda_sr_legacy
18197,"Beef, flank, steak, cooked, broiled",,Liha ja linnuliha,178,28,0,6.5,0,0,2.69,0.148,usda_sr_legacy
13334,"Beef, flank, steak, cooked, broiled",,Liha ja linnuliha,183,27.8,0,7.2,0,0,2.95,0.145,usda_sr_legacy
18199,"Beef, flank, steak, raw",,Liha ja linnuliha,137,21.4,0,5,0,0,2.07,0.133,usda_sr_legacy
18198,"Beef, flank, steak, raw",,Liha ja linnuliha,141,21.6,0,5.5,0,0,2.06,0.138,usda_sr_legacy
12437,"Beef, flank, steak, raw",,Liha ja linnuliha,149,21.7,0,6.3,0,0,2.61,0.143,usda_sr_legacy
13343,"Beef, flank, steak, raw",,Liha ja linnuliha,155,21.2,0,7.2,0,0,2.98,0.135,usda_sr_legacy
13213,"Beef, flank, steak, raw",,Liha ja linnuliha,165,21.2,0,8.3,0,0,3.44,0.135,usda_sr_legacy
13344,"Beef, flank, steak, raw",,Liha ja linnuliha,145,21.2,0,6.1,0,0,2.51,0.135,usda_sr_legacy
12436,"Beef, grass-fed, ground, raw",,Liha ja linnuliha,198,19.4,0,12.7,0,0,5.34,0.17,usda_sr_legacy
13209,"Beef, grass-fed, strip steaks, lean only, raw",,Liha ja linnuliha,117,23.1,0,2.7,0,0,1.03,0.138,usda_sr_legacy
13253,"Beef, ground, 70% lean meat / 30% fat, crumbles, cooked",,Liha ja linnuliha,270,25.6,0,17.9,0,0,6.94,0.24,usda_sr_legacy
13254,"Beef, ground, 70% lean meat / 30% fat, loaf, cooked",,Liha ja linnuliha,241,23.9,0,15.4,0,0,6.07,0.183,usda_sr_legacy
12479,"Beef, ground, 70% lean meat / 30% fat, patty, cooked",,Liha ja linnuliha,277,25.4,0,18.7,0,0,7.34,0.203,usda_sr_legacy
12478,"Beef, ground, 70% lean meat / 30% fat, patty cooked, pan-broiled",,Liha ja linnuliha,238,22.9,0,15.5,0,0,6.08,0.23,usda_sr_legacy
12480,"Beef, ground, 70% lean meat / 30% fat, raw",,Liha ja linnuliha,332,14.4,0,30,0,0,11.75,0.165,usda_sr_legacy
17462,"Beef, ground, 75% lean meat / 25% fat, crumbles, cooked",,Liha ja linnuliha,277,26.3,0,18.2,0,0,6.93,0.233,usda_sr_legacy
15399,"Beef, ground, 75% lean meat / 25% fat, loaf, cooked",,Liha ja linnuliha,254,24.6,0,16.5,0,0,6.36,0.175,usda_sr_legacy
17460,"Beef, ground, 75% lean meat / 25% fat, patty, cooked",,Liha ja linnuliha,279,25.6,0,18.9,0,0,7.25,0.195,usda_sr_legacy
17461,"Beef, ground, 75% lean meat / 25% fat, patty, cooked",,Liha ja linnuliha,248,23.5,0,16.4,0,0,6.28,0.218,usda_sr_legacy
17459,"Beef, ground, 75% lean meat / 25% fat, raw",,Liha ja linnuliha,293,15.8,0,25,0,0,9.57,0.165,usda_sr_legacy
15397,"Beef, ground, 80% lean meat / 20% fat, crumbles, cooked",,Liha ja linnuliha,272,27,0,17.4,0,0,6.55,0.228,usda_sr_legacy
15398,"Beef, ground, 80% lean meat / 20% fat, loaf, cooked",,Liha ja linnuliha,254,25.3,0,16.2,0,0,6.16,0.168,usda_sr_legacy
15395,"Beef, ground, 80% lean meat / 20% fat, patty, cooked",,Liha ja linnuliha,270,25.8,0,17.8,0,0,6.76,0.188,usda_sr_legacy
15396,"Beef, ground, 80% lean meat / 20% fat, patty, cooked",,Liha ja linnuliha,246,24,0,15.9,0,0,6.03,0.208,usda_sr_legacy
17458,"Beef, ground, 80% lean meat / 20% fat, raw",,Liha ja linnuliha,254,17.2,0,20,0,0,7.58,0.165,usda_sr_legacy
17456,"Beef, ground, 85% lean meat / 15% fat, crumbles, cooked",,Liha ja linnuliha,256,27.7,0,15.3,0,0,5.81,0.223,usda_sr_legacy
17457,"Beef, ground, 85% lean meat / 15% fat, loaf, cooked",,Liha ja linnuliha,240,25.9,0,14.4,0,0,5.5,0.16,usda_sr_legacy
17454,"Beef, ground, 85% lean meat / 15% fat, patty, cooked",,Liha ja linnuliha,250,25.9,0,15.4,0,0,5.9,0.18,usda_sr_legacy
17455,"Beef, ground, 85% lean meat / 15% fat, patty, cooked",,Liha ja linnuliha,232,24.6,0,14,0,0,5.33,0.198,usda_sr_legacy
15394,"Beef, ground, 85% lean meat / 15% fat, raw",,Liha ja linnuliha,215,18.6,0,15,0,0,5.72,0.165,usda_sr_legacy
15392,"Beef, ground, 90% lean meat / 10% fat, crumbles, cooked",,Liha ja linnuliha,230,28.5,0,12,0,0,4.71,0.218,usda_sr_legacy
15393,"Beef, ground, 90% lean meat / 10% fat, loaf, cooked",,Liha ja linnuliha,214,26.6,0,11.1,0,0,4.38,0.153,usda_sr_legacy
17453,"Beef, ground, 90% lean meat / 10% fat, patty, cooked",,Liha ja linnuliha,217,26.1,0,11.8,0,0,4.63,0.17,usda_sr_legacy
15391,"Beef, ground, 90% lean meat / 10% fat, patty, cooked",,Liha ja linnuliha,204,25.2,0,10.7,0,0,4.19,0.188,usda_sr_legacy
17452,"Beef, ground, 90% lean meat / 10% fat, raw",,Liha ja linnuliha,176,20,0,10,0,0,3.93,0.165,usda_sr_legacy
18177,"Beef, ground, 93% lean meat / 7% fat, crumbles, cooked",,Liha ja linnuliha,209,28.9,0,9.5,0,0,3.9,0.215,usda_sr_legacy
18176,"Beef, ground, 93% lean meat / 7% fat, loaf, cooked",,Liha ja linnuliha,192,27,0,8.4,0,0,3.48,0.148,usda_sr_legacy
18174,"Beef, ground, 93% lean meat / 7% fat, patty, cooked",,Liha ja linnuliha,193,26.2,0,8.9,0,0,3.68,0.165,usda_sr_legacy
18175,"Beef, ground, 93% lean meat /7% fat, patty, cooked",,Liha ja linnuliha,182,25.6,0.1,8,0,0,3.29,0.18,usda_sr_legacy
16625,"Beef, ground, 93% lean meat / 7% fat, raw",,Liha ja linnuliha,152,20.9,0,7,0,0,2.88,0.165,usda_sr_legacy
17450,"Beef, ground, 95% lean meat / 5% fat, crumbles, cooked",,Liha ja linnuliha,193,29.2,0,7.6,0,0,3.3,0.213,usda_sr_legacy
17451,"Beef, ground, 95% lean meat / 5% fat, loaf, cooked",,Liha ja linnuliha,174,27.3,0,6.4,0,0,2.79,0.145,usda_sr_legacy
15390,"Beef, ground, 95% lean meat / 5% fat, patty, cooked",,Liha ja linnuliha,164,25.8,0,5.9,0,0,2.59,0.178,usda_sr_legacy
15389,"Beef, ground, 95% lean meat / 5% fat, patty, cooked",,Liha ja linnuliha,174,26.3,0,6.8,0,0,2.98,0.163,usda_sr_legacy
15388,"Beef, ground, 95% lean meat / 5% fat, raw",,Liha ja linnuliha,137,21.4,0,5,0,0,2.18,0.165,usda_sr_legacy
18178,"Beef, ground, 97% lean meat / 3% fat, crumbles, cooked",,Liha ja linnuliha,175,29.5,0,5.5,0,0,2.69,0.21,usda_sr_legacy
16629,"Beef, ground, 97% lean meat / 3% fat, loaf, cooked",,Liha ja linnuliha,154,27.6,0,4.1,0,0,2.01,0.14,usda_sr_legacy
16627,"Beef, ground, 97% lean meat / 3% fat, patty, cooked",,Liha ja linnuliha,153,26.4,0,4.5,0,0,2.21,0.16,usda_sr_legacy
16628,"Beef, ground, 97% lean meat /3% fat, patty, cooked",,Liha ja linnuliha,144,26,0,3.7,0,0,1.8,0.173,usda_sr_legacy
16626,"Beef, ground, 97% lean meat / 3% fat, raw",,Liha ja linnuliha,121,22,0,3,0,0,1.48,0.165,usda_sr_legacy
15759,"Beef, ground, cooked",,Liha ja linnuliha,240,25.1,0.6,14.5,0,0,5.6,0.213,usda_sr_legacy
13227,"Beef, ground, patties, frozen, cooked",,Liha ja linnuliha,295,23.1,0,21.8,0,0,8.81,0.193,usda_sr_legacy
13351,"Beef, loin, bottom sirloin butt, tri-tip roast, cooked",,Liha ja linnuliha,182,26.8,0,8.3,0,0,3.11,0.138,usda_sr_legacy
17446,"Beef, loin, bottom sirloin butt, tri-tip steak, cooked",,Liha ja linnuliha,265,30,0,15.2,0,0,5.71,0.18,usda_sr_legacy
17427,"Beef, loin, tenderloin roast, boneless, cooked",,Liha ja linnuliha,183,27.5,0,8.1,0,0,3.25,0.14,usda_sr_legacy
17428,"Beef, loin, tenderloin roast, boneless, cooked",,Liha ja linnuliha,169,27.6,0,6.5,0,0,2.6,0.135,usda_sr_legacy
17426,"Beef, loin, tenderloin roast, boneless, cooked",,Liha ja linnuliha,177,27.5,0,7.5,0,0,2.99,0.14,usda_sr_legacy
17413,"Beef, loin, tenderloin roast, boneless, cooked",,Liha ja linnuliha,183,27.3,0,8.1,0,0,3.25,0.14,usda_sr_legacy
15352,"Beef, loin, tenderloin roast, boneless, cooked",,Liha ja linnuliha,174,27.4,0,7.1,0,0,2.81,0.135,usda_sr_legacy
15351,"Beef, loin, tenderloin roast, boneless, cooked",,Liha ja linnuliha,188,27.3,0,8.8,0,0,3.53,0.14,usda_sr_legacy
15363,"Beef, loin, tenderloin roast, boneless, raw",,Liha ja linnuliha,139,21.9,0,5.7,0,0,1.96,0.11,usda_sr_legacy
15346,"Beef, loin, tenderloin roast, boneless, raw",,Liha ja linnuliha,153,21.5,0,7.4,0,0,2.69,0.11,usda_sr_legacy
15347,"Beef, loin, tenderloin roast, boneless, raw",,Liha ja linnuliha,144,21.9,0,6.2,0,0,2.17,0.105,usda_sr_legacy
17409,"Beef, loin, tenderloin roast, boneless, raw",,Liha ja linnuliha,149,21.7,0,6.9,0,0,2.48,0.11,usda_sr_legacy
17422,"Beef, loin, tenderloin roast, boneless, raw",,Liha ja linnuliha,143,21.8,0,6.2,0,0,2.12,0.113,usda_sr_legacy
17423,"Beef, loin, tenderloin roast, boneless, raw",,Liha ja linnuliha,135,22.2,0,5.1,0,0,1.71,0.105,usda_sr_legacy
14370,"Beef, loin, tenderloin steak, boneless, cooked",,Liha ja linnuliha,198,31.1,0,7.3,0,0,2.88,0.138,usda_sr_legacy
14368,"Beef, loin, tenderloin steak, boneless, cooked",,Liha ja linnuliha,198,30.7,0,8.3,0,0,3.3,0.148,usda_sr_legacy
13965,"Beef, loin, tenderloin steak, boneless, cooked",,Liha ja linnuliha,217,30.2,0,9.7,0,0,3.85,0.145,usda_sr_legacy
13964,"Beef, loin, tenderloin steak, boneless, cooked",,Liha ja linnuliha,211,30.5,0,8.9,0,0,3.53,0.143,usda_sr_legacy
14369,"Beef, loin, tenderloin steak, boneless, cooked",,Liha ja linnuliha,211,30.5,0,9,0,0,3.58,0.178,usda_sr_legacy
14367,"Beef, loin, tenderloin steak, boneless, cooked",,Liha ja linnuliha,202,30.9,0,7.7,0,0,3.04,0.135,usda_sr_legacy
15365,"Beef, loin, tenderloin steak, boneless, raw",,Liha ja linnuliha,139,21.9,0,5.7,0,0,1.96,0.11,usda_sr_legacy
17410,"Beef, loin, tenderloin steak, boneless, raw",,Liha ja linnuliha,147,21.7,0,6.7,0,0,2.36,0.11,usda_sr_legacy
17411,"Beef, loin, tenderloin steak, boneless, raw",,Liha ja linnuliha,150,21.6,0,7.1,0,0,2.55,0.11,usda_sr_legacy
17412,"Beef, loin, tenderloin steak, boneless, raw",,Liha ja linnuliha,142,22,0,6,0,0,2.09,0.105,usda_sr_legacy
15367,"Beef, loin, tenderloin steak, boneless, raw",,Liha ja linnuliha,135,22.2,0,5.1,0,0,1.71,0.105,usda_sr_legacy
15366,"Beef, loin, tenderloin steak, boneless, raw",,Liha ja linnuliha,143,21.8,0,6.2,0,0,2.12,0.113,usda_sr_legacy
12548,"Beef, loin, top loin, cooked, grilled",,Liha ja linnuliha,250,26.7,0,15.1,0,0,5.95,0.143,usda_sr_legacy
13319,"Beef, loin, top loin, cooked, grilled",,Liha ja linnuliha,264,26.4,0,16.8,0,0,6.61,0.135,usda_sr_legacy
12547,"Beef, loin, top loin, raw",,Liha ja linnuliha,224,20.6,0,15,0,0,6.07,0.13,usda_sr_legacy
13320,"Beef, loin, top loin, raw",,Liha ja linnuliha,237,19.3,0,17.1,0,0,6.91,0.135,usda_sr_legacy
17425,"Beef, loin, top loin steak, boneless, lip off",,Liha ja linnuliha,149,22.9,0,6.3,0,0,2.52,0.115,usda_sr_legacy
12459,"Beef, loin, top loin steak, boneless, lip off",,Liha ja linnuliha,207,29.2,0,9.1,0,0,3.67,0.143,usda_sr_legacy
12460,"Beef, loin, top loin steak, boneless, lip off",,Liha ja linnuliha,202,29.5,0,8.4,0,0,3.41,0.153,usda_sr_legacy
15350,"Beef, loin, top loin steak, boneless, lip off",,Liha ja linnuliha,151,22.8,0,6.7,0,0,2.91,0.115,usda_sr_legacy
15364,"Beef, loin, top loin steak, boneless, lip off",,Liha ja linnuliha,135,23.3,0,4.7,0,0,1.82,0.118,usda_sr_legacy
17424,"Beef, loin, top loin steak, boneless, lip off",,Liha ja linnuliha,143,23.1,0,5.7,0,0,2.35,0.115,usda_sr_legacy
15349,"Beef, loin, top loin steak, boneless, lip off",,Liha ja linnuliha,171,22.2,0,9.2,0,0,3.79,0.113,usda_sr_legacy
13235,"Beef, loin, top loin steak, boneless, lip off",,Liha ja linnuliha,211,29.2,0,9.5,0,0,3.9,0.148,usda_sr_legacy
13966,"Beef, loin, top loin steak, boneless, lip off",,Liha ja linnuliha,223,28.6,0,11.2,0,0,4.53,0.148,usda_sr_legacy
13236,"Beef, loin, top loin steak, boneless, lip off",,Liha ja linnuliha,189,30,0,6.7,0,0,2.69,0.145,usda_sr_legacy
15348,"Beef, loin, top loin steak, boneless, lip off",,Liha ja linnuliha,163,22.4,0,8.2,0,0,3.48,0.113,usda_sr_legacy
13967,"Beef, loin, top loin steak, boneless, lip off",,Liha ja linnuliha,233,28.2,0,12.5,0,0,5.11,0.148,usda_sr_legacy
18136,"Beef, loin, top loin steak, boneless, lip-on",,Liha ja linnuliha,264,26.2,0,17.7,0,0,6.93,0.13,usda_sr_legacy
15373,"Beef, loin, top loin steak, boneless, lip-on",,Liha ja linnuliha,199,21.3,0,12.7,0,0,5.49,0.11,usda_sr_legacy
17431,"Beef, loin, top loin steak, boneless, lip-on",,Liha ja linnuliha,135,23.3,0,4.7,0,0,2.09,0.118,usda_sr_legacy
17432,"Beef, loin, top loin steak, boneless, lip-on",,Liha ja linnuliha,149,22.9,0,6.3,0,0,2.52,0.115,usda_sr_legacy
17433,"Beef, loin, top loin steak, boneless, lip-on",,Liha ja linnuliha,143,23.1,0,5.7,0,0,2.35,0.115,usda_sr_legacy
16584,"Beef, loin, top loin steak, boneless, lip-on",,Liha ja linnuliha,208,28.7,0,10.3,0,0,3.92,0.14,usda_sr_legacy
16585,"Beef, loin, top loin steak, boneless, lip-on",,Liha ja linnuliha,184,29.7,0,7.3,0,0,2.71,0.128,usda_sr_legacy
16586,"Beef, loin, top loin steak, boneless, lip-on",,Liha ja linnuliha,198,29.1,0,9.1,0,0,3.44,0.135,usda_sr_legacy
16587,"Beef, loin, top loin steak, boneless, lip-on",,Liha ja linnuliha,205,21.1,0,13.4,0,0,5.69,0.11,usda_sr_legacy
18135,"Beef, loin, top loin steak, boneless, lip-on",,Liha ja linnuliha,247,26.9,0,15.4,0,0,6.06,0.125,usda_sr_legacy
15372,"Beef, loin, top loin steak, boneless, lip-on",,Liha ja linnuliha,191,21.5,0,11.7,0,0,5.2,0.113,usda_sr_legacy
18134,"Beef, loin, top loin steak, boneless, lip-on",,Liha ja linnuliha,275,25.7,0,19.2,0,0,7.51,0.135,usda_sr_legacy
15770,"Beef, loin, top sirloin cap steak, boneless, cooked",,Liha ja linnuliha,170,28.4,0.2,6.1,0,0,2.28,0.158,usda_sr_legacy
15768,"Beef, loin, top sirloin cap steak, boneless, cooked",,Liha ja linnuliha,181,28.3,0.7,7.2,0,0,2.65,0.155,usda_sr_legacy
18127,"Beef, loin, top sirloin cap steak, boneless, cooked",,Liha ja linnuliha,249,25.5,0.4,16.1,0,0,5.74,0.195,usda_sr_legacy
15769,"Beef, loin, top sirloin cap steak, boneless, cooked",,Liha ja linnuliha,189,28.2,1.1,8,0,0,2.91,0.155,usda_sr_legacy
16576,"Beef, loin, top sirloin cap steak, boneless, cooked",,Liha ja linnuliha,242,26,0.8,15,0,0,5.35,0.223,usda_sr_legacy
18126,"Beef, loin, top sirloin cap steak, boneless, cooked",,Liha ja linnuliha,238,26.3,1.1,14.3,0,0,5.09,0.228,usda_sr_legacy
18129,"Beef, loin, top sirloin cap steak, boneless, raw",,Liha ja linnuliha,199,19.7,0,13.4,0,0,5.08,0.2,usda_sr_legacy
15772,"Beef, loin, top sirloin cap steak, boneless, raw",,Liha ja linnuliha,138,21.3,0,5.8,0,0,2.08,0.15,usda_sr_legacy
16577,"Beef, loin, top sirloin cap steak, boneless, raw",,Liha ja linnuliha,179,20.1,0,10.9,0,0,3.93,0.195,usda_sr_legacy
16916,"Beef, loin, top sirloin cap steak, boneless, raw",,Liha ja linnuliha,128,21.4,0,4.7,0,0,1.57,0.13,usda_sr_legacy
18128,"Beef, loin, top sirloin cap steak, boneless, raw",,Liha ja linnuliha,191,19.9,0,12.4,0,0,4.62,0.2,usda_sr_legacy
15771,"Beef, loin, top sirloin cap steak, boneless, raw",,Liha ja linnuliha,134,21.4,0,5.4,0,0,1.88,0.138,usda_sr_legacy
18115,"Beef, loin, top sirloin filet, boneless, cooked",,Liha ja linnuliha,171,30.6,0,5.4,0,0,1.8,0.148,usda_sr_legacy
16565,"Beef, loin, top sirloin filet, boneless, cooked",,Liha ja linnuliha,165,30.8,0,4.7,0,0,1.54,0.14,usda_sr_legacy
18116,"Beef, loin, top sirloin filet, boneless, cooked",,Liha ja linnuliha,174,30.5,0,5.8,0,0,1.98,0.148,usda_sr_legacy
16914,"Beef, loin, top sirloin petite roast, boneless, cooked",,Liha ja linnuliha,173,29,0,6.4,0,0,1.99,0.143,usda_sr_legacy
16566,"Beef, loin, top sirloin petite roast, boneless, cooked",,Liha ja linnuliha,170,29.1,0,5.9,0,0,1.74,0.143,usda_sr_legacy
16567,"Beef, loin, top sirloin petite roast, boneless, cooked",,Liha ja linnuliha,165,29.4,0,5.3,0,0,1.36,0.145,usda_sr_legacy
18117,"Beef, loin, top sirloin petite roast/filet, boneless, raw",,Liha ja linnuliha,122,23.1,0,3.4,0,0,1.13,0.145,usda_sr_legacy
16915,"Beef, loin, top sirloin petite roast/filet, boneless, raw",,Liha ja linnuliha,132,23,0,4.4,0,0,1.39,0.163,usda_sr_legacy
16568,"Beef, loin, top sirloin petite roast/filet, boneless, raw",,Liha ja linnuliha,128,23,0,4,0,0,1.29,0.163,usda_sr_legacy
16612,"Beef, New Zealand, imported, bolar blade, cooked",,Liha ja linnuliha,228,31.3,0,11.4,0,0,4.12,0.083,usda_sr_legacy
18137,"Beef, New Zealand, imported, bolar blade, cooked",,Liha ja linnuliha,193,33.5,0,6.6,0,0,1.88,0.083,usda_sr_legacy
18138,"Beef, New Zealand, imported, bolar blade, raw",,Liha ja linnuliha,129,22.1,0,4.5,0,0,1.35,0.138,usda_sr_legacy
16613,"Beef, New Zealand, imported, bolar blade, raw",,Liha ja linnuliha,159,21.3,0,8.2,0,0,3.02,0.135,usda_sr_legacy
18139,"Beef, New Zealand, imported, brisket navel end, cooked",,Liha ja linnuliha,265,29.4,0,16.4,0,0,5.53,0.098,usda_sr_legacy
18161,"Beef, New Zealand, imported, brisket navel end, cooked",,Liha ja linnuliha,453,20.1,0,41.3,0,0,15.49,0.083,usda_sr_legacy
18162,"Beef, New Zealand, imported, brisket navel end, raw",,Liha ja linnuliha,345,15.8,0,31.3,0,0,12.92,0.135,usda_sr_legacy
18140,"Beef, New Zealand, imported, brisket navel end, raw",,Liha ja linnuliha,194,19.7,0,12.8,0,0,4.35,0.165,usda_sr_legacy
18163,"Beef, New Zealand, imported, brisket point end, cooked",,Liha ja linnuliha,250,31.9,0,13.6,0,0,4.8,0.073,usda_sr_legacy
16588,"Beef, New Zealand, imported, brisket point end, cooked",,Liha ja linnuliha,202,34.5,0,7.1,0,0,2.22,0.075,usda_sr_legacy
16589,"Beef, New Zealand, imported, brisket point end, raw",,Liha ja linnuliha,125,20.9,0,4.6,0,0,1.65,0.128,usda_sr_legacy
18164,"Beef, New Zealand, imported, brisket point end, raw",,Liha ja linnuliha,163,20.1,0,9.2,0,0,3.69,0.123,usda_sr_legacy
16591,"Beef, New Zealand, imported, chuck eye roll, cooked",,Liha ja linnuliha,208,32.1,0,8.9,0,0,2.89,0.095,usda_sr_legacy
16614,"Beef, New Zealand, imported, chuck eye roll, cooked",,Liha ja linnuliha,252,29.9,0,14.7,0,0,5.2,0.093,usda_sr_legacy
16590,"Beef, New Zealand, imported, chuck eye roll, raw",,Liha ja linnuliha,131,20.5,0,5.4,0,0,1.76,0.14,usda_sr_legacy
16615,"Beef, New Zealand, imported, chuck eye roll, raw",,Liha ja linnuliha,181,19.4,0,11.5,0,0,4.44,0.133,usda_sr_legacy
18141,"Beef, New Zealand, imported, cube roll, cooked",,Liha ja linnuliha,239,30.1,0,13.2,0,0,4.52,0.13,usda_sr_legacy
16616,"Beef, New Zealand, imported, cube roll, cooked",,Liha ja linnuliha,286,27.8,0,19.5,0,0,7.01,0.123,usda_sr_legacy
18142,"Beef, New Zealand, imported, cube roll, raw",,Liha ja linnuliha,161,19.8,1.4,8.5,0,0,3.69,0.113,usda_sr_legacy
16617,"Beef, New Zealand, imported, cube roll, raw",,Liha ja linnuliha,225,18.2,1.3,16.3,0,0,6.73,0.108,usda_sr_legacy
18143,"Beef, New Zealand, imported, eye round, cooked",,Liha ja linnuliha,164,29.7,0,5,0,0,1.62,0.108,usda_sr_legacy
18165,"Beef, New Zealand, imported, eye round, cooked",,Liha ja linnuliha,168,29.5,0,5.6,0,0,1.85,0.108,usda_sr_legacy
18144,"Beef, New Zealand, imported, eye round, raw",,Liha ja linnuliha,116,20.2,1.4,3.4,0,0,0.88,0.1,usda_sr_legacy
18166,"Beef, New Zealand, imported, eye round, raw",,Liha ja linnuliha,129,19.9,1.3,4.9,0,0,1.57,0.098,usda_sr_legacy
18167,"Beef, New Zealand, imported, flank, cooked",,Liha ja linnuliha,208,30.1,0,9.7,0,0,3.57,0.07,usda_sr_legacy
16592,"Beef, New Zealand, imported, flank, cooked",,Liha ja linnuliha,194,30.8,0,7.9,0,0,2.86,0.07,usda_sr_legacy
18168,"Beef, New Zealand, imported, flank, raw",,Liha ja linnuliha,161,20.1,0,8.9,0,0,3.29,0.115,usda_sr_legacy
16593,"Beef, New Zealand, imported, flank, raw",,Liha ja linnuliha,142,20.5,0,6.7,0,0,2.3,0.118,usda_sr_legacy
16594,"Beef, New Zealand, imported, flat, cooked",,Liha ja linnuliha,226,33.2,0,10.3,0,0,3.12,0.075,usda_sr_legacy
18169,"Beef, New Zealand, imported, flat, cooked",,Liha ja linnuliha,252,31.9,0,13.8,0,0,4.51,0.075,usda_sr_legacy
16618,"Beef, New Zealand, imported, flat, raw",,Liha ja linnuliha,177,20.6,0,10.6,0,0,3.85,0.123,usda_sr_legacy
16595,"Beef, New Zealand, imported, flat, raw",,Liha ja linnuliha,154,21.3,0,7.7,0,0,2.53,0.125,usda_sr_legacy
18146,"Beef, New Zealand, imported, hind shin, cooked",,Liha ja linnuliha,167,31.2,0,4.6,0,0,1.37,0.11,usda_sr_legacy
16619,"Beef, New Zealand, imported, hind shin, cooked",,Liha ja linnuliha,196,29.8,0.1,8.5,0,0,2.95,0.108,usda_sr_legacy
16620,"Beef, New Zealand, imported, hind shin, raw",,Liha ja linnuliha,147,20.6,0,7.2,0,0,2.71,0.153,usda_sr_legacy
18147,"Beef, New Zealand, imported, hind shin, raw",,Liha ja linnuliha,114,21.5,0,3.1,0,0,0.88,0.158,usda_sr_legacy
18148,"Beef, New Zealand, imported, inside, raw",,Liha ja linnuliha,128,22.2,0.1,4.4,0,0,1.53,0.1,usda_sr_legacy
16597,"Beef, New Zealand, imported, intermuscular fat, cooked",,Liha ja linnuliha,560,7.9,3.4,57.2,0,0,25.25,0.063,usda_sr_legacy
16598,"Beef, New Zealand, imported, intermuscular fat, raw",,Liha ja linnuliha,602,7,0,63.8,0,0,28.5,0.08,usda_sr_legacy
16600,"Beef, New Zealand, imported, knuckle, cooked",,Liha ja linnuliha,178,27.5,0,7.6,0,0,2.3,0.123,usda_sr_legacy
18152,"Beef, New Zealand, imported, manufacturing beef, cooked",,Liha ja linnuliha,126,24.2,0,3.3,0,0,1.15,0.08,usda_sr_legacy
16601,"Beef, New Zealand, imported, manufacturing beef, raw",,Liha ja linnuliha,119,21.2,0.2,3.7,0,0,1.65,0.138,usda_sr_legacy
16602,"Beef, New Zealand, imported, oyster blade, cooked",,Liha ja linnuliha,196,29.9,0,8.5,0,0,2.93,0.063,usda_sr_legacy
16621,"Beef, New Zealand, imported, oyster blade, cooked",,Liha ja linnuliha,197,29.8,0,8.7,0,0,3.01,0.063,usda_sr_legacy
16603,"Beef, New Zealand, imported, oyster blade, raw",,Liha ja linnuliha,155,21.8,0,7.6,0,0,2.59,0.148,usda_sr_legacy
18157,"Beef, New Zealand, imported, oyster blade, raw",,Liha ja linnuliha,178,21.3,0,10.3,0,0,3.82,0.143,usda_sr_legacy
16604,"Beef, New Zealand, imported, ribs prepared, cooked",,Liha ja linnuliha,197,27.2,0.1,9.7,0,0,3.59,0.145,usda_sr_legacy
18153,"Beef, New Zealand, imported, ribs prepared, raw",,Liha ja linnuliha,146,21.3,0,6.8,0,0,2.45,0.135,usda_sr_legacy
18154,"Beef, New Zealand, imported, rump centre, cooked",,Liha ja linnuliha,188,30.2,0,7.5,0,0,2.61,0.138,usda_sr_legacy
18170,"Beef, New Zealand, imported, rump centre, cooked",,Liha ja linnuliha,192,30,0,8,0,0,2.8,0.138,usda_sr_legacy
18171,"Beef, New Zealand, imported, rump centre, raw",,Liha ja linnuliha,141,21.7,0,6.1,0,0,2,0.123,usda_sr_legacy
18172,"Beef, New Zealand, imported, rump centre, raw",,Liha ja linnuliha,145,21.7,0,6.5,0,0,2.2,0.123,usda_sr_legacy
18173,"Beef, New Zealand, imported, striploin, cooked",,Liha ja linnuliha,301,24.9,0,22.3,0,0,8.24,0.125,usda_sr_legacy
18155,"Beef, New Zealand, imported, striploin, cooked",,Liha ja linnuliha,217,28.5,0,11.4,0,0,3.92,0.138,usda_sr_legacy
18156,"Beef, New Zealand, imported, striploin, raw",,Liha ja linnuliha,150,20.9,0.7,7,0,0,2.49,0.118,usda_sr_legacy
16622,"Beef, New Zealand, imported, striploin, raw",,Liha ja linnuliha,252,18.5,0.6,19.5,0,0,8.06,0.108,usda_sr_legacy
16605,"Beef, New Zealand, imported, subcutaneous fat, cooked",,Liha ja linnuliha,731,6.5,0,78.3,0,0,30.26,0.063,usda_sr_legacy
16606,"Beef, New Zealand, imported, subcutaneous fat, raw",,Liha ja linnuliha,685,8.5,0,72.4,0,0,31.51,0.065,usda_sr_legacy
16607,"Beef, New Zealand, imported, sweetbread, cooked",,Liha ja linnuliha,318,12.5,0,29.8,0,0,12.47,0.13,usda_sr_legacy
16608,"Beef, New Zealand, imported, sweetbread, raw",,Liha ja linnuliha,303,11.5,0,28.6,0,0,12.29,0.16,usda_sr_legacy
16609,"Beef, New Zealand, imported, tenderloin, cooked",,Liha ja linnuliha,200,29.4,0.3,9,0,0,3.6,0.113,usda_sr_legacy
16623,"Beef, New Zealand, imported, tenderloin, cooked",,Liha ja linnuliha,202,29.3,0.3,9.4,0,0,3.73,0.113,usda_sr_legacy
16624,"Beef, New Zealand, imported, tenderloin, raw",,Liha ja linnuliha,146,21,0,6.9,0,0,2.79,0.098,usda_sr_legacy
18158,"Beef, New Zealand, imported, tenderloin, raw",,Liha ja linnuliha,140,21.2,0,6.1,0,0,2.45,0.098,usda_sr_legacy
16596,"Beef, New Zealand, imported, variety meats and by-products, heart",,Liha ja linnuliha,179,31.3,0,6,0,0,1.83,0.148,usda_sr_legacy
18145,"Beef, New Zealand, imported, variety meats and by-products, heart",,Liha ja linnuliha,105,18.5,0,3.4,0,0,0.86,0.215,usda_sr_legacy
18149,"Beef, New Zealand, imported, variety meats and by-products, kidney",,Liha ja linnuliha,87,15.7,0,2.6,0,0,0.62,0.438,usda_sr_legacy
16599,"Beef, New Zealand, imported, variety meats and by-products, kidney",,Liha ja linnuliha,157,27.3,0,5.3,0,0,1.17,0.308,usda_sr_legacy
18151,"Beef, New Zealand, imported, variety meats and by-products, liver",,Liha ja linnuliha,133,20.5,3.6,4.1,0,0,1.19,0.133,usda_sr_legacy
18150,"Beef, New Zealand, imported, variety meats and by-products liver, cooked",,Liha ja linnuliha,150,23.3,3.8,4.7,0,0,1.39,0.138,usda_sr_legacy
18160,"Beef, New Zealand, imported, variety meats and by-products, tongue",,Liha ja linnuliha,243,17.8,0,19.1,0,0,6.69,0.183,usda_sr_legacy
18159,"Beef, New Zealand, imported, variety meats and by-products, tongue",,Liha ja linnuliha,271,18.3,3.7,20.3,0,0,7.02,0.143,usda_sr_legacy
16610,"Beef, New Zealand, imported, variety meats and by-products, tripe cooked",,Liha ja linnuliha,103,19,0,3,0,0,0.92,0.1,usda_sr_legacy
16611,"Beef, New Zealand, imported, variety meats and by-products, tripe uncooked",,Liha ja linnuliha,77,14.9,0,2,0,0,1.02,0.203,usda_sr_legacy
12572,"Beef, plate, inside skirt steak, cooked, broiled",,Liha ja linnuliha,205,26.7,0,10.1,0,0,3.85,0.19,usda_sr_legacy
15385,"Beef, plate, inside skirt steak, cooked, broiled",,Liha ja linnuliha,220,26.1,0,12.1,0,0,4.67,0.188,usda_sr_legacy
12573,"Beef, plate, outside skirt steak, cooked, broiled",,Liha ja linnuliha,233,24.2,0,14.4,0,0,5.97,0.235,usda_sr_legacy
15386,"Beef, plate, outside skirt steak, cooked, broiled",,Liha ja linnuliha,255,23.5,0,17.1,0,0,7.08,0.23,usda_sr_legacy
15755,"Beef, plate steak, boneless, inside skirt, cooked",,Liha ja linnuliha,233,30.1,0,12.5,0,0,4.31,0.153,usda_sr_legacy
16882,"Beef, plate steak, boneless, inside skirt, cooked",,Liha ja linnuliha,242,29.6,0,13.7,0,0,4.76,0.16,usda_sr_legacy
15736,"Beef, plate steak, boneless, inside skirt, cooked",,Liha ja linnuliha,223,30.6,0,11.2,0,0,3.65,0.155,usda_sr_legacy
16880,"Beef, plate steak, boneless, inside skirt, cooked",,Liha ja linnuliha,234,30,0,12.7,0,0,4.32,0.158,usda_sr_legacy
16902,"Beef, plate steak, boneless, inside skirt, cooked",,Liha ja linnuliha,245,29.4,0,14.2,0,0,5.06,0.158,usda_sr_legacy
16903,"Beef, plate steak, boneless, inside skirt, cooked",,Liha ja linnuliha,253,28.9,0,15.3,0,0,5.55,0.158,usda_sr_legacy
15756,"Beef, plate steak, boneless, inside skirt, raw",,Liha ja linnuliha,187,20.4,0,11.7,0,0,4.63,0.16,usda_sr_legacy
15757,"Beef, plate steak, boneless, inside skirt, raw",,Liha ja linnuliha,195,20.1,0,12.8,0,0,5.03,0.163,usda_sr_legacy
15758,"Beef, plate steak, boneless, inside skirt, raw",,Liha ja linnuliha,174,20.9,0,10.1,0,0,4.01,0.163,usda_sr_legacy
16881,"Beef, plate steak, boneless, inside skirt, raw",,Liha ja linnuliha,164,21.2,0,8.8,0,0,3.23,0.165,usda_sr_legacy
15735,"Beef, plate steak, boneless, inside skirt, raw",,Liha ja linnuliha,171,20.9,0,9.8,0,0,3.55,0.168,usda_sr_legacy
15737,"Beef, plate steak, boneless, inside skirt, raw",,Liha ja linnuliha,153,21.6,0,7.4,0,0,2.77,0.165,usda_sr_legacy
15738,"Beef, plate steak, boneless, outside skirt, cooked",,Liha ja linnuliha,282,27.7,0,19,0,0,6.67,0.178,usda_sr_legacy
16906,"Beef, plate steak, boneless, outside skirt, cooked",,Liha ja linnuliha,281,28,0,18.8,0,0,6.91,0.173,usda_sr_legacy
16905,"Beef, plate steak, boneless, outside skirt, cooked",,Liha ja linnuliha,300,26.5,0,21.6,0,0,7.73,0.175,usda_sr_legacy
16904,"Beef, plate steak, boneless, outside skirt, cooked",,Liha ja linnuliha,292,27.1,0,20.5,0,0,7.41,0.175,usda_sr_legacy
16884,"Beef, plate steak, boneless, outside skirt, cooked",,Liha ja linnuliha,291,27,0,20.3,0,0,7.04,0.178,usda_sr_legacy
16886,"Beef, plate steak, boneless, outside skirt, cooked",,Liha ja linnuliha,268,28.7,0,17.1,0,0,6.13,0.175,usda_sr_legacy
16885,"Beef, plate steak, boneless, outside skirt, raw",,Liha ja linnuliha,212,18.5,0.2,15.3,0,0,5.8,0.17,usda_sr_legacy
15760,"Beef, plate steak, boneless, outside skirt, raw",,Liha ja linnuliha,238,17.7,0.4,18.4,0,0,7.43,0.163,usda_sr_legacy
16883,"Beef, plate steak, boneless, outside skirt, raw",,Liha ja linnuliha,206,18.7,0.2,14.5,0,0,5.62,0.168,usda_sr_legacy
15739,"Beef, plate steak, boneless, outside skirt, raw",,Liha ja linnuliha,198,19.1,0.2,13.4,0,0,5.35,0.163,usda_sr_legacy
16907,"Beef, plate steak, boneless, outside skirt, raw",,Liha ja linnuliha,232,18,0.4,17.6,0,0,7.14,0.163,usda_sr_legacy
15761,"Beef, plate steak, boneless, outside skirt, raw",,Liha ja linnuliha,222,18.4,0.4,16.3,0,0,6.71,0.158,usda_sr_legacy
15377,"Beef, raw",,Liha ja linnuliha,130,22.4,0,4.6,0,0,1.66,0.145,usda_sr_legacy
18179,"Beef, raw",,Liha ja linnuliha,167,21,0,9.3,0,0,3.85,0.153,usda_sr_legacy
18180,"Beef, raw",,Liha ja linnuliha,140,22.2,0,5.4,0,0,1.97,0.14,usda_sr_legacy
18182,"Beef, raw",,Liha ja linnuliha,138,22.2,0,5.5,0,0,2.15,0.15,usda_sr_legacy
15375,"Beef, raw",,Liha ja linnuliha,157,21.2,0,8,0,0,3.35,0.153,usda_sr_legacy
13267,"Beef, raw",,Liha ja linnuliha,193,19.1,0,12.4,0,0,5.22,0.128,usda_sr_legacy
13265,"Beef, raw",,Liha ja linnuliha,224,19.8,0,15.4,0,0,6.43,0.125,usda_sr_legacy
13263,"Beef, raw",,Liha ja linnuliha,215,20,0,14.4,0,0,6.04,0.13,usda_sr_legacy
17437,"Beef, raw",,Liha ja linnuliha,151,21.6,0,7.2,0,0,2.76,0.165,usda_sr_legacy
17436,"Beef, raw",,Liha ja linnuliha,176,21.3,0,10.1,0,0,4.12,0.153,usda_sr_legacy
17434,"Beef, raw",,Liha ja linnuliha,142,22,0,6.1,0,0,2.22,0.138,usda_sr_legacy
15374,"Beef, raw",,Liha ja linnuliha,133,22,0,5,0,0,1.97,0.158,usda_sr_legacy
12434,"Beef, retail cuts, separable fat, cooked",,Liha ja linnuliha,680,10.7,0,70.3,0,0,28.5,0.058,usda_sr_legacy
12433,"Beef, retail cuts, separable fat, raw",,Liha ja linnuliha,674,8.2,0,70.9,0,0,29.45,0.065,usda_sr_legacy
15766,"Beef, rib, back ribs, bone-in, cooked",,Liha ja linnuliha,341,25.6,0,26.6,0,0,11.82,0.16,usda_sr_legacy
15744,"Beef, rib, back ribs, bone-in, cooked",,Liha ja linnuliha,306,27.8,0,21.7,0,0,8.76,0.17,usda_sr_legacy
15765,"Beef, rib, back ribs, bone-in, cooked",,Liha ja linnuliha,372,23.3,0,31,0,0,13.77,0.153,usda_sr_legacy
16890,"Beef, rib, back ribs, bone-in, cooked",,Liha ja linnuliha,299,28.4,0,20.6,0,0,8.1,0.17,usda_sr_legacy
15764,"Beef, rib, back ribs, bone-in, cooked",,Liha ja linnuliha,360,24.2,0,29.2,0,0,12.99,0.158,usda_sr_legacy
15746,"Beef, rib, back ribs, bone-in, cooked",,Liha ja linnuliha,287,29.3,0,18.8,0,0,7.09,0.17,usda_sr_legacy
15743,"Beef, rib, back ribs, bone-in, raw",,Liha ja linnuliha,239,19.1,0.5,17.9,0,0,7.06,0.15,usda_sr_legacy
16891,"Beef, rib, back ribs, bone-in, raw",,Liha ja linnuliha,221,19.7,0.2,15.7,0,0,5.92,0.148,usda_sr_legacy
16912,"Beef, rib, back ribs, bone-in, raw",,Liha ja linnuliha,336,15.8,0.9,29.9,0,0,13.3,0.133,usda_sr_legacy
15745,"Beef, rib, back ribs, bone-in, raw",,Liha ja linnuliha,252,18.7,0.6,19.4,0,0,7.81,0.153,usda_sr_legacy
15767,"Beef, rib, back ribs, bone-in, raw",,Liha ja linnuliha,324,16.2,0.8,28.4,0,0,12.64,0.133,usda_sr_legacy
16913,"Beef, rib, back ribs, bone-in, raw",,Liha ja linnuliha,305,16.8,0.6,26.2,0,0,11.66,0.13,usda_sr_legacy
16569,"Beef, ribeye cap steak, boneless, cooked, grilled",,Liha ja linnuliha,246,24.7,1.5,15.7,0,0,5.57,0.215,usda_sr_legacy
16571,"Beef, ribeye cap steak, boneless, cooked, grilled",,Liha ja linnuliha,226,25.3,1.1,13.4,0,0,4.97,0.198,usda_sr_legacy
16570,"Beef, ribeye cap steak, boneless, cooked, grilled",,Liha ja linnuliha,259,24.2,1.8,17.2,0,0,5.96,0.215,usda_sr_legacy
18122,"Beef, ribeye cap steak, boneless, raw",,Liha ja linnuliha,169,20.1,1.2,9.4,0,0,3.63,0.21,usda_sr_legacy
16572,"Beef, ribeye cap steak, boneless, raw",,Liha ja linnuliha,180,19.7,1.5,10.6,0,0,4.07,0.22,usda_sr_legacy
18121,"Beef, ribeye cap steak, boneless, raw",,Liha ja linnuliha,187,19.5,1.8,11.4,0,0,4.36,0.22,usda_sr_legacy
18125,"Beef, ribeye filet, boneless, cooked, grilled",,Liha ja linnuliha,186,29.4,0,7.6,0,0,2.59,0.218,usda_sr_legacy
18123,"Beef, ribeye filet, boneless, cooked, grilled",,Liha ja linnuliha,199,28.8,0.2,9.2,0,0,3.21,0.14,usda_sr_legacy
18124,"Beef, ribeye filet, boneless, cooked, grilled",,Liha ja linnuliha,208,28.4,0.5,10.3,0,0,3.62,0.14,usda_sr_legacy
16573,"Beef, ribeye petite roast, boneless, cooked, roasted",,Liha ja linnuliha,178,28.2,0,7.3,0,0,2.59,0.138,usda_sr_legacy
16575,"Beef, ribeye petite roast, boneless, cooked, roasted",,Liha ja linnuliha,164,28.4,0,5.7,0,0,1.89,0.21,usda_sr_legacy
16574,"Beef, ribeye petite roast, boneless, cooked, roasted",,Liha ja linnuliha,188,28,0,8.4,0,0,3.05,0.135,usda_sr_legacy
18120,"Beef, ribeye  petite roast/filet, boneless, raw",,Liha ja linnuliha,125,22.9,0,3.7,0,0,1.27,0.143,usda_sr_legacy
18119,"Beef, ribeye  petite roast/filet, boneless, raw",,Liha ja linnuliha,138,22.5,0.2,5.3,0,0,1.96,0.165,usda_sr_legacy
18118,"Beef, ribeye  petite roast/filet, boneless, raw",,Liha ja linnuliha,133,22.7,0,4.7,0,0,1.68,0.165,usda_sr_legacy
16895,"Beef, rib eye roast, bone-in, lip-on, cooked",,Liha ja linnuliha,307,23.5,0,23.6,0,0,10.1,0.155,usda_sr_legacy
15748,"Beef, rib eye roast, bone-in, lip-on, cooked",,Liha ja linnuliha,300,23.5,0,22.9,0,0,9.88,0.158,usda_sr_legacy
15747,"Beef, rib eye roast, bone-in, lip-on, cooked",,Liha ja linnuliha,290,23.4,0,21.9,0,0,9.56,0.16,usda_sr_legacy
14874,"Beef, rib eye roast, bone-in, lip-on, cooked",,Liha ja linnuliha,240,27.2,0,14.6,0,0,5.61,0.17,usda_sr_legacy
14563,"Beef, rib eye roast, bone-in, lip-on, cooked",,Liha ja linnuliha,231,27.1,0,13.6,0,0,5.26,0.173,usda_sr_legacy
14564,"Beef, rib eye roast, bone-in, lip-on, cooked",,Liha ja linnuliha,219,27,0,12.3,0,0,4.74,0.175,usda_sr_legacy
14903,"Beef, rib eye roast, boneless, lip-on, cooked",,Liha ja linnuliha,218,28.2,0,11.7,0,0,4.54,0.14,usda_sr_legacy
15753,"Beef, rib eye roast, boneless, lip-on, cooked",,Liha ja linnuliha,277,24.9,0,19.7,0,0,8.48,0.135,usda_sr_legacy
14569,"Beef, rib eye roast, boneless, lip-on, cooked",,Liha ja linnuliha,229,27.9,0,13,0,0,5.19,0.135,usda_sr_legacy
16879,"Beef, rib eye roast, boneless, lip-on, cooked",,Liha ja linnuliha,202,28.7,0,9.7,0,0,3.56,0.148,usda_sr_legacy
15752,"Beef, rib eye roast, boneless, lip-on, cooked",,Liha ja linnuliha,303,23.9,0,23,0,0,10.04,0.128,usda_sr_legacy
15751,"Beef, rib eye roast, boneless, lip-on, cooked",,Liha ja linnuliha,292,24.3,0,21.7,0,0,9.42,0.13,usda_sr_legacy
13216,"Beef, rib, eye, small end (ribs 10-12), cooked",,Liha ja linnuliha,265,26.6,0,16.8,0,0,6.51,0.133,usda_sr_legacy
13218,"Beef, rib, eye, small end (ribs 10-12), cooked",,Liha ja linnuliha,205,28.9,0,9,0,0,3.43,0.15,usda_sr_legacy
13337,"Beef, rib eye, small end (ribs 10-12), cooked, broiled",,Liha ja linnuliha,249,27.3,0,14.7,0,0,5.72,0.14,usda_sr_legacy
13336,"Beef, rib eye, small end (ribs 10-12), cooked, broiled",,Liha ja linnuliha,234,28,0,12.7,0,0,4.93,0.148,usda_sr_legacy
12449,"Beef, rib eye, small end (ribs 10-12), raw",,Liha ja linnuliha,149,21.2,0,6.6,0,0,2.65,0.13,usda_sr_legacy
13217,"Beef, rib, eye, small end (ribs 10-12), raw",,Liha ja linnuliha,161,20.1,0,8.3,0,,3.23,0.158,usda_sr_legacy
12440,"Beef, rib, eye, small end (ribs 10-12), raw",,Liha ja linnuliha,274,17.5,0,22.1,0,,9,0.14,usda_sr_legacy
12476,"Beef, rib, eye, small end (ribs 10- 12) separable lean only, cooked",,Liha ja linnuliha,182,29.9,0,6.1,0,0,2.31,0.158,usda_sr_legacy
14901,"Beef, rib eye steak, bone-in, lip-on, cooked",,Liha ja linnuliha,229,27,0,13.4,0,0,4.9,0.168,usda_sr_legacy
14900,"Beef, rib eye steak, bone-in, lip-on, cooked",,Liha ja linnuliha,221,27.4,0,12.4,0,0,4.79,0.168,usda_sr_legacy
14902,"Beef, rib eye steak, bone-in, lip-on, cooked",,Liha ja linnuliha,210,28,0,10.9,0,0,4.64,0.168,usda_sr_legacy
16894,"Beef, rib eye steak, bone-in, lip-on, cooked",,Liha ja linnuliha,309,22.9,0,24.2,0,0,10.63,0.15,usda_sr_legacy
16893,"Beef, rib eye steak, bone-in, lip-on, cooked",,Liha ja linnuliha,304,23.2,0,23.5,0,0,10.72,0.148,usda_sr_legacy
16892,"Beef, rib eye steak, bone-in, lip-on, cooked",,Liha ja linnuliha,313,22.7,0,24.7,0,0,10.57,0.15,usda_sr_legacy
15763,"Beef, rib eye steak, boneless, lip off, cooked",,Liha ja linnuliha,285,23.9,0,21.1,0,0,9.24,0.145,usda_sr_legacy
15762,"Beef, rib eye steak, boneless, lip off, cooked",,Liha ja linnuliha,271,24.9,0,19,0,0,8.44,0.145,usda_sr_legacy
16888,"Beef, rib eye steak, boneless, lip off, cooked",,Liha ja linnuliha,191,29.2,0,8.3,0,0,3.53,0.148,usda_sr_legacy
15742,"Beef, rib eye steak, boneless, lip off, cooked",,Liha ja linnuliha,215,27.4,0,11.8,0,0,4.65,0.15,usda_sr_legacy
16908,"Beef, rib eye steak, boneless, lip off, cooked",,Liha ja linnuliha,248,26.3,0,15.9,0,0,7.23,0.145,usda_sr_legacy
15740,"Beef, rib eye steak, boneless, lip off, cooked",,Liha ja linnuliha,206,28.1,0,10.4,0,0,4.2,0.148,usda_sr_legacy
16909,"Beef, rib eye steak, boneless, lip off, raw",,Liha ja linnuliha,228,19.3,0.1,16.7,0,0,7.36,0.13,usda_sr_legacy
16910,"Beef, rib eye steak, boneless, lip off, raw",,Liha ja linnuliha,241,18.7,0.2,18.4,0,0,8.07,0.128,usda_sr_legacy
15741,"Beef, rib eye steak, boneless, lip off, raw",,Liha ja linnuliha,154,21.9,0,7.4,0,0,2.76,0.14,usda_sr_legacy
16887,"Beef, rib eye steak, boneless, lip off, raw",,Liha ja linnuliha,162,21.4,0,8.5,0,0,3.06,0.14,usda_sr_legacy
16889,"Beef, rib eye steak, boneless, lip off, raw",,Liha ja linnuliha,142,22.5,0,5.8,0,0,2.31,0.138,usda_sr_legacy
16911,"Beef, rib eye steak, boneless, lip off, raw",,Liha ja linnuliha,208,20.1,0,14.1,0,0,6.29,0.13,usda_sr_legacy
16897,"Beef, rib eye steak, boneless, lip-on, cooked",,Liha ja linnuliha,303,22.9,0,23.5,0,0,10.31,0.135,usda_sr_legacy
16899,"Beef, rib eye steak, boneless, lip-on, cooked",,Liha ja linnuliha,291,23.7,0,21.8,0,0,9.68,0.135,usda_sr_legacy
16898,"Beef, rib eye steak, boneless, lip-on, cooked",,Liha ja linnuliha,273,24.8,0,19.3,0,0,8.75,0.135,usda_sr_legacy
14896,"Beef, rib eye steak, boneless, lip-on, cooked",,Liha ja linnuliha,217,27.3,0,12,0,0,4.65,0.15,usda_sr_legacy
14873,"Beef, rib eye steak, boneless, lip-on, cooked",,Liha ja linnuliha,207,28,0,10.6,0,0,4.2,0.148,usda_sr_legacy
14897,"Beef, rib eye steak, boneless, lip-on, cooked",,Liha ja linnuliha,192,29,0,8.5,0,0,3.53,0.148,usda_sr_legacy
14898,"Beef, rib eye steak/roast, bone-in, lip-on, raw",,Liha ja linnuliha,166,21.2,0,9,0,0,3.54,0.16,usda_sr_legacy
15749,"Beef, rib eye steak/roast, bone-in, lip-on, raw",,Liha ja linnuliha,255,18.1,0,20.3,0,0,9.1,0.14,usda_sr_legacy
16896,"Beef, rib eye steak/roast, bone-in, lip-on, raw",,Liha ja linnuliha,248,18.4,0,19.3,0,0,8.84,0.138,usda_sr_legacy
15750,"Beef, rib eye steak/roast, bone-in, lip-on, raw",,Liha ja linnuliha,260,17.9,0,21,0,0,9.27,0.143,usda_sr_legacy
14565,"Beef, rib eye steak/roast, bone-in, lip-on, raw",,Liha ja linnuliha,155,21.7,0,7.6,0,0,3.04,0.158,usda_sr_legacy
14899,"Beef, rib eye steak/roast, bone-in, lip-on, raw",,Liha ja linnuliha,173,20.9,0,10,0,0,3.88,0.163,usda_sr_legacy
14567,"Beef, rib eye steak/roast, boneless, lip-on, raw",,Liha ja linnuliha,161,21.6,0,8.3,0,0,3.06,0.14,usda_sr_legacy
15754,"Beef, rib eye steak/roast, boneless, lip-on, raw",,Liha ja linnuliha,244,18.9,0,18.7,0,0,8.25,0.125,usda_sr_legacy
16900,"Beef, rib eye steak/roast, boneless, lip-on, raw",,Liha ja linnuliha,253,18.4,0,20,0,0,8.74,0.125,usda_sr_legacy
16901,"Beef, rib eye steak/roast, boneless, lip-on, raw",,Liha ja linnuliha,230,19.6,0,16.9,0,0,7.52,0.125,usda_sr_legacy
14568,"Beef, rib eye steak/roast, boneless, lip-on, raw",,Liha ja linnuliha,148,22.6,0,6.4,0,0,2.31,0.138,usda_sr_legacy
14566,"Beef, rib eye steak/roast, boneless, lip-on, raw",,Liha ja linnuliha,156,22,0,7.5,0,0,2.76,0.14,usda_sr_legacy
12509,"Beef, rib, large end (ribs 6-9), cooked, broiled",,Liha ja linnuliha,338,21.6,0,27.2,0,,11.06,0.16,usda_sr_legacy
13286,"Beef, rib, large end (ribs 6-9), cooked, broiled",,Liha ja linnuliha,370,20.9,0,31.2,0,,12.67,0.158,usda_sr_legacy
12511,"Beef, rib, large end (ribs 6-9), cooked, broiled",,Liha ja linnuliha,324,21.6,0,25.7,0,,10.43,0.16,usda_sr_legacy
12514,"Beef, rib, large end (ribs 6-9), cooked, broiled",,Liha ja linnuliha,404,20.7,0,35,0,,14.51,0.155,usda_sr_legacy
12510,"Beef, rib, large end (ribs 6-9), cooked, roasted",,Liha ja linnuliha,355,23,0,28.5,0,0,11.5,0.16,usda_sr_legacy
12512,"Beef, rib, large end (ribs 6-9), cooked, roasted",,Liha ja linnuliha,333,23.4,0,25.8,0,,10.42,0.163,usda_sr_legacy
12515,"Beef, rib, large end (ribs 6-9), cooked, roasted",,Liha ja linnuliha,393,22.9,0,32.7,0,,13.59,0.16,usda_sr_legacy
13945,"Beef, rib, large end (ribs 6-9), cooked, roasted",,Liha ja linnuliha,220,27.5,0,11.4,0,,4.55,0.183,usda_sr_legacy
14349,"Beef, rib, large end (ribs 6-9), cooked, roasted",,Liha ja linnuliha,253,27.5,0,15,0,,5.99,0.183,usda_sr_legacy
14348,"Beef, rib, large end (ribs 6-9), cooked, roasted",,Liha ja linnuliha,238,27.5,0,13.4,0,0,5.35,0.183,usda_sr_legacy
14347,"Beef, rib, large end (ribs 6-9), cooked, roasted",,Liha ja linnuliha,331,23.5,0,25.5,0,,10.3,0.163,usda_sr_legacy
14346,"Beef, rib, large end (ribs 6-9), cooked, roasted",,Liha ja linnuliha,372,22.8,0,30.5,0,,12.29,0.16,usda_sr_legacy
13287,"Beef, rib, large end (ribs 6-9), cooked, roasted",,Liha ja linnuliha,378,22.5,0,31.3,0,,12.62,0.158,usda_sr_legacy
13288,"Beef, rib, large end (ribs 6-9), raw",,Liha ja linnuliha,295,16.5,0,24.9,0,,10.28,0.14,usda_sr_legacy
12513,"Beef, rib, large end (ribs 6-9), raw",,Liha ja linnuliha,367,15.8,0,33.3,0,,13.96,0.133,usda_sr_legacy
13285,"Beef, rib, large end (ribs 6-9), raw",,Liha ja linnuliha,333,16,0,29.3,0,,12.13,0.135,usda_sr_legacy
12508,"Beef, rib, large end (ribs 6-9), raw",,Liha ja linnuliha,316,16.3,0,27.3,0,,11.29,0.138,usda_sr_legacy
2026,Beef ribs,,Liha ja linnuliha,291,17.5,0,24.5,0,0,,,
12443,"Beef, rib, shortribs, cooked, braised",,Liha ja linnuliha,295,30.8,0,18.1,0,0,7.74,0.145,usda_sr_legacy
12441,"Beef, rib, shortribs, cooked, braised",,Liha ja linnuliha,471,21.6,0,42,0,0,17.8,0.125,usda_sr_legacy
13219,"Beef, rib, shortribs, raw",,Liha ja linnuliha,390,14.4,0.4,36.2,0,,15.76,0.123,usda_sr_legacy
12442,"Beef, rib, shortribs, raw",,Liha ja linnuliha,175,19.1,0.4,10.2,0,,4.33,0.163,usda_sr_legacy
13295,"Beef, rib, small end (ribs 10-12), cooked, broiled",,Liha ja linnuliha,354,24.1,0,27.9,0,,11.51,0.158,usda_sr_legacy
12516,"Beef, rib, small end (ribs 10-12), cooked, broiled",,Liha ja linnuliha,304,24.5,0,22.1,0,0,8.7,0.123,usda_sr_legacy
16638,"Beef, rib, small end (ribs 10-12), cooked, broiled",,Liha ja linnuliha,195,29.6,0,7.6,0,0,2.91,0.155,usda_sr_legacy
13946,"Beef, rib, small end (ribs 10-12), cooked, broiled",,Liha ja linnuliha,249,27.3,0,14.7,0,0,5.72,0.14,usda_sr_legacy
12519,"Beef, rib, small end (ribs 10-12), cooked, broiled",,Liha ja linnuliha,278,27.2,0,18,0,0,7.09,0.145,usda_sr_legacy
13947,"Beef, rib, small end (ribs 10-12), cooked, broiled",,Liha ja linnuliha,312,24.7,0,22.8,0,,9.24,0.16,usda_sr_legacy
13948,"Beef, rib, small end (ribs 10-12), cooked, broiled",,Liha ja linnuliha,285,24.9,0,19.8,0,,8.01,0.16,usda_sr_legacy
18186,"Beef, rib, small end (ribs 10-12), cooked, broiled",,Liha ja linnuliha,202,28.3,0,9.1,0,0,3.45,0.145,usda_sr_legacy
14352,"Beef, rib, small end (ribs 10-12), cooked, broiled",,Liha ja linnuliha,198,28,0,8.7,0,,3.51,0.173,usda_sr_legacy
14351,"Beef, rib, small end (ribs 10-12), cooked, broiled",,Liha ja linnuliha,225,28,0,11.7,0,,4.73,0.173,usda_sr_legacy
14350,"Beef, rib, small end (ribs 10-12), cooked, broiled",,Liha ja linnuliha,193,29.4,0,7.5,0,0,2.87,0.153,usda_sr_legacy
17464,"Beef, rib, small end (ribs 10-12), cooked, broiled",,Liha ja linnuliha,188,30.9,0,6.2,0,0,2.37,0.165,usda_sr_legacy
13290,"Beef, rib, small end (ribs 10-12), cooked, broiled",,Liha ja linnuliha,291,25.9,0,20,0,0,7.89,0.133,usda_sr_legacy
12517,"Beef, rib, small end (ribs 10-12), cooked, roasted",,Liha ja linnuliha,359,22.3,0,29.2,0,,11.78,0.158,usda_sr_legacy
13296,"Beef, rib, small end (ribs 10-12), cooked, roasted",,Liha ja linnuliha,411,22.2,0,35.1,0,,14.51,0.163,usda_sr_legacy
13291,"Beef, rib, small end (ribs 10-12), cooked, roasted",,Liha ja linnuliha,341,22.5,0,27.1,0,,10.92,0.158,usda_sr_legacy
13293,"Beef, rib, small end (ribs 10-12), cooked, roasted",,Liha ja linnuliha,323,22.8,0,25,0,,10.05,0.16,usda_sr_legacy
18183,"Beef, rib, small end (ribs 10-12), raw",,Liha ja linnuliha,148,22.1,0,5.9,0,0,2.18,0.143,usda_sr_legacy
12518,"Beef, rib, small end (ribs 10-12), raw",,Liha ja linnuliha,246,19.6,0,18,0,0,7.26,0.123,usda_sr_legacy
13294,"Beef, rib, small end (ribs 10-12), raw",,Liha ja linnuliha,335,16.7,0.1,29.2,0,,12.07,0.133,usda_sr_legacy
13292,"Beef, rib, small end (ribs 10-12), raw",,Liha ja linnuliha,263,19.1,0,20.1,0,0,8.12,0.12,usda_sr_legacy
13289,"Beef, rib, small end (ribs 10-12), raw",,Liha ja linnuliha,254,19.3,0,19.1,0,0,7.69,0.123,usda_sr_legacy
15400,"Beef, rib, small end (ribs 10-12), raw",,Liha ja linnuliha,134,22.5,0,4.2,0,0,1.55,0.138,usda_sr_legacy
15408,"Beef, rib, small end (ribs 10-12), raw",,Liha ja linnuliha,141,22.3,0,5,0,0,1.86,0.14,usda_sr_legacy
13279,"Beef, rib, whole (ribs 6-12), cooked, broiled",,Liha ja linnuliha,337,22.4,0,26.8,0,,10.85,0.158,usda_sr_legacy
13281,"Beef, rib, whole (ribs 6-12), cooked, broiled",,Liha ja linnuliha,315,22.7,0,24.2,0,,9.81,0.16,usda_sr_legacy
12504,"Beef, rib, whole (ribs 6-12), cooked, broiled",,Liha ja linnuliha,352,22.3,0,28.5,0,,11.57,0.158,usda_sr_legacy
13284,"Beef, rib, whole (ribs 6-12), cooked, broiled",,Liha ja linnuliha,386,22,0,32.4,0,,13.42,0.155,usda_sr_legacy
13280,"Beef, rib, whole (ribs 6-12), cooked, roasted",,Liha ja linnuliha,351,22.8,0,28.1,0,,11.33,0.16,usda_sr_legacy
12507,"Beef, rib, whole (ribs 6-12), cooked, roasted",,Liha ja linnuliha,400,22.6,0,33.7,0,,13.96,0.163,usda_sr_legacy
13282,"Beef, rib, whole (ribs 6-12), cooked, roasted",,Liha ja linnuliha,330,23.1,0,25.6,0,,10.32,0.163,usda_sr_legacy
12505,"Beef, rib, whole (ribs 6-12), cooked, roasted",,Liha ja linnuliha,365,22.6,0,29.8,0,0,12.01,0.16,usda_sr_legacy
13283,"Beef, rib, whole (ribs 6-12), raw",,Liha ja linnuliha,355,16.2,0,31.7,0,,13.22,0.133,usda_sr_legacy
12506,"Beef, rib, whole (ribs 6-12), raw",,Liha ja linnuliha,288,16.8,0,24,0,,9.88,0.138,usda_sr_legacy
12503,"Beef, rib, whole (ribs 6-12), raw",,Liha ja linnuliha,322,16.3,0,27.9,0,,11.51,0.135,usda_sr_legacy
13278,"Beef, rib, whole (ribs 6-12), raw",,Liha ja linnuliha,306,16.5,0,26.1,0,,10.76,0.138,usda_sr_legacy
13951,"Beef, round, bottom round, roast, cooked",,Liha ja linnuliha,199,26.8,0,9.4,0,0,3.37,0.088,usda_sr_legacy
14354,"Beef, round, bottom round, roast, cooked",,Liha ja linnuliha,175,28.1,0,6.1,0,0,2.18,0.093,usda_sr_legacy
12524,"Beef, round, bottom round, roast, cooked",,Liha ja linnuliha,218,26.4,0,11.6,0,0,4.42,0.088,usda_sr_legacy
14356,"Beef, round, bottom round, roast, cooked",,Liha ja linnuliha,177,27.8,0,6.5,0,0,2.26,0.09,usda_sr_legacy
14358,"Beef, round, bottom round, roast, cooked",,Liha ja linnuliha,185,27.2,0,7.6,0,0,2.66,0.09,usda_sr_legacy
12527,"Beef, round, bottom round, roast, cooked",,Liha ja linnuliha,223,26.1,0,12.4,0,0,4.72,0.085,usda_sr_legacy
13302,"Beef, round, bottom round, roast, cooked",,Liha ja linnuliha,212,26.8,0,10.9,0,0,4.12,0.088,usda_sr_legacy
13949,"Beef, round, bottom round, roast, cooked",,Liha ja linnuliha,187,27.4,0,7.7,0,0,2.77,0.09,usda_sr_legacy
15404,"Beef, round, bottom round, roast, cooked",,Liha ja linnuliha,164,28.5,0,4.7,0,0,1.61,0.095,usda_sr_legacy
17474,"Beef, round, bottom round, roast, cooked",,Liha ja linnuliha,163,28,0,5.7,0,0,1.97,0.093,usda_sr_legacy
17481,"Beef, round, bottom round, roast, cooked",,Liha ja linnuliha,179,27.6,0,6.8,0,0,2.33,0.09,usda_sr_legacy
13954,"Beef, round, bottom round roast, cooked, roasted",,Liha ja linnuliha,169,28.3,0,5.3,0,0,1.86,0.095,usda_sr_legacy
16637,"Beef, round, bottom round, roast, raw",,Liha ja linnuliha,128,22.2,0,3.7,0,0,1.25,0.155,usda_sr_legacy
17480,"Beef, round, bottom round, roast, raw",,Liha ja linnuliha,140,22.2,0,5,0,0,1.7,0.14,usda_sr_legacy
17468,"Beef, round, bottom round, roast, raw",,Liha ja linnuliha,128,22.2,0,4.3,0,0,1.48,0.148,usda_sr_legacy
14353,"Beef, round, bottom round, steak, cooked",,Liha ja linnuliha,223,33.6,0,8.9,0,0,3.18,0.11,usda_sr_legacy
17467,"Beef, round, bottom round, steak, cooked",,Liha ja linnuliha,205,34.5,0,6.4,0,0,2.22,0.115,usda_sr_legacy
17475,"Beef, round, bottom round, steak, cooked",,Liha ja linnuliha,216,34.3,0,7.7,0,0,2.66,0.113,usda_sr_legacy
13953,"Beef, round, bottom round, steak, cooked",,Liha ja linnuliha,206,34.9,0,6.3,0,0,2.2,0.115,usda_sr_legacy
13952,"Beef, round, bottom round, steak, cooked",,Liha ja linnuliha,217,34.4,0,7.7,0,0,2.78,0.113,usda_sr_legacy
13950,"Beef, round, bottom round, steak, cooked",,Liha ja linnuliha,230,32.7,0,10,0,0,3.59,0.105,usda_sr_legacy
14355,"Beef, round, bottom round, steak, cooked",,Liha ja linnuliha,214,34,0,7.7,0,0,2.68,0.11,usda_sr_legacy
14357,"Beef, round, bottom round, steak, cooked",,Liha ja linnuliha,223,33.1,0,9,0,0,3.15,0.108,usda_sr_legacy
13300,"Beef, round, bottom round, steak, cooked",,Liha ja linnuliha,247,32.8,0,11.9,0,0,4.51,0.108,usda_sr_legacy
13301,"Beef, round, bottom round, steak, cooked",,Liha ja linnuliha,240,32.7,0,11.2,0,0,4.25,0.108,usda_sr_legacy
12526,"Beef, round, bottom round, steak, cooked",,Liha ja linnuliha,254,32.9,0,12.6,0,0,4.77,0.105,usda_sr_legacy
16630,"Beef, round, bottom round, steak, cooked",,Liha ja linnuliha,228,34.2,0,9,0,0,3.11,0.113,usda_sr_legacy
12525,"Beef, round, bottom round, steak, raw",,Liha ja linnuliha,198,20.7,0,12.2,0,0,4.78,0.133,usda_sr_legacy
13299,"Beef, round, bottom round, steak, raw",,Liha ja linnuliha,192,20.7,0,11.5,0,0,4.54,0.14,usda_sr_legacy
12528,"Beef, round, bottom round, steak, raw",,Liha ja linnuliha,187,20.7,0,10.9,0,0,4.3,0.15,usda_sr_legacy
13955,"Beef, round, eye of round roast, boneless, cooked",,Liha ja linnuliha,167,29.7,0,4.5,0,0,1.62,0.168,usda_sr_legacy
14362,"Beef, round, eye of round roast, boneless, cooked",,Liha ja linnuliha,157,29.5,0,3.4,0,0,1.28,0.158,usda_sr_legacy
13956,"Beef, round, eye of round roast, boneless, cooked",,Liha ja linnuliha,171,29.8,0,4.8,0,0,1.66,0.165,usda_sr_legacy
14361,"Beef, round, eye of round roast, boneless, cooked",,Liha ja linnuliha,166,29.9,0,4.3,0,0,1.44,0.165,usda_sr_legacy
14360,"Beef, round, eye of round roast, boneless, cooked",,Liha ja linnuliha,163,29.9,0,3.9,0,0,1.38,0.168,usda_sr_legacy
14359,"Beef, round, eye of round roast, boneless, cooked",,Liha ja linnuliha,162,29.5,0,4,0,0,1.56,0.158,usda_sr_legacy
15345,"Beef, round, eye of round roast, boneless, raw",,Liha ja linnuliha,120,23.3,0,3,0,0,1.23,0.125,usda_sr_legacy
15344,"Beef, round, eye of round roast, boneless, raw",,Liha ja linnuliha,127,23.3,0,3.7,0,0,1.31,0.13,usda_sr_legacy
15343,"Beef, round, eye of round roast, boneless, raw",,Liha ja linnuliha,124,23.3,0,3.4,0,0,1.28,0.133,usda_sr_legacy
15359,"Beef, round, eye of round roast, boneless, raw",,Liha ja linnuliha,116,23.4,0,2.5,0,0,1.01,0.125,usda_sr_legacy
17420,"Beef, round, eye of round roast, boneless, raw",,Liha ja linnuliha,121,23.4,0,3,0,0,1.09,0.133,usda_sr_legacy
17421,"Beef, round, eye of round roast, boneless, raw",,Liha ja linnuliha,124,23.4,0,3.4,0,0,1.14,0.13,usda_sr_legacy
12530,"Beef, round, eye of round, roast, cooked",,Liha ja linnuliha,212,28.5,0,10.1,0,0,3.81,0.093,usda_sr_legacy
15405,"Beef, round, eye of round, roast, cooked",,Liha ja linnuliha,163,29.6,0,4.1,0,0,1.42,0.098,usda_sr_legacy
17482,"Beef, round, eye of round, roast, cooked",,Liha ja linnuliha,175,29.9,0,5.3,0,0,1.83,0.098,usda_sr_legacy
15407,"Beef, round, eye of round, roast, cooked",,Liha ja linnuliha,169,29.7,0,4.7,0,0,1.62,0.095,usda_sr_legacy
12532,"Beef, round, eye of round, roast, cooked",,Liha ja linnuliha,204,28.1,0,9.3,0,0,3.52,0.093,usda_sr_legacy
13304,"Beef, round, eye of round, roast, cooked",,Liha ja linnuliha,208,28.3,0,9.7,0,0,3.66,0.093,usda_sr_legacy
12531,"Beef, round, eye of round, roast, raw",,Liha ja linnuliha,160,21.3,0.1,7.6,0,0,2.98,0.155,usda_sr_legacy
16635,"Beef, round, eye of round, roast, raw",,Liha ja linnuliha,119,22.3,0,2.6,0,0,0.9,0.155,usda_sr_legacy
12529,"Beef, round, eye of round, roast, raw",,Liha ja linnuliha,173,21.7,0,8.9,0,0,3.51,0.138,usda_sr_legacy
13303,"Beef, round, eye of round, roast, raw",,Liha ja linnuliha,166,21.5,0,8.2,0,0,3.25,0.145,usda_sr_legacy
17471,"Beef, round, eye of round, roast, raw",,Liha ja linnuliha,124,22.6,0,3,0,0,1.03,0.15,usda_sr_legacy
15417,"Beef, round, eye of round, roast, raw",,Liha ja linnuliha,128,22.9,0,3.4,0,0,1.16,0.143,usda_sr_legacy
17417,"Beef, round, eye of round steak, boneless, cooked",,Liha ja linnuliha,154,29.5,0,4,0,0,1.56,0.163,usda_sr_legacy
17415,"Beef, round, eye of round steak, boneless, cooked",,Liha ja linnuliha,159,29.7,0,4.5,0,0,1.67,0.17,usda_sr_legacy
17430,"Beef, round, eye of round steak, boneless, cooked",,Liha ja linnuliha,149,29.5,0,3.4,0,0,1.31,0.163,usda_sr_legacy
15371,"Beef, round, eye of round steak, boneless, cooked",,Liha ja linnuliha,158,29.9,0,4.3,0,0,1.48,0.17,usda_sr_legacy
15370,"Beef, round, eye of round steak, boneless, cooked",,Liha ja linnuliha,155,29.9,0,3.9,0,0,1.41,0.17,usda_sr_legacy
17416,"Beef, round, eye of round steak, boneless, cooked",,Liha ja linnuliha,163,29.8,0,4.8,0,0,1.74,0.168,usda_sr_legacy
15361,"Beef, round, eye of round steak, boneless, raw",,Liha ja linnuliha,124,23.4,0,3.4,0,0,1.14,0.13,usda_sr_legacy
15360,"Beef, round, eye of round steak, boneless, raw",,Liha ja linnuliha,121,23.4,0,3,0,0,1.09,0.133,usda_sr_legacy
17406,"Beef, round, eye of round steak, boneless, raw",,Liha ja linnuliha,124,23.3,0,3.5,0,0,1.29,0.133,usda_sr_legacy
17408,"Beef, round, eye of round steak, boneless, raw",,Liha ja linnuliha,120,23.3,0,3,0,0,1.2,0.125,usda_sr_legacy
15362,"Beef, round, eye of round steak, boneless, raw",,Liha ja linnuliha,116,23.4,0,2.5,0,0,1.01,0.125,usda_sr_legacy
17407,"Beef, round, eye of round steak, boneless separable lean and fat, raw",,Liha ja linnuliha,127,23.2,0,3.8,0,0,1.34,0.13,usda_sr_legacy
12523,"Beef, round, full cut, cooked, broiled",,Liha ja linnuliha,235,27.5,0,13,0,0,4.9,0.155,usda_sr_legacy
12445,"Beef, round, full cut, cooked, broiled",,Liha ja linnuliha,172,29.3,0,5.2,0,,1.83,0.16,usda_sr_legacy
13298,"Beef, round, full cut, cooked, broiled",,Liha ja linnuliha,218,27.6,0,11.1,0,0,4.23,0.155,usda_sr_legacy
12444,"Beef, round, full cut, cooked, broiled",,Liha ja linnuliha,191,29.2,0,7.3,0,0,2.56,0.16,usda_sr_legacy
13297,"Beef, round, full cut, raw",,Liha ja linnuliha,184,20.6,0,10.7,0,0,4.2,0.135,usda_sr_legacy
12522,"Beef, round, full cut, raw",,Liha ja linnuliha,195,20.6,0,11.9,0,0,4.63,0.135,usda_sr_legacy
16869,"Beef, round, knuckle, tip center, steak",,Liha ja linnuliha,188,26.9,0,8.1,0,0,2.76,0.128,usda_sr_legacy
15725,"Beef, round, knuckle, tip center, steak",,Liha ja linnuliha,162,26.6,0,5.3,0,0,2.06,0.133,usda_sr_legacy
16877,"Beef, round, knuckle, tip center, steak",,Liha ja linnuliha,177,27.1,0,6.8,0,0,2.53,0.13,usda_sr_legacy
16876,"Beef, round, knuckle, tip center, steak",,Liha ja linnuliha,143,20.9,0,5.9,0,0,2.16,0.135,usda_sr_legacy
16870,"Beef, round, knuckle, tip center, steak",,Liha ja linnuliha,137,21,0,5.2,0,0,1.89,0.133,usda_sr_legacy
16868,"Beef, round, knuckle, tip center, steak",,Liha ja linnuliha,150,20.7,0,6.9,0,0,2.3,0.135,usda_sr_legacy
16861,"Beef, round, knuckle, tip side, steak",,Liha ja linnuliha,133,21.4,0,4.7,0,0,1.76,0.155,usda_sr_legacy
16874,"Beef, round, knuckle, tip side, steak",,Liha ja linnuliha,129,21.7,0,4,0,0,1.58,0.153,usda_sr_legacy
15717,"Beef, round, knuckle, tip side, steak",,Liha ja linnuliha,174,28.8,0,5.7,0,0,2.22,0.138,usda_sr_legacy
15729,"Beef, round, knuckle, tip side, steak",,Liha ja linnuliha,168,29.1,0,4.8,0,0,1.9,0.135,usda_sr_legacy
15719,"Beef, round, knuckle, tip side, steak",,Liha ja linnuliha,160,29.2,0,3.9,0,0,1.27,0.13,usda_sr_legacy
15718,"Beef, round, knuckle, tip side, steak",,Liha ja linnuliha,123,22,0,3.2,0,0,1.23,0.143,usda_sr_legacy
15728,"Beef, round, outside round, bottom round, steak",,Liha ja linnuliha,129,22.2,0,3.8,0,0,1.4,0.155,usda_sr_legacy
15726,"Beef, round, outside round, bottom round, steak",,Liha ja linnuliha,150,21.2,0,6.6,0,0,2.3,0.158,usda_sr_legacy
16871,"Beef, round, outside round, bottom round, steak",,Liha ja linnuliha,166,28,0,5.2,0,0,1.72,0.15,usda_sr_legacy
16878,"Beef, round, outside round, bottom round, steak",,Liha ja linnuliha,142,21.6,0,5.5,0,0,2,0.155,usda_sr_legacy
15733,"Beef, round, outside round, bottom round, steak",,Liha ja linnuliha,182,27.5,0,7.1,0,0,2.54,0.145,usda_sr_legacy
15727,"Beef, round, outside round, bottom round, steak",,Liha ja linnuliha,191,27.2,0,8.3,0,0,2.95,0.143,usda_sr_legacy
13305,"Beef, round, tip round, raw",,Liha ja linnuliha,189,19.6,0,11.7,0,,4.6,0.145,usda_sr_legacy
13307,"Beef, round, tip round, raw",,Liha ja linnuliha,199,19.5,0,12.8,0,0,5.04,0.145,usda_sr_legacy
12533,"Beef, round, tip round, raw",,Liha ja linnuliha,178,19.7,0,10.4,0,0,4.1,0.145,usda_sr_legacy
13308,"Beef, round, tip round, roast, cooked",,Liha ja linnuliha,228,27.3,0,12.3,0,0,4.63,0.158,usda_sr_legacy
13306,"Beef, round, tip round, roast, cooked",,Liha ja linnuliha,219,27.5,0,11.3,0,0,4.24,0.158,usda_sr_legacy
12534,"Beef, round, tip round, roast, cooked",,Liha ja linnuliha,210,27.6,0,10.2,0,0,3.81,0.16,usda_sr_legacy
14364,"Beef, round, tip round, roast, cooked",,Liha ja linnuliha,149,27.4,0,4.4,0,0,1.56,0.09,usda_sr_legacy
13958,"Beef, round, tip round, roast, cooked",,Liha ja linnuliha,196,27,0,8.9,0,0,3.26,0.088,usda_sr_legacy
13959,"Beef, round, tip round, roast, cooked",,Liha ja linnuliha,181,26.6,0,7.5,0,0,2.76,0.088,usda_sr_legacy
13957,"Beef, round, tip round, roast, cooked",,Liha ja linnuliha,188,26.8,0,8.2,0,0,3.01,0.088,usda_sr_legacy
13960,"Beef, round, tip round, roast, cooked",,Liha ja linnuliha,174,27.5,0,6.2,0,0,2.21,0.09,usda_sr_legacy
14363,"Beef, round, tip round, roast, cooked",,Liha ja linnuliha,176,27.7,0,6.4,0,0,2.29,0.09,usda_sr_legacy
16641,"Beef, round, tip round, roast, raw",,Liha ja linnuliha,130,20.8,0,4.6,0,0,1.56,0.13,usda_sr_legacy
12475,"Beef, round, tip round, roast, raw",,Liha ja linnuliha,145,20.8,0,6.3,0,0,2.49,0.145,usda_sr_legacy
13250,"Beef, round, tip round, roast, raw",,Liha ja linnuliha,151,20.5,0,7,0,0,2.78,0.138,usda_sr_legacy
12474,"Beef, round, tip round, roast, raw",,Liha ja linnuliha,156,20.2,0,7.7,0,0,3.07,0.128,usda_sr_legacy
16642,"Beef, round, tip round, roast, raw",,Liha ja linnuliha,122,21.4,0,3.4,0,0,1.15,0.145,usda_sr_legacy
16640,"Beef, round, tip round, roast, raw",,Liha ja linnuliha,126,21.1,0,4,0,0,1.38,0.135,usda_sr_legacy
12537,"Beef, round, top round, cooked, braised",,Liha ja linnuliha,250,34.1,0,11.6,0,0,4.33,0.113,usda_sr_legacy
13963,"Beef, round, top round, cooked, braised",,Liha ja linnuliha,190,36.1,0,4,0,0,1.37,0.113,usda_sr_legacy
14365,"Beef, round, top round, cooked, braised",,Liha ja linnuliha,209,35.6,0,6.3,0,0,2.25,0.113,usda_sr_legacy
13962,"Beef, round, top round, cooked, braised",,Liha ja linnuliha,207,36.1,0,5.8,0,0,1.99,0.113,usda_sr_legacy
13961,"Beef, round, top round, cooked, braised",,Liha ja linnuliha,200,35.6,0,5.3,0,0,1.92,0.113,usda_sr_legacy
12541,"Beef, round, top round, cooked, braised",,Liha ja linnuliha,225,34.6,0,8.5,0,0,3.2,0.113,usda_sr_legacy
13310,"Beef, round, top round, cooked, braised",,Liha ja linnuliha,238,34.3,0,10.1,0,0,3.78,0.113,usda_sr_legacy
14366,"Beef, round, top round, cooked, braised",,Liha ja linnuliha,216,35.6,0,7.1,0,0,2.52,0.113,usda_sr_legacy
12536,"Beef, round, top round, cooked, pan-fried",,Liha ja linnuliha,228,33.9,2,8.3,0,0,2.4,0.163,usda_sr_legacy
12539,"Beef, round, top round, cooked, pan-fried",,Liha ja linnuliha,266,33,0,13.8,0,0,4.64,0.17,usda_sr_legacy
13314,"Beef, round, top round, raw",,Liha ja linnuliha,173,22.2,0,8.7,0,0,3.3,0.128,usda_sr_legacy
15369,"Beef, round, top round roast, boneless, cooked",,Liha ja linnuliha,150,29.8,0,3.4,0,0,1.14,0.168,usda_sr_legacy
17414,"Beef, round, top round roast, boneless, cooked",,Liha ja linnuliha,157,31,0,3.7,0,0,1.42,0.168,usda_sr_legacy
15353,"Beef, round, top round roast, boneless, cooked",,Liha ja linnuliha,160,29.9,0,4.5,0,0,1.67,0.168,usda_sr_legacy
15354,"Beef, round, top round roast, boneless, cooked",,Liha ja linnuliha,163,30.1,0,4.8,0,0,1.84,0.173,usda_sr_legacy
15368,"Beef, round, top round roast, boneless, cooked",,Liha ja linnuliha,158,30.2,0.1,4.1,0,0,1.55,0.173,usda_sr_legacy
17429,"Beef, round, top round roast, boneless, cooked",,Liha ja linnuliha,162,30.1,0,3.8,0,0,1.38,0.168,usda_sr_legacy
17419,"Beef, round, top round roast, boneless, raw",,Liha ja linnuliha,116,23.6,0,2.5,0,0,0.92,0.138,usda_sr_legacy
15342,"Beef, round, top round roast, boneless, raw",,Liha ja linnuliha,121,23.4,0,3,0,0,1.15,0.135,usda_sr_legacy
17418,"Beef, round, top round roast, boneless, raw",,Liha ja linnuliha,124,23.6,0,3.3,0,0,1.25,0.14,usda_sr_legacy
15358,"Beef, round, top round roast, boneless, raw",,Liha ja linnuliha,121,23.6,0,2.9,0,0,1.12,0.135,usda_sr_legacy
17405,"Beef, round, top round roast, boneless, raw",,Liha ja linnuliha,128,23.5,0,3.8,0,0,1.49,0.14,usda_sr_legacy
17404,"Beef, round, top round roast, boneless, raw",,Liha ja linnuliha,125,23.5,0,3.5,0,0,1.35,0.135,usda_sr_legacy
13251,"Beef, round, top round steak, boneless, cooked",,Liha ja linnuliha,166,30.2,0,4.1,0,0,1.56,0.195,usda_sr_legacy
13340,"Beef, round, top round steak, boneless, cooked",,Liha ja linnuliha,167,30,0,4.3,0,0,1.79,0.188,usda_sr_legacy
12477,"Beef, round, top round steak, boneless, cooked",,Liha ja linnuliha,162,30.1,0,3.8,0,0,1.56,0.188,usda_sr_legacy
13252,"Beef, round, top round steak, boneless, cooked",,Liha ja linnuliha,158,29.8,0,3.4,0,0,1.28,0.19,usda_sr_legacy
12569,"Beef, round, top round steak, boneless, cooked",,Liha ja linnuliha,162,29.7,0,3.9,0,0,1.5,0.19,usda_sr_legacy
12568,"Beef, round, top round steak, boneless, cooked",,Liha ja linnuliha,170,30.1,0,4.6,0,0,1.77,0.195,usda_sr_legacy
15341,"Beef, round, top round steak, boneless, raw",,Liha ja linnuliha,124,23.5,0,3.3,0,0,1.29,0.135,usda_sr_legacy
17402,"Beef, round, top round steak, boneless, raw",,Liha ja linnuliha,127,23.5,0,3.7,0,0,1.42,0.14,usda_sr_legacy
15355,"Beef, round, top round steak, boneless, raw",,Liha ja linnuliha,121,23.6,0,2.9,0,0,1.12,0.135,usda_sr_legacy
17403,"Beef, round, top round steak, boneless, raw",,Liha ja linnuliha,120,23.5,0,2.9,0,0,1.08,0.135,usda_sr_legacy
15356,"Beef, round, top round steak, boneless, raw",,Liha ja linnuliha,124,23.6,0,3.3,0,0,1.25,0.14,usda_sr_legacy
15357,"Beef, round, top round steak, boneless, raw",,Liha ja linnuliha,116,23.6,0,2.5,0,0,0.92,0.138,usda_sr_legacy
12538,"Beef, round, top round, steak, cooked",,Liha ja linnuliha,224,30.7,0,10.3,0,0,3.9,0.1,usda_sr_legacy
15413,"Beef, round, top round, steak, cooked",,Liha ja linnuliha,185,31.8,0,5.5,0,0,1.88,0.105,usda_sr_legacy
13315,"Beef, round, top round, steak, cooked",,Liha ja linnuliha,225,31.3,0,10.1,0,0,3.61,0.153,usda_sr_legacy
13313,"Beef, round, top round, steak, cooked",,Liha ja linnuliha,201,30.6,0,7.7,0,0,2.93,0.103,usda_sr_legacy
15406,"Beef, round, top round, steak, cooked",,Liha ja linnuliha,177,31.6,0,4.7,0,0,1.6,0.108,usda_sr_legacy
17483,"Beef, round, top round, steak, cooked",,Liha ja linnuliha,193,32,0,6.3,0,0,2.15,0.105,usda_sr_legacy
13311,"Beef, round, top round steak, cooked, broiled",,Liha ja linnuliha,204,30.7,0,9,0,0,3.42,0.103,usda_sr_legacy
13312,"Beef, round, top round, steak, raw",,Liha ja linnuliha,168,21.9,0,8.2,0,0,3.22,0.143,usda_sr_legacy
15418,"Beef, round, top round, steak, raw",,Liha ja linnuliha,140,22.7,0,4.8,0,0,1.64,0.143,usda_sr_legacy
15414,"Beef, round, top round, steak, raw",,Liha ja linnuliha,135,22.9,0,4.1,0,0,1.4,0.153,usda_sr_legacy
16636,"Beef, round, top round, steak, raw",,Liha ja linnuliha,129,23.1,0,3.4,0,0,1.15,0.16,usda_sr_legacy
12540,"Beef, round, top round, steak, raw",,Liha ja linnuliha,164,22.2,0,7.7,0,0,3.02,0.158,usda_sr_legacy
13309,"Beef, round, top round, steak, raw",,Liha ja linnuliha,166,22.1,0,7.9,0,0,3.12,0.15,usda_sr_legacy
14327,"Beef, sandwich steaks, flaked, chopped, formed and thinly sliced",,Liha ja linnuliha,309,16.5,0,27,0,0,11.54,0.17,usda_sr_legacy
13222,"Beef, shank crosscuts, cooked, simmered",,Liha ja linnuliha,201,33.7,0,6.4,0,,2.29,0.16,usda_sr_legacy
13221,"Beef, shank crosscuts, raw",,Liha ja linnuliha,128,21.8,0,3.9,0,,1.28,0.158,usda_sr_legacy
13243,"Beef, short loin, porterhouse steak, cooked, broiled",,Liha ja linnuliha,194,26.9,0,8.8,0,0,3.28,0.173,usda_sr_legacy
13239,"Beef, short loin, porterhouse steak, cooked, broiled",,Liha ja linnuliha,276,24,0,19.3,0,0,7.27,0.163,usda_sr_legacy
12466,"Beef, short loin, porterhouse steak, cooked, broiled",,Liha ja linnuliha,212,26.1,0,11.2,0,0,3.91,0.173,usda_sr_legacy
12467,"Beef, short loin, porterhouse steak, cooked, broiled",,Liha ja linnuliha,224,25.5,0,12.8,0,0,4.35,0.173,usda_sr_legacy
15715,"Beef, short loin, porterhouse steak, cooked, grilled",,Liha ja linnuliha,263,26.2,0,16.8,0,0,6.84,0.158,usda_sr_legacy
12446,"Beef, short loin, porterhouse steak, cooked, grilled",,Liha ja linnuliha,221,27.7,0,11.4,0,0,4.41,0.168,usda_sr_legacy
12465,"Beef, short loin, porterhouse steak, cooked, grilled",,Liha ja linnuliha,213,28.2,0,10.3,0,0,4.03,0.17,usda_sr_legacy
15713,"Beef, short loin, porterhouse steak, cooked, grilled",,Liha ja linnuliha,276,25.4,0,18.6,0,0,7.48,0.16,usda_sr_legacy
12469,"Beef, short loin, porterhouse steak, cooked, grilled",,Liha ja linnuliha,203,28.9,0,8.8,0,0,3.45,0.168,usda_sr_legacy
12544,"Beef, short loin, porterhouse steak, cooked, grilled",,Liha ja linnuliha,284,24.9,0,19.8,0,0,7.91,0.158,usda_sr_legacy
12543,"Beef, short loin, porterhouse steak, raw",,Liha ja linnuliha,218,20.4,0,14.6,0,0,6.17,0.13,usda_sr_legacy
13223,"Beef, short loin, porterhouse steak, raw",,Liha ja linnuliha,161,22.1,0,7.4,0,0,2.89,0.14,usda_sr_legacy
13242,"Beef, short loin, porterhouse steak, raw",,Liha ja linnuliha,155,22.3,0,6.6,0,0,2.56,0.128,usda_sr_legacy
15714,"Beef, short loin, porterhouse steak, raw",,Liha ja linnuliha,208,20.7,0,13.3,0,0,5.7,0.105,usda_sr_legacy
12468,"Beef, short loin, porterhouse steak, raw",,Liha ja linnuliha,145,22.6,0,5.4,0,0,2.05,0.108,usda_sr_legacy
16857,"Beef, short loin, porterhouse steak, raw",,Liha ja linnuliha,214,20.5,0,14.1,0,0,5.98,0.12,usda_sr_legacy
13240,"Beef, short loin, porterhouse steak, USDA choice, cooked",,Liha ja linnuliha,283,23.6,0,20.2,0,0,7.43,0.163,usda_sr_legacy
13241,"Beef, short loin, porterhouse steak, USDA select, cooked",,Liha ja linnuliha,267,24.5,0,18,0,0,7.04,0.163,usda_sr_legacy
13247,"Beef, short loin, t-bone steak, bone-in, cooked",,Liha ja linnuliha,206,28.5,0,9.4,0,0,3.65,0.165,usda_sr_legacy
12448,"Beef, short loin, t-bone steak, bone-in, cooked",,Liha ja linnuliha,217,27.5,0,11.1,0,0,4.6,0.17,usda_sr_legacy
12471,"Beef, short loin, t-bone steak, bone-in, cooked",,Liha ja linnuliha,212,27.9,0,10.4,0,0,4.22,0.168,usda_sr_legacy
12473,"Beef, short loin, t-bone steak, bone-in, raw",,Liha ja linnuliha,144,22.4,0,5.3,0,0,2.15,0.143,usda_sr_legacy
12470,"Beef, short loin, t-bone steak, bone-in, raw",,Liha ja linnuliha,153,22.2,0,6.5,0,0,2.53,0.105,usda_sr_legacy
12447,"Beef, short loin, t-bone steak, bone-in, raw",,Liha ja linnuliha,160,22.1,0,7.3,0,0,2.78,0.088,usda_sr_legacy
12472,"Beef, short loin, t-bone steak, cooked, broiled",,Liha ja linnuliha,198,26,0,9.6,0,0,3.27,0.178,usda_sr_legacy
13248,"Beef, short loin, t-bone steak, cooked, broiled",,Liha ja linnuliha,177,26,0,7.4,0,0,2.82,0.178,usda_sr_legacy
13244,"Beef, short loin, t-bone steak, cooked, broiled",,Liha ja linnuliha,247,24.2,0,15.9,0,0,6.07,0.168,usda_sr_legacy
13317,"Beef, short loin, t-bone steak, cooked, grilled",,Liha ja linnuliha,294,24.2,0,21.1,0,0,8.72,0.158,usda_sr_legacy
16860,"Beef, short loin, t-bone steak, cooked, grilled",,Liha ja linnuliha,281,25.2,0,19.2,0,0,7.81,0.155,usda_sr_legacy
16858,"Beef, short loin, t-bone steak, cooked, grilled",,Liha ja linnuliha,289,24.6,0,20.4,0,0,8.36,0.155,usda_sr_legacy
15716,"Beef, short loin, t-bone steak, raw",,Liha ja linnuliha,223,20.1,0,15.2,0,0,6.5,0.1,usda_sr_legacy
12545,"Beef, short loin, t-bone steak, raw",,Liha ja linnuliha,228,20,0,15.8,0,0,6.68,0.088,usda_sr_legacy
16859,"Beef, short loin, t-bone steak, raw",,Liha ja linnuliha,215,20.3,0,14.2,0,0,6.21,0.13,usda_sr_legacy
13245,"Beef, short loin, t-bone steak, USDA choice, cooked",,Liha ja linnuliha,258,24.1,0,17.3,0,0,6.45,0.168,usda_sr_legacy
13246,"Beef, short loin, t-bone steak, USDA select, cooked",,Liha ja linnuliha,230,24.4,0,14,0,0,5.53,0.17,usda_sr_legacy
13321,"Beef, short loin, top loin, cooked, broiled",,Liha ja linnuliha,310,25.9,0,22.1,0,0,8.91,0.16,usda_sr_legacy
15411,"Beef, short loin, top loin, steak, cooked",,Liha ja linnuliha,189,29.3,0,7.1,0,0,2.7,0.153,usda_sr_legacy
15403,"Beef, short loin, top loin, steak, cooked",,Liha ja linnuliha,177,29.4,0,5.7,0,0,2.18,0.155,usda_sr_legacy
12546,"Beef, short loin, top loin, steak, cooked",,Liha ja linnuliha,278,26.2,0,18.5,0,0,7.26,0.13,usda_sr_legacy
16634,"Beef, short loin, top loin, steak, cooked",,Liha ja linnuliha,201,29.2,0,8.5,0,0,3.22,0.15,usda_sr_legacy
15412,"Beef, short loin, top loin steak, raw",,Liha ja linnuliha,138,22.9,0,5.2,0,0,1.91,0.143,usda_sr_legacy
13318,"Beef, short loin, top loin, steak, raw",,Liha ja linnuliha,228,20.6,0,15.5,0,0,6.25,0.13,usda_sr_legacy
12549,"Beef, short loin, top loin, steak, raw",,Liha ja linnuliha,281,19,0,22.2,0,0,9.08,0.133,usda_sr_legacy
17463,"Beef, short loin, top loin, steak, raw",,Liha ja linnuliha,133,23.1,0,3.9,0,0,1.43,0.143,usda_sr_legacy
16631,"Beef, short loin, top loin, steak, raw",,Liha ja linnuliha,155,22.8,0,6.4,0,0,2.38,0.145,usda_sr_legacy
14864,"Beef, shoulder pot roast, boneless, cooked, braised",,Liha ja linnuliha,196,31.5,0,7.8,0,0,2.6,0.153,usda_sr_legacy
14863,"Beef, shoulder pot roast, boneless, cooked, braised",,Liha ja linnuliha,190,31.7,0,7,0,0,2.24,0.158,usda_sr_legacy
14862,"Beef, shoulder pot roast, boneless, cooked, braised",,Liha ja linnuliha,200,31.3,0,8.3,0,0,2.84,0.15,usda_sr_legacy
14888,"Beef, shoulder pot roast, boneless, cooked, braised",,Liha ja linnuliha,204,31,0,8.9,0,0,3.11,0.153,usda_sr_legacy
14890,"Beef, shoulder pot roast, boneless, cooked, braised",,Liha ja linnuliha,200,31.2,0,8.4,0,0,2.88,0.155,usda_sr_legacy
14889,"Beef, shoulder pot roast, boneless, cooked, braised",,Liha ja linnuliha,207,30.9,0,9.3,0,0,3.26,0.15,usda_sr_legacy
16856,"Beef, shoulder pot roast or steak, boneless, raw",,Liha ja linnuliha,130,21.4,0,5,0,0,2.03,0.18,usda_sr_legacy
14546,"Beef, shoulder pot roast or steak, boneless, raw",,Liha ja linnuliha,127,21.7,0,4.4,0,0,1.9,0.175,usda_sr_legacy
13260,"Beef, shoulder pot roast or steak, boneless, raw",,Liha ja linnuliha,123,21.6,0,4.1,0,0,1.65,0.183,usda_sr_legacy
13262,"Beef, shoulder pot roast or steak, boneless, raw",,Liha ja linnuliha,121,21.9,0,3.7,0,0,1.53,0.178,usda_sr_legacy
13261,"Beef, shoulder pot roast or steak, boneless, raw",,Liha ja linnuliha,125,21.5,0.1,4.4,0,0,1.71,0.185,usda_sr_legacy
14545,"Beef, shoulder pot roast or steak, boneless, raw",,Liha ja linnuliha,133,21.2,0.1,5.3,0,0,2.12,0.185,usda_sr_legacy
12559,"Beef, shoulder steak, boneless, cooked, grilled",,Liha ja linnuliha,178,28.5,0,6.3,0,0,2.6,0.17,usda_sr_legacy
15387,"Beef, shoulder steak, boneless, cooked, grilled",,Liha ja linnuliha,182,28.3,0,6.8,0,0,2.91,0.168,usda_sr_legacy
12560,"Beef, shoulder steak, boneless, cooked, grilled",,Liha ja linnuliha,169,28.7,0,5.2,0,0,2.19,0.17,usda_sr_legacy
15384,"Beef, shoulder steak, boneless, cooked, grilled",,Liha ja linnuliha,177,28.4,0,6.1,0,0,2.64,0.168,usda_sr_legacy
15379,"Beef, shoulder steak, boneless, cooked, grilled",,Liha ja linnuliha,175,28.6,0,5.8,0,0,2.43,0.17,usda_sr_legacy
15383,"Beef, shoulder steak, boneless, cooked, grilled",,Liha ja linnuliha,186,28.2,0,7.3,0,0,3.09,0.168,usda_sr_legacy
13255,"Beef, shoulder top blade steak, boneless, cooked, grilled",,Liha ja linnuliha,202,28.3,0,9.8,0,0,3.98,0.213,usda_sr_legacy
12482,"Beef, shoulder top blade steak, boneless, cooked, grilled",,Liha ja linnuliha,196,28.2,0,9.2,0,0,3.77,0.218,usda_sr_legacy
12520,"Beef, shoulder top blade steak, boneless, cooked, grilled",,Liha ja linnuliha,194,27.7,0,9.3,0,0,3.87,0.22,usda_sr_legacy
13259,"Beef, shoulder top blade steak, boneless, cooked, grilled",,Liha ja linnuliha,210,27.6,0,11.1,0,0,4.53,0.213,usda_sr_legacy
13256,"Beef, shoulder top blade steak, boneless, cooked, grilled",,Liha ja linnuliha,187,28,0,8.3,0,0,3.45,0.223,usda_sr_legacy
12487,"Beef, shoulder top blade steak, boneless, cooked, grilled",,Liha ja linnuliha,220,27.5,0,12.3,0,0,4.97,0.21,usda_sr_legacy
12483,"Beef, shoulder top blade steak, boneless, raw",,Liha ja linnuliha,133,20.4,0,5.7,0,0,2.47,0.218,usda_sr_legacy
13257,"Beef, shoulder top blade steak, boneless, raw",,Liha ja linnuliha,139,20.4,0,6.4,0,0,2.73,0.208,usda_sr_legacy
12535,"Beef, shoulder top blade steak, boneless, raw",,Liha ja linnuliha,152,20.1,0,7.9,0,0,3.46,0.203,usda_sr_legacy
12521,"Beef, shoulder top blade steak, boneless, raw",,Liha ja linnuliha,146,20.2,0,7.3,0,0,3.15,0.205,usda_sr_legacy
13316,"Beef, shoulder top blade steak, boneless, raw",,Liha ja linnuliha,137,20.3,0,6.2,0,0,2.69,0.215,usda_sr_legacy
13258,"Beef, shoulder top blade steak, boneless, raw",,Liha ja linnuliha,143,20.4,0,6.9,0,0,2.9,0.205,usda_sr_legacy
2025,Beef sirloin,,Liha ja linnuliha,207,20.5,0,13.5,0,0,,,
2024,Beef tenderloin,,Liha ja linnuliha,165,22.5,0,8,0,0,,,
13327,"Beef, tenderloin, raw",,Liha ja linnuliha,274,18.2,0,21.8,0,0,8.96,0.123,usda_sr_legacy
13326,"Beef, tenderloin, roast, cooked, roasted",,Liha ja linnuliha,316,23.9,0,23.7,0,0,9.38,0.143,usda_sr_legacy
13329,"Beef, tenderloin, roast, cooked, roasted",,Liha ja linnuliha,343,24,0,26.7,0,0,10.63,0.138,usda_sr_legacy
13324,"Beef, tenderloin, roast, cooked, roasted",,Liha ja linnuliha,324,23.9,0,24.6,0,0,9.72,0.143,usda_sr_legacy
12551,"Beef, tenderloin, roast, cooked, roasted",,Liha ja linnuliha,331,23.9,0,25.4,0,0,10.02,0.163,usda_sr_legacy
13328,"Beef, tenderloin, steak, cooked, broiled",,Liha ja linnuliha,308,25.3,0,22.2,0,0,8.85,0.148,usda_sr_legacy
15409,"Beef, tenderloin, steak, cooked, broiled",,Liha ja linnuliha,200,29,0,8.4,0,0,3.2,0.15,usda_sr_legacy
12553,"Beef, tenderloin, steak, cooked, broiled",,Liha ja linnuliha,262,26.5,0,16.5,0,0,6.51,0.143,usda_sr_legacy
13323,"Beef, tenderloin, steak, cooked, broiled",,Liha ja linnuliha,267,26.5,0,17.1,0,0,6.74,0.135,usda_sr_legacy
16632,"Beef, tenderloin, steak, cooked, broiled",,Liha ja linnuliha,206,29,0,9.1,0,0,3.47,0.148,usda_sr_legacy
12550,"Beef, tenderloin, steak, cooked, broiled",,Liha ja linnuliha,273,26.4,0,17.8,0,0,7,0.13,usda_sr_legacy
17465,"Beef, tenderloin, steak, cooked, broiled",,Liha ja linnuliha,194,29.1,0,7.8,0,0,2.95,0.155,usda_sr_legacy
15401,"Beef, tenderloin, steak, raw",,Liha ja linnuliha,148,22.1,0,5.9,0,0,2.19,0.138,usda_sr_legacy
15410,"Beef, tenderloin, steak, raw",,Liha ja linnuliha,153,22.1,0,6.5,0,0,2.41,0.14,usda_sr_legacy
12552,"Beef, tenderloin, steak, raw",,Liha ja linnuliha,249,19.4,0,18.5,0,0,7.45,0.125,usda_sr_legacy
13325,"Beef, tenderloin, steak, raw",,Liha ja linnuliha,246,19.8,0,17.9,0,0,7.21,0.125,usda_sr_legacy
18184,"Beef, tenderloin, steak, raw",,Liha ja linnuliha,158,22.2,0,7.1,0,0,2.61,0.143,usda_sr_legacy
13322,"Beef, tenderloin, steak, raw",,Liha ja linnuliha,247,19.6,0,18.2,0,0,8.41,0.125,usda_sr_legacy
16579,"Beef, top loin filet, boneless, cooked, grilled",,Liha ja linnuliha,253,26.8,0.6,15.9,0,0,5.45,0.228,usda_sr_legacy
16580,"Beef, top loin filet, boneless, cooked, grilled",,Liha ja linnuliha,219,28.3,0.4,11.6,0,0,3.86,0.215,usda_sr_legacy
16578,"Beef, top loin filet, boneless, cooked, grilled",,Liha ja linnuliha,239,27.4,0.6,14.1,0,0,4.82,0.233,usda_sr_legacy
18110,"Beef, top loin filet, boneless, cooked, grilled",,Liha ja linnuliha,195,29.3,0.3,8.5,0,0,2.99,0.158,usda_sr_legacy
18111,"Beef, top loin filet, boneless, cooked, grilled",,Liha ja linnuliha,203,29,0.4,9.5,0,0,3.36,0.155,usda_sr_legacy
18112,"Beef, top loin filet, boneless, cooked, grilled",,Liha ja linnuliha,184,29.9,0.2,7.1,0,0,2.43,0.163,usda_sr_legacy
16562,"Beef, top loin petite roast, boneless, cooked, roasted",,Liha ja linnuliha,206,28.2,0.9,10,0,0,3.5,0.155,usda_sr_legacy
18131,"Beef, top loin petite roast, boneless, cooked, roasted",,Liha ja linnuliha,239,26.8,1.1,14.1,0,0,4.82,0.23,usda_sr_legacy
18130,"Beef, top loin petite roast, boneless, cooked, roasted",,Liha ja linnuliha,228,27,1,12.9,0,0,4.36,0.233,usda_sr_legacy
16563,"Beef, top loin petite roast, boneless, cooked, roasted",,Liha ja linnuliha,179,28.5,0.7,7,0,0,2.29,0.16,usda_sr_legacy
16561,"Beef, top loin petite roast, boneless, cooked, roasted",,Liha ja linnuliha,195,28.3,0.8,8.8,0,0,3.01,0.155,usda_sr_legacy
18132,"Beef, top loin petite roast, boneless, cooked, roasted",,Liha ja linnuliha,213,27.1,0.9,11.2,0,0,3.67,0.21,usda_sr_legacy
16581,"Beef, top loin petite roast/filet, boneless, raw",,Liha ja linnuliha,199,20.8,0.6,12.6,0,0,4.04,0.223,usda_sr_legacy
18114,"Beef, top loin petite roast/filet, boneless, raw",,Liha ja linnuliha,135,22.8,0,4.9,0,0,1.62,0.143,usda_sr_legacy
16564,"Beef, top loin petite roast/filet, boneless, raw",,Liha ja linnuliha,143,22.6,0,5.8,0,0,2.1,0.15,usda_sr_legacy
18133,"Beef, top loin petite roast/filet, boneless, raw",,Liha ja linnuliha,187,21.1,0.3,11.3,0,0,3.55,0.223,usda_sr_legacy
16582,"Beef, top loin petite roast/filet, boneless, raw",,Liha ja linnuliha,170,21.6,0,9.3,0,0,2.8,0.213,usda_sr_legacy
18113,"Beef, top loin petite roast/filet, boneless, raw",,Liha ja linnuliha,149,22.5,0.2,6.5,0,0,2.42,0.165,usda_sr_legacy
17476,"Beef, top sirloin, steak, cooked, broiled",,Liha ja linnuliha,178,29.4,0,5.8,0,0,2.22,0.153,usda_sr_legacy
13332,"Beef, top sirloin, steak, cooked, broiled",,Liha ja linnuliha,230,27.1,0,12.7,0,0,5,0.143,usda_sr_legacy
16633,"Beef, top sirloin, steak, cooked, broiled",,Liha ja linnuliha,187,29.5,0,6.7,0,0,2.56,0.153,usda_sr_legacy
17466,"Beef, top sirloin, steak, cooked, broiled",,Liha ja linnuliha,170,29.3,0,5,0,0,1.89,0.155,usda_sr_legacy
13238,"Beef, top sirloin, steak, cooked, broiled",,Liha ja linnuliha,219,29,0,10.5,0,0,4.09,0.145,usda_sr_legacy
13237,"Beef, top sirloin, steak, cooked, broiled",,Liha ja linnuliha,212,29.3,0,9.7,0,0,3.75,0.153,usda_sr_legacy
12464,"Beef, top sirloin, steak, cooked, broiled",,Liha ja linnuliha,177,30.8,0,5,0,0,1.92,0.165,usda_sr_legacy
12463,"Beef, top sirloin, steak, cooked, broiled",,Liha ja linnuliha,188,30.3,0,6.6,0,0,2.5,0.158,usda_sr_legacy
12462,"Beef, top sirloin, steak, cooked, broiled",,Liha ja linnuliha,183,30.6,0,5.8,0,0,2.21,0.16,usda_sr_legacy
12461,"Beef, top sirloin, steak, cooked, broiled",,Liha ja linnuliha,206,29.7,0,8.8,0,0,3.42,0.158,usda_sr_legacy
12555,"Beef, top sirloin, steak, cooked, broiled",,Liha ja linnuliha,243,27,0,14.2,0,0,5.6,0.14,usda_sr_legacy
12557,"Beef, top sirloin, steak, cooked, broiled",,Liha ja linnuliha,257,26.8,0,15.8,0,0,6.2,0.135,usda_sr_legacy
13330,"Beef, top sirloin, steak, cooked, pan-fried",,Liha ja linnuliha,313,28.8,0,21.1,0,0,8.18,0.178,usda_sr_legacy
15402,"Beef, top sirloin, steak, raw",,Liha ja linnuliha,127,22.3,0,3.5,0,0,1.31,0.14,usda_sr_legacy
12556,"Beef, top sirloin, steak, raw",,Liha ja linnuliha,214,19.9,0,14.3,0,0,5.76,0.128,usda_sr_legacy
12554,"Beef, top sirloin, steak, raw",,Liha ja linnuliha,201,20.3,0,12.7,0,0,5.13,0.13,usda_sr_legacy
17477,"Beef, top sirloin, steak, raw",,Liha ja linnuliha,131,22.1,0,4.1,0,0,1.51,0.14,usda_sr_legacy
18185,"Beef, top sirloin, steak, raw",,Liha ja linnuliha,135,21.9,0,4.6,0,0,1.71,0.143,usda_sr_legacy
13331,"Beef, top sirloin, steak, raw",,Liha ja linnuliha,189,20.7,0,11.1,0,0,4.49,0.133,usda_sr_legacy
12451,"Beef, variety meats and by-products, brain, cooked, pan-fried",,Liha ja linnuliha,196,12.6,0,15.8,0,,3.74,0.395,usda_sr_legacy
12452,"Beef, variety meats and by-products, brain, cooked, simmered",,Liha ja linnuliha,151,11.7,1.5,10.5,0,0,2.39,0.27,usda_sr_legacy
12450,"Beef, variety meats and by-products, brain, raw",,Liha ja linnuliha,143,10.9,1.1,10.3,0,0,2.3,0.315,usda_sr_legacy
13228,"Beef, variety meats and by-products, heart, cooked, simmered",,Liha ja linnuliha,165,28.5,0.2,4.7,0,0,1.4,0.148,usda_sr_legacy
12453,"Beef, variety meats and by-products, heart, raw",,Liha ja linnuliha,112,17.7,0.1,3.9,0,0,1.38,0.245,usda_sr_legacy
13230,"Beef, variety meats and by-products, kidneys, cooked, simmered",,Liha ja linnuliha,158,27.3,0,4.7,0,0,1.44,0.235,usda_sr_legacy
13229,"Beef, variety meats and by-products, kidneys, raw",,Liha ja linnuliha,99,17.4,0.3,3.1,0,0,0.87,0.455,usda_sr_legacy
12454,"Beef, variety meats and by-products, liver, cooked, braised",,Liha ja linnuliha,191,29.1,5.1,5.3,0,0,2.95,0.198,usda_sr_legacy
12455,"Beef, variety meats and by-products, liver, cooked, pan-fried",,Liha ja linnuliha,175,26.5,5.2,4.7,0,0,2.53,0.193,usda_sr_legacy
13231,"Beef, variety meats and by-products, liver, raw",,Liha ja linnuliha,135,20.4,3.9,3.6,0,0,1.23,0.173,usda_sr_legacy
12457,"Beef, variety meats and by-products, lungs, cooked, braised",,Liha ja linnuliha,120,20.4,0,3.7,0,,1.27,0.253,usda_sr_legacy
12456,"Beef, variety meats and by-products, lungs, raw",,Liha ja linnuliha,92,16.2,0,2.5,0,,0.86,0.495,usda_sr_legacy
12458,"Beef, variety meats and by-products, mechanically separated beef, raw",,Liha ja linnuliha,276,15,0,23.5,0,,11.78,0.143,usda_sr_legacy
13233,"Beef, variety meats and by-products, pancreas, cooked, braised",,Liha ja linnuliha,271,27.1,0,17.2,0,,5.9,0.15,usda_sr_legacy
13232,"Beef, variety meats and by-products, pancreas, raw",,Liha ja linnuliha,235,15.7,0,18.6,0,,6.41,0.168,usda_sr_legacy
14324,"Beef, variety meats and by-products, spleen, cooked, braised",,Liha ja linnuliha,145,25.1,0,4.2,0,,1.39,0.143,usda_sr_legacy
13234,"Beef, variety meats and by-products, spleen, raw",,Liha ja linnuliha,105,18.3,0,3,0,,1,0.213,usda_sr_legacy
13920,"Beef, variety meats and by-products, suet, raw",,Liha ja linnuliha,854,1.5,0,94,0,0,52.3,0.018,usda_sr_legacy
13922,"Beef, variety meats and by-products, thymus, cooked, braised",,Liha ja linnuliha,319,21.9,0,25,0,,8.61,0.29,usda_sr_legacy
13921,"Beef, variety meats and by-products, thymus, raw",,Liha ja linnuliha,236,12.2,0,20.4,0,,7.01,0.24,usda_sr_legacy
14325,"Beef, variety meats and by-products, tongue, cooked, simmered",,Liha ja linnuliha,284,19.3,0,22.3,0,0,8.13,0.163,usda_sr_legacy
13923,"Beef, variety meats and by-products, tongue, raw",,Liha ja linnuliha,224,14.9,3.7,16.1,0,,7,0.173,usda_sr_legacy
18191,"Beef, variety meats and by-products, tripe, cooked, simmered",,Liha ja linnuliha,94,11.7,2,4.1,0,0,1.36,0.17,usda_sr_legacy
14326,"Beef, variety meats and by-products, tripe, raw",,Liha ja linnuliha,85,12.1,0,3.7,0,0,1.29,0.243,usda_sr_legacy
15214,"Beerwurst, beer salami, pork",,Liha ja linnuliha,238,14.2,2.1,18.8,0,,6.28,3.1,usda_sr_legacy
15609,"Beerwurst, beer salami, pork and beef",,Liha ja linnuliha,277,14,3.8,22.5,0.9,0,8.44,2.203,usda_sr_legacy
16476,"Beerwurst, pork and beef",,Liha ja linnuliha,276,14,4.3,22.5,0.9,0,8.44,1.83,usda_sr_legacy
17269,"Bison, ground, grass-fed, cooked",,Liha ja linnuliha,179,25.5,0,8.6,0,0,3.49,0.19,usda_sr_legacy
18709,"Bison, ground, grass-fed, raw",,Liha ja linnuliha,146,20.2,0.1,7.2,0,0,2.92,0.175,usda_sr_legacy
15216,Blood sausage,,Liha ja linnuliha,379,14.6,1.3,34.5,0,1.3,13.4,1.7,usda_sr_legacy
15217,"Bockwurst, pork, veal, raw",,Liha ja linnuliha,301,14,3,25.9,1,1.3,10.26,1.89,usda_sr_legacy
15610,"Bologna, beef",,Liha ja linnuliha,299,10.9,4.3,26.1,0,2.1,10.49,2.533,usda_sr_legacy
15611,"Bologna, beef and pork",,Liha ja linnuliha,308,15.2,5.5,24.6,0,4.4,9.3,2.4,usda_sr_legacy
11575,"Bologna, beef and pork, low fat",,Liha ja linnuliha,230,11.5,2.6,19.3,0,0,7.31,2.77,usda_sr_legacy
11935,"Bologna, beef, low fat",,Liha ja linnuliha,204,11.8,5.2,14.8,0,0,5.46,2.053,usda_sr_legacy
17295,"Bologna, chicken, pork",,Liha ja linnuliha,336,10.3,4.2,30.6,0,0,9.86,3.1,usda_sr_legacy
17294,"Bologna, chicken, pork, beef",,Liha ja linnuliha,272,11.3,5.6,22.7,0,0,7,2.8,usda_sr_legacy
16485,"Bologna, chicken, turkey, pork",,Liha ja linnuliha,298,9.9,5.7,26.2,0,0,7.99,2.305,usda_sr_legacy
15235,"Bologna, meat and poultry",,Liha ja linnuliha,281,10.3,6.3,23.8,0,2,7.39,3.448,usda_sr_legacy
17278,"Bologna, pork",,Liha ja linnuliha,247,15.3,0.7,19.9,0,0,6.84,2.268,usda_sr_legacy
18031,"Bologna, pork and turkey, lite",,Liha ja linnuliha,211,13.1,3.5,16.1,0,0,5.46,1.79,usda_sr_legacy
18032,"Bologna, pork, turkey and beef",,Liha ja linnuliha,336,11.6,6.7,29.3,0,1.4,11.7,2.638,usda_sr_legacy
17279,"Bologna, turkey",,Liha ja linnuliha,209,11.4,4.7,16.1,0.5,2.9,4.36,2.678,usda_sr_legacy
16471,"Bratwurst, beef and pork, smoked",,Liha ja linnuliha,297,12.2,2,26.3,0,0,6.08,2.12,usda_sr_legacy
16472,"Bratwurst, chicken, cooked",,Liha ja linnuliha,176,19.4,0,10.4,0,0,,0.18,usda_sr_legacy
16473,"Bratwurst, pork, beef and turkey, lite, smoked",,Liha ja linnuliha,186,14.5,1.6,13.5,0,1.6,,2.455,usda_sr_legacy
15220,"Bratwurst, pork, beef, link",,Liha ja linnuliha,323,14.3,3,27.8,0,3,9.93,2.78,usda_sr_legacy
15218,"Bratwurst, pork, cooked",,Liha ja linnuliha,333,13.7,2.9,29.2,0,0,10,2.115,usda_sr_legacy
18017,"Bratwurst, veal, cooked",,Liha ja linnuliha,341,14,0,31.7,0,0,14.94,0.15,usda_sr_legacy
15219,"Braunschweiger (a liver sausage), pork",,Liha ja linnuliha,327,14.5,3.1,28.5,0,0,9.31,2.443,usda_sr_legacy
17056,"Canada Goose, breast meat only, skinless, raw",,Liha ja linnuliha,133,24.3,0,4,0,0,0.61,0.125,usda_sr_legacy
12211,"Canadian bacon, cooked, pan-fried",,Liha ja linnuliha,146,28.3,1.8,2.8,0,1.2,1.04,2.483,usda_sr_legacy
11750,"Canadian bacon, unprepared",,Liha ja linnuliha,110,20.3,1.3,2.6,0,0.9,0.9,1.878,usda_sr_legacy
15221,"Cheesefurter, cheese smokie, pork, beef",,Liha ja linnuliha,328,14.1,1.5,29,0,1.5,10.47,2.705,usda_sr_legacy
15068,"Chicken, back, meat and skin, cooked, fried",,Liha ja linnuliha,331,22,10.3,21.9,0,,5.83,0.793,usda_sr_legacy
15069,"Chicken, back, meat and skin, cooked, fried",,Liha ja linnuliha,331,27.8,6.5,20.7,0,,5.61,0.225,usda_sr_legacy
14735,"Chicken, back, meat and skin, cooked, roasted",,Liha ja linnuliha,300,26,0,21,0,0,5.82,0.218,usda_sr_legacy
14736,"Chicken, back, meat and skin, cooked, stewed",,Liha ja linnuliha,258,22.2,0,18.1,0,0,5.02,0.16,usda_sr_legacy
15067,"Chicken, back, meat and skin, raw",,Liha ja linnuliha,319,14.1,0,28.7,0,0,8.34,0.16,usda_sr_legacy
14738,"Chicken, back, meat only, cooked, fried",,Liha ja linnuliha,288,30,5.7,15.3,0,,4.12,0.248,usda_sr_legacy
15070,"Chicken, back, meat only, cooked, roasted",,Liha ja linnuliha,239,28.2,0,13.2,0,0,3.6,0.24,usda_sr_legacy
15071,"Chicken, back, meat only, cooked, stewed",,Liha ja linnuliha,209,25.3,0,11.2,0,0,3.04,0.168,usda_sr_legacy
14737,"Chicken, back, meat only, raw",,Liha ja linnuliha,137,19.6,0,5.9,0,0,1.52,0.205,usda_sr_legacy
2034,Chicken breast,,Liha ja linnuliha,165,31,0,3.6,0,0,,,
17296,"Chicken breast, deli, rotisserie seasoned, sliced, prepackaged",,Liha ja linnuliha,98,17.4,2.9,1.9,0,0.8,0.56,2.58,usda_sr_legacy
16477,"Chicken breast, fat-free, mesquite flavor, sliced",,Liha ja linnuliha,80,16.8,2.3,0.4,0,0.2,0.13,2.6,usda_sr_legacy
15073,"Chicken, breast, meat and skin, cooked, fried",,Liha ja linnuliha,260,24.8,9,13.2,0.3,0,3.52,0.688,usda_sr_legacy
15074,"Chicken, breast, meat and skin, cooked, fried",,Liha ja linnuliha,222,31.8,1.6,8.9,0.1,,2.45,0.19,usda_sr_legacy
14739,"Chicken, breast, meat and skin, cooked, roasted",,Liha ja linnuliha,197,29.8,0,7.8,0,0,2.19,0.178,usda_sr_legacy
14740,"Chicken, breast, meat and skin, cooked, stewed",,Liha ja linnuliha,184,27.4,0,7.4,0,0,2.08,0.155,usda_sr_legacy
15072,"Chicken, breast, meat and skin, raw",,Liha ja linnuliha,172,20.9,0,9.3,0,0,2.66,0.158,usda_sr_legacy
14742,"Chicken, breast, meat only, cooked, fried",,Liha ja linnuliha,187,33.4,0.5,4.7,0,0,1.29,0.198,usda_sr_legacy
15075,"Chicken, breast, meat only, cooked, roasted",,Liha ja linnuliha,165,31,0,3.6,0,0,1.01,0.185,usda_sr_legacy
15076,"Chicken, breast, meat only, cooked, stewed",,Liha ja linnuliha,151,29,0,3,0,0,0.85,0.158,usda_sr_legacy
16478,"Chicken breast, oven-roasted, fat-free, sliced",,Liha ja linnuliha,79,16.8,2.2,0.4,0,0.1,0.13,2.718,usda_sr_legacy
18030,"Chicken breast, roll, oven-roasted",,Liha ja linnuliha,134,14.6,1.8,7.7,0,0.4,2.48,2.208,usda_sr_legacy
15107,"Chicken, breast, skinless, boneless, meat only",,Liha ja linnuliha,108,20.3,0,3,0,0,0.55,0.433,usda_sr_legacy
15112,"Chicken breast tenders, breaded, cooked, microwaved",,Liha ja linnuliha,252,16.4,17.6,12.9,0,0,3.2,1.115,usda_sr_legacy
15113,"Chicken breast tenders, breaded, uncooked",,Liha ja linnuliha,263,14.7,15,15.8,1.1,0.4,3.26,1.34,usda_sr_legacy
15132,"Chicken, broiler or fryers, breast, skinless, boneless",,Liha ja linnuliha,151,30.5,0,3.2,0,0,0.99,0.13,usda_sr_legacy
15134,"Chicken, broiler or fryers, breast, skinless, boneless",,Liha ja linnuliha,148,29.5,0,3.4,0,0,1.01,0.538,usda_sr_legacy
15133,"Chicken, broiler or fryers, breast, skinless, boneless",,Liha ja linnuliha,145,28.2,0,3.6,0,0,1.19,0.43,usda_sr_legacy
14741,"Chicken, broiler or fryers, breast, skinless, boneless",,Liha ja linnuliha,120,22.5,0,2.6,0,0,0.56,0.113,usda_sr_legacy
14804,"Chicken, broiler or fryers, breast, skinless, boneless",,Liha ja linnuliha,157,32.1,0,3.2,0,0,1.01,0.118,usda_sr_legacy
14788,"Chicken, broiler, rotisserie, BBQ, back",,Liha ja linnuliha,251,20.3,0.4,18.9,0,0.4,4.95,1.273,usda_sr_legacy
17928,"Chicken, broiler, rotisserie, BBQ, back meat only",,Liha ja linnuliha,212,21.9,0.3,13.9,0,0.3,3.61,1.408,usda_sr_legacy
15043,"Chicken, broiler, rotisserie, BBQ, breast",,Liha ja linnuliha,144,28,0,3.6,0,0,0.86,0.82,usda_sr_legacy
14789,"Chicken, broiler, rotisserie, BBQ, breast",,Liha ja linnuliha,175,26.4,0.1,7.7,0,0.1,1.96,0.823,usda_sr_legacy
14790,"Chicken, broiler, rotisserie, BBQ, drumstick",,Liha ja linnuliha,206,25.7,0.1,11.5,0,0.1,2.86,0.98,usda_sr_legacy
14778,"Chicken, broiler, rotisserie, BBQ, drumstick",,Liha ja linnuliha,172,27.7,0,6.8,0,0,1.57,1.008,usda_sr_legacy
15122,"Chicken, broiler, rotisserie, BBQ, skin",,Liha ja linnuliha,378,15.2,0.7,35.2,0,0.7,9.33,0.838,usda_sr_legacy
14782,"Chicken, broiler, rotisserie, BBQ, thigh",,Liha ja linnuliha,193,24.1,0,10.7,0,0,2.78,0.838,usda_sr_legacy
14791,"Chicken, broiler, rotisserie, BBQ, thigh",,Liha ja linnuliha,226,22.5,0.1,15.1,0,0.1,3.93,0.838,usda_sr_legacy
16345,"Chicken, broiler, rotisserie, BBQ, wing",,Liha ja linnuliha,257,23.4,0.6,18,0,0.6,4.63,1.448,usda_sr_legacy
15114,"Chicken, broiler, rotisserie, BBQ, wing",,Liha ja linnuliha,186,28.3,0.5,7.8,0,0.5,2.13,1.813,usda_sr_legacy
14763,"Chicken, canned, meat only, with broth",,Liha ja linnuliha,165,21.8,0,8,0,0,2.2,1.258,usda_sr_legacy
14774,"Chicken, canned, no broth",,Liha ja linnuliha,185,25.3,0.9,8.1,0,0,2.25,1.205,usda_sr_legacy
17888,"Chicken, capons, giblets, cooked, simmered",,Liha ja linnuliha,164,26.4,0.8,5.4,0,,1.77,0.138,usda_sr_legacy
17887,"Chicken, capons, giblets, raw",,Liha ja linnuliha,130,18.3,1.4,5.2,0,,1.64,0.193,usda_sr_legacy
15922,"Chicken, capons, meat and skin and giblets and neck, cooked, roasted",,Liha ja linnuliha,226,28.4,0,11.7,0,,3.28,0.125,usda_sr_legacy
15921,"Chicken, capons, meat and skin and giblets and neck, raw",,Liha ja linnuliha,232,18.5,0.1,16.9,0,,4.89,0.118,usda_sr_legacy
17068,"Chicken, capons, meat and skin, cooked, roasted",,Liha ja linnuliha,229,29,0,11.7,0,,3.26,0.123,usda_sr_legacy
17067,"Chicken, capons, meat and skin, raw",,Liha ja linnuliha,234,18.8,0,17.1,0,0,4.95,0.113,usda_sr_legacy
14771,"Chicken, cornish game hens, meat and skin, cooked, roasted",,Liha ja linnuliha,259,22.3,0,18.2,0,0,5.05,0.16,usda_sr_legacy
15105,"Chicken, cornish game hens, meat and skin, raw",,Liha ja linnuliha,200,17.2,0,14,0,0,3.89,0.153,usda_sr_legacy
14773,"Chicken, cornish game hens, meat only, cooked, roasted",,Liha ja linnuliha,134,23.3,0,3.9,0,0,0.99,0.158,usda_sr_legacy
14772,"Chicken, cornish game hens, meat only, raw",,Liha ja linnuliha,116,20,0,3.3,0,0,0.85,0.17,usda_sr_legacy
17919,"Chicken, dark meat, drumstick, meat and skin, cooked",,Liha ja linnuliha,187,22.7,0,10.7,0,0,2.94,0.278,usda_sr_legacy
16375,"Chicken, dark meat, drumstick, meat and skin, with added solution",,Liha ja linnuliha,146,18,0,8.2,0,0,2.33,0.375,usda_sr_legacy
17926,"Chicken, dark meat, drumstick, meat and skin, with added solution",,Liha ja linnuliha,183,21.6,0.1,10.7,0,0,2.92,0.413,usda_sr_legacy
16376,"Chicken, dark meat, drumstick, meat and skin, with added solution",,Liha ja linnuliha,180,24.7,0.1,9,0,0,2.66,0.465,usda_sr_legacy
15891,"Chicken, dark meat, drumstick, meat only, cooked",,Liha ja linnuliha,155,24.2,0,5.7,0,0,1.51,0.32,usda_sr_legacy
16367,"Chicken, dark meat, drumstick, meat only, cooked",,Liha ja linnuliha,149,23.9,0,6,0,0,1.6,0.293,usda_sr_legacy
17036,"Chicken, dark meat, drumstick, meat only, raw",,Liha ja linnuliha,116,19.4,0,3.7,0,0,0.95,0.285,usda_sr_legacy
17921,"Chicken, dark meat, drumstick, meat only, with added solution",,Liha ja linnuliha,106,19.2,0,3.3,0,0,0.95,0.38,usda_sr_legacy
16371,"Chicken, dark meat, drumstick, meat only, with added solution",,Liha ja linnuliha,146,25.3,0,5,0,0,1.44,0.475,usda_sr_legacy
16372,"Chicken, dark meat, drumstick, meat only, with added solution",,Liha ja linnuliha,149,23,0,6.3,0,0,1.73,0.423,usda_sr_legacy
14727,"Chicken, dark meat, meat and skin, cooked, fried",,Liha ja linnuliha,298,21.9,9.4,18.6,0,,4.95,0.738,usda_sr_legacy
14728,"Chicken, dark meat, meat and skin, cooked, fried",,Liha ja linnuliha,285,27.2,4.1,16.9,0,0,4.58,0.223,usda_sr_legacy
14729,"Chicken, dark meat, meat and skin, cooked, roasted",,Liha ja linnuliha,253,26,0,15.8,0,,4.37,0.218,usda_sr_legacy
14730,"Chicken, dark meat, meat and skin, cooked, stewed",,Liha ja linnuliha,233,23.5,0,14.7,0,,4.06,0.175,usda_sr_legacy
15061,"Chicken, dark meat, meat and skin, raw",,Liha ja linnuliha,237,16.7,0,18.3,0,0,5.26,0.183,usda_sr_legacy
14732,"Chicken, dark meat, meat only, cooked, fried",,Liha ja linnuliha,239,29,2.6,11.6,0,,3.12,0.243,usda_sr_legacy
14733,"Chicken, dark meat, meat only, cooked, roasted",,Liha ja linnuliha,205,27.4,0,9.7,0,0,2.66,0.233,usda_sr_legacy
14734,"Chicken, dark meat, meat only, cooked, stewed",,Liha ja linnuliha,192,26,0,9,0,0,2.45,0.185,usda_sr_legacy
14731,"Chicken, dark meat, meat only, raw",,Liha ja linnuliha,125,20.1,0,4.3,0,0,1.1,0.213,usda_sr_legacy
17920,"Chicken, dark meat, thigh, meat and skin, cooked",,Liha ja linnuliha,229,22.6,0,15.4,0,0,4.25,0.19,usda_sr_legacy
17927,"Chicken, dark meat, thigh, meat and skin, with added solution",,Liha ja linnuliha,214,23.5,0.1,13.8,0,0,4.15,0.435,usda_sr_legacy
16377,"Chicken, dark meat, thigh, meat and skin, with added solution",,Liha ja linnuliha,215,20.7,0.2,14.6,0,0,3.88,0.463,usda_sr_legacy
16378,"Chicken, dark meat, thigh, meat and skin, with added solution",,Liha ja linnuliha,197,16.6,0,14.6,0,0,3.98,0.378,usda_sr_legacy
16368,"Chicken, dark meat, thigh, meat only, cooked",,Liha ja linnuliha,176,24.6,0,8.6,0,0,2.35,0.193,usda_sr_legacy
17049,"Chicken, dark meat, thigh, meat only, raw",,Liha ja linnuliha,121,19.7,0,4.1,0,0,1.1,0.238,usda_sr_legacy
17922,"Chicken, dark meat, thigh, meat only, with added solution",,Liha ja linnuliha,164,24.2,0,7.7,0,0,2.41,0.443,usda_sr_legacy
16373,"Chicken, dark meat, thigh, meat only, with added solution",,Liha ja linnuliha,164,23,0,8,0,0,2.04,0.493,usda_sr_legacy
16374,"Chicken, dark meat, thigh, meat only, with added solution",,Liha ja linnuliha,110,19.1,0,3.7,0,0,0.9,0.39,usda_sr_legacy
17033,"Chicken, drumstick, meat and skin, cooked, fried",,Liha ja linnuliha,245,27,1.6,13.7,0.1,,3.66,0.223,usda_sr_legacy
15889,"Chicken, drumstick, meat and skin, cooked, fried",,Liha ja linnuliha,268,22,8.3,15.8,0.3,,4.14,0.673,usda_sr_legacy
17034,"Chicken, drumstick, meat and skin, cooked, roasted",,Liha ja linnuliha,191,23.4,0,10.2,0,0,2.74,0.308,usda_sr_legacy
17035,"Chicken, drumstick, meat and skin, cooked, stewed",,Liha ja linnuliha,204,25.3,0,10.6,0,0,2.91,0.19,usda_sr_legacy
15888,"Chicken, drumstick, meat and skin, raw",,Liha ja linnuliha,161,18.1,0.1,9.2,0,0,2.46,0.265,usda_sr_legacy
15890,"Chicken, drumstick, meat only, cooked, fried",,Liha ja linnuliha,195,28.6,0,8.1,0,,2.13,0.24,usda_sr_legacy
15892,"Chicken, drumstick, meat only, cooked, stewed",,Liha ja linnuliha,169,27.5,0,5.7,0,0,1.51,0.2,usda_sr_legacy
15117,"Chicken, drumstick, rotisserie, original seasoning, meat only",,Liha ja linnuliha,176,28.7,0,6.8,0,0,1.59,1.043,usda_sr_legacy
14783,"Chicken, feet, boiled",,Liha ja linnuliha,215,19.4,0.2,14.6,0,0,3.92,0.168,usda_sr_legacy
14722,"Chicken, giblets, cooked, fried",,Liha ja linnuliha,277,32.5,4.4,13.5,0,,3.8,0.283,usda_sr_legacy
15053,"Chicken, giblets, cooked, simmered",,Liha ja linnuliha,157,27.2,0,4.5,0,0,1.32,0.168,usda_sr_legacy
14721,"Chicken, giblets, raw",,Liha ja linnuliha,124,17.9,1.8,4.5,0,,1.36,0.193,usda_sr_legacy
15055,"Chicken, gizzard, all classes, cooked, simmered",,Liha ja linnuliha,154,30.4,0,2.7,0,0,0.67,0.14,usda_sr_legacy
15054,"Chicken, gizzard, all classes, raw",,Liha ja linnuliha,94,17.7,0,2.1,0,0,0.53,0.173,usda_sr_legacy
14781,"Chicken, ground, crumbles, cooked, pan-browned",,Liha ja linnuliha,189,23.3,0,10.9,0,0,3.11,0.188,usda_sr_legacy
14780,"Chicken, ground, raw",,Liha ja linnuliha,143,17.4,0,8.1,0,0,2.3,0.15,usda_sr_legacy
14723,"Chicken, heart, all classes, cooked, simmered",,Liha ja linnuliha,185,26.4,0.1,7.9,0,,2.26,0.12,usda_sr_legacy
15056,"Chicken, heart, all classes, raw",,Liha ja linnuliha,153,15.6,0.7,9.3,0,,2.66,0.185,usda_sr_legacy
2035,Chicken leg,,Liha ja linnuliha,215,18.5,0,15.5,0,0,,,
17038,"Chicken, leg, meat and skin, cooked, fried",,Liha ja linnuliha,254,26.8,2.5,14.4,0.1,,3.9,0.22,usda_sr_legacy
17037,"Chicken, leg, meat and skin, cooked, fried",,Liha ja linnuliha,273,21.8,8.7,16.2,0.3,,4.28,0.698,usda_sr_legacy
17039,"Chicken, leg, meat and skin, cooked, roasted",,Liha ja linnuliha,184,24,0,9,0,0,2.45,0.245,usda_sr_legacy
17040,"Chicken, leg, meat and skin, cooked, stewed",,Liha ja linnuliha,220,24.2,0,12.9,0,0,3.57,0.183,usda_sr_legacy
15893,"Chicken, leg, meat and skin, raw",,Liha ja linnuliha,214,16.4,0.2,16,0,0,4.37,0.21,usda_sr_legacy
15894,"Chicken, leg, meat only, cooked, fried",,Liha ja linnuliha,208,28.4,0.7,9.3,0,,2.49,0.24,usda_sr_legacy
15895,"Chicken, leg, meat only, cooked, roasted",,Liha ja linnuliha,174,24.2,0,7.8,0,0,2.11,0.248,usda_sr_legacy
15896,"Chicken, leg, meat only, cooked, stewed",,Liha ja linnuliha,185,26.3,0,8.1,0,0,2.2,0.195,usda_sr_legacy
17041,"Chicken, leg, meat only, raw",,Liha ja linnuliha,120,19.2,0,4.2,0,0,1.05,0.24,usda_sr_legacy
15058,"Chicken, light meat, meat and skin, cooked, fried",,Liha ja linnuliha,246,30.5,1.8,12.1,0.1,0,3.32,0.193,usda_sr_legacy
15057,"Chicken, light meat, meat and skin, cooked, fried",,Liha ja linnuliha,277,23.6,9.5,15.4,0,,4.12,0.718,usda_sr_legacy
15059,"Chicken, light meat, meat and skin, cooked, roasted",,Liha ja linnuliha,222,29,0,10.9,0,,3.05,0.188,usda_sr_legacy
15060,"Chicken, light meat, meat and skin, cooked, stewed",,Liha ja linnuliha,201,26.1,0,10,0,,2.8,0.158,usda_sr_legacy
14726,"Chicken, light meat, meat and skin, raw",,Liha ja linnuliha,186,20.3,0,11.1,0,0,3.16,0.163,usda_sr_legacy
15063,"Chicken, light meat, meat only, cooked, fried",,Liha ja linnuliha,192,32.8,0.4,5.5,0,,1.52,0.203,usda_sr_legacy
15064,"Chicken, light meat, meat only, cooked, roasted",,Liha ja linnuliha,173,30.9,0,4.5,0,0,1.27,0.193,usda_sr_legacy
15065,"Chicken, light meat, meat only, cooked, stewed",,Liha ja linnuliha,159,28.9,0,4,0,0,1.12,0.163,usda_sr_legacy
15062,"Chicken, light meat, meat only, raw",,Liha ja linnuliha,114,23.2,0,1.7,0,0,0.44,0.17,usda_sr_legacy
17913,"Chicken, liver, all classes, cooked, pan-fried",,Liha ja linnuliha,172,25.8,1.1,6.4,0,0,2.03,0.23,usda_sr_legacy
14725,"Chicken, liver, all classes, cooked, simmered",,Liha ja linnuliha,167,24.5,0.9,6.5,0,0,2.06,0.19,usda_sr_legacy
14724,"Chicken, liver, all classes, raw",,Liha ja linnuliha,119,16.9,0.7,4.8,0,0,1.56,0.178,usda_sr_legacy
14712,"Chicken, meat and skin and giblets and neck, cooked, fried, batter",,Liha ja linnuliha,291,22.8,9,17.5,0,,4.67,0.71,usda_sr_legacy
14713,"Chicken, meat and skin and giblets and neck, cooked, fried, flour",,Liha ja linnuliha,272,28.6,3.3,15.3,0,,4.16,0.215,usda_sr_legacy
14711,"Chicken, meat and skin and giblets and neck, raw",,Liha ja linnuliha,213,18.3,0.1,14.8,0,,4.24,0.175,usda_sr_legacy
14714,"Chicken, meat and skin and giblets and neck, roasted",,Liha ja linnuliha,234,26.8,0.1,13.3,0,0,3.7,0.198,usda_sr_legacy
15044,"Chicken, meat and skin and giblets and neck, stewed",,Liha ja linnuliha,216,24.5,0.1,12.4,0,,3.45,0.165,usda_sr_legacy
15046,"Chicken, meat and skin, cooked, fried, batter",,Liha ja linnuliha,289,22.5,9.4,17.4,0.3,0,4.61,0.73,usda_sr_legacy
15047,"Chicken, meat and skin, cooked, fried, flour",,Liha ja linnuliha,269,28.6,3.2,14.9,0.1,0,4.06,0.21,usda_sr_legacy
15048,"Chicken, meat and skin, cooked, roasted",,Liha ja linnuliha,239,27.3,0,13.6,0,0,3.79,0.205,usda_sr_legacy
14715,"Chicken, meat and skin, cooked, stewed",,Liha ja linnuliha,219,24.7,0,12.6,0,0,3.5,0.168,usda_sr_legacy
15045,"Chicken, meat and skin, raw",,Liha ja linnuliha,215,18.6,0,15.1,0,0,4.31,0.175,usda_sr_legacy
14717,"Chicken, meat only, cooked, fried",,Liha ja linnuliha,219,30.6,1.7,9.1,0.1,0,2.46,0.228,usda_sr_legacy
14718,"Chicken, meat only, cooked, roasted",,Liha ja linnuliha,190,28.9,0,7.4,0,0,2.04,0.215,usda_sr_legacy
15049,"Chicken, meat only, cooked, stewed",,Liha ja linnuliha,177,27.3,0,6.7,0,0,1.84,0.175,usda_sr_legacy
14716,"Chicken, meat only, raw",,Liha ja linnuliha,119,21.4,0,3.1,0,0,0.79,0.193,usda_sr_legacy
17043,"Chicken, neck, meat and skin, cooked, fried",,Liha ja linnuliha,332,24,4.2,23.6,0,,6.32,0.205,usda_sr_legacy
17042,"Chicken, neck, meat and skin, cooked, fried",,Liha ja linnuliha,330,19.8,8.7,23.5,0,,6.22,0.69,usda_sr_legacy
17044,"Chicken, neck, meat and skin, cooked simmered",,Liha ja linnuliha,247,19.6,0,18.1,0,0,5,0.13,usda_sr_legacy
15897,"Chicken, neck, meat and skin, raw",,Liha ja linnuliha,297,14.1,0,26.2,0,,7.27,0.16,usda_sr_legacy
15898,"Chicken, neck, meat only, cooked, fried",,Liha ja linnuliha,229,26.9,1.8,11.9,0,,3,0.248,usda_sr_legacy
15899,"Chicken, neck, meat only, cooked, simmered",,Liha ja linnuliha,179,24.6,0,8.2,0,,2.1,0.16,usda_sr_legacy
17045,"Chicken, neck, meat only, raw",,Liha ja linnuliha,154,17.6,0,8.8,0,,2.25,0.203,usda_sr_legacy
15111,"Chicken patty, frozen, cooked",,Liha ja linnuliha,287,14.9,12.8,19.6,0.3,0,3.66,1.33,usda_sr_legacy
15110,"Chicken patty, frozen, uncooked",,Liha ja linnuliha,292,14.3,13.6,20,1.2,0,4.01,1.295,usda_sr_legacy
17061,"Chicken, roasting, dark meat, meat only, cooked",,Liha ja linnuliha,178,23.3,0,8.8,0,,2.43,0.238,usda_sr_legacy
17060,"Chicken, roasting, dark meat, meat only, raw",,Liha ja linnuliha,113,18.7,0,3.6,0,0,0.93,0.238,usda_sr_legacy
15912,"Chicken, roasting, giblets, cooked, simmered",,Liha ja linnuliha,165,26.8,0.9,5.2,0,,1.64,0.15,usda_sr_legacy
15911,"Chicken, roasting, giblets, raw",,Liha ja linnuliha,127,18.1,1.1,5,0,,1.54,0.193,usda_sr_legacy
17059,"Chicken, roasting, light meat, meat only, cooked",,Liha ja linnuliha,153,27.1,0,4.1,0,0,1.08,0.128,usda_sr_legacy
15913,"Chicken, roasting, light meat, meat only, raw",,Liha ja linnuliha,109,22.2,0,1.6,0,0,0.37,0.128,usda_sr_legacy
17055,"Chicken, roasting, meat and skin and giblets and neck, cooked, roasted",,Liha ja linnuliha,220,24,0.1,13.1,0,,3.66,0.178,usda_sr_legacy
15909,"Chicken, roasting, meat and skin and giblets and neck, raw",,Liha ja linnuliha,213,17.1,0.1,15.5,0,,4.41,0.173,usda_sr_legacy
17057,"Chicken, roasting, meat and skin, cooked, roasted",,Liha ja linnuliha,223,24,0,13.4,0,,3.74,0.183,usda_sr_legacy
15910,"Chicken, roasting, meat only, cooked, roasted",,Liha ja linnuliha,167,25,0,6.6,0,,1.81,0.188,usda_sr_legacy
17058,"Chicken, roasting, meat only, raw",,Liha ja linnuliha,111,20.3,0,2.7,0,0,0.67,0.188,usda_sr_legacy
14786,"Chicken, rotisserie, original seasoning, back, meat and skin",,Liha ja linnuliha,260,23.2,0,18.6,0,0,4.92,1.46,usda_sr_legacy
15115,"Chicken, rotisserie, original seasoning, back, meat only",,Liha ja linnuliha,205,25.3,0,11.5,0,0,3.01,1.653,usda_sr_legacy
14787,"Chicken, rotisserie, original seasoning, breast, meat and skin",,Liha ja linnuliha,184,27.5,0,8.2,0,0,2.11,0.868,usda_sr_legacy
15116,"Chicken, rotisserie, original seasoning, breast, meat only",,Liha ja linnuliha,137,28,0,2.8,0,0,0.78,0.783,usda_sr_legacy
15119,"Chicken, rotisserie, original seasoning, drumstick, meat and skin",,Liha ja linnuliha,215,26.9,0,12,0,0,3.02,1.028,usda_sr_legacy
15118,"Chicken, rotisserie, original seasoning, skin only, cooked",,Liha ja linnuliha,406,17.7,0.1,37.2,0,0.1,9.99,0.953,usda_sr_legacy
15120,"Chicken, rotisserie, original seasoning, thigh, meat and skin",,Liha ja linnuliha,233,22.9,0,15.7,0,0,4.12,0.863,usda_sr_legacy
14784,"Chicken, rotisserie, original seasoning, thigh, meat only",,Liha ja linnuliha,196,24.1,0,11.1,0,0,2.87,0.843,usda_sr_legacy
15121,"Chicken, rotisserie, original seasoning, wing, meat and skin",,Liha ja linnuliha,266,24.3,0,18.8,0,0,4.81,1.525,usda_sr_legacy
14785,"Chicken, rotisserie, original seasoning, wing, meat only",,Liha ja linnuliha,197,27.7,0,9.5,0,0,2.22,1.813,usda_sr_legacy
15066,"Chicken, separable fat, raw",,Liha ja linnuliha,629,3.7,0,68,0,0,20.25,0.08,usda_sr_legacy
2039,Chicken skin,,Liha ja linnuliha,450,11,0,45,0,0,,,
16369,"Chicken, skin (drumsticks and thighs), cooked, braised",,Liha ja linnuliha,443,14.6,0,42.8,0,0,11.91,0.188,usda_sr_legacy
17918,"Chicken, skin (drumsticks and thighs), cooked, roasted",,Liha ja linnuliha,462,16.6,0,44,0,0,12.15,0.213,usda_sr_legacy
16370,"Chicken, skin (drumsticks and thighs), raw",,Liha ja linnuliha,440,9.6,0.8,44.2,0,0,12.1,0.128,usda_sr_legacy
17923,"Chicken, skin (drumsticks and thighs), with added solution, cooked, braised",,Liha ja linnuliha,403,12.3,1,38.9,0,0,10.61,0.348,usda_sr_legacy
17925,"Chicken, skin (drumsticks and thighs), with added solution, cooked, roasted",,Liha ja linnuliha,421,20.3,0.4,37.6,0,0,11,0.405,usda_sr_legacy
17924,"Chicken, skin (drumsticks and thighs), with added solution, raw",,Liha ja linnuliha,386,11.1,0,37.9,0,0,10.57,0.348,usda_sr_legacy
15051,"Chicken, skin only, cooked, fried, batter",,Liha ja linnuliha,394,10.3,23.2,28.8,0,,7.61,1.453,usda_sr_legacy
15052,"Chicken, skin only, cooked, fried, flour",,Liha ja linnuliha,502,19.1,9.3,42.6,0,,11.67,0.133,usda_sr_legacy
14719,"Chicken, skin only, cooked, roasted",,Liha ja linnuliha,454,20.4,0,40.7,0,0,11.42,0.163,usda_sr_legacy
14720,"Chicken, skin only, cooked, stewed",,Liha ja linnuliha,363,15.2,0,33,0,,9.28,0.14,usda_sr_legacy
15050,"Chicken, skin only, raw",,Liha ja linnuliha,349,13.3,0,32.4,0,0,9.08,0.158,usda_sr_legacy
17280,Chicken spread,,Liha ja linnuliha,158,18,4.1,17.6,0.3,0.5,3.23,1.805,usda_sr_legacy
15920,"Chicken, stewing, dark meat, meat only, cooked",,Liha ja linnuliha,258,28.1,0,15.3,0,,4.07,0.238,usda_sr_legacy
15919,"Chicken, stewing, dark meat, meat only, raw",,Liha ja linnuliha,157,19.7,0,8.1,0,0,2.08,0.253,usda_sr_legacy
17064,"Chicken, stewing, giblets, cooked, simmered",,Liha ja linnuliha,194,25.7,0.1,9.3,0,,2.66,0.14,usda_sr_legacy
17063,"Chicken, stewing, giblets, raw",,Liha ja linnuliha,168,17.9,2.1,9.2,0,,2.63,0.193,usda_sr_legacy
17066,"Chicken, stewing, light meat, meat only, cooked",,Liha ja linnuliha,213,33,0,8,0,,1.98,0.145,usda_sr_legacy
17065,"Chicken, stewing, light meat, meat only, raw",,Liha ja linnuliha,137,23.1,0,4.2,0,0,0.97,0.133,usda_sr_legacy
15914,"Chicken, stewing, meat and skin, and giblets and neck, cooked",,Liha ja linnuliha,214,24.9,0,11.9,0,0,3.32,0.168,usda_sr_legacy
17062,"Chicken, stewing, meat and skin, and giblets and neck, raw",,Liha ja linnuliha,251,17.5,0.2,19.5,0,,5.48,0.178,usda_sr_legacy
15916,"Chicken, stewing, meat and skin, cooked, stewed",,Liha ja linnuliha,285,26.9,0,18.9,0,,5.11,0.183,usda_sr_legacy
15915,"Chicken, stewing, meat and skin, raw",,Liha ja linnuliha,258,17.6,0,20.3,0,0,5.71,0.178,usda_sr_legacy
15918,"Chicken, stewing, meat only, cooked, stewed",,Liha ja linnuliha,237,30.4,0,11.9,0,0,3.1,0.195,usda_sr_legacy
15917,"Chicken, stewing, meat only, raw",,Liha ja linnuliha,148,21.3,0,6.3,0,0,1.57,0.198,usda_sr_legacy
17046,"Chicken, thigh, meat and skin, cooked, fried",,Liha ja linnuliha,262,26.8,3.2,15,0.1,,4.09,0.22,usda_sr_legacy
15901,"Chicken, thigh, meat and skin, cooked, fried",,Liha ja linnuliha,277,21.6,9.1,16.5,0.3,,4.41,0.72,usda_sr_legacy
17047,"Chicken, thigh, meat and skin, cooked, roasted",,Liha ja linnuliha,232,23.3,0,14.7,0,0,4.11,0.255,usda_sr_legacy
17048,"Chicken, thigh, meat and skin, cooked, stewed",,Liha ja linnuliha,232,23.3,0,14.7,0,0,4.11,0.178,usda_sr_legacy
15900,"Chicken, thigh, meat and skin, raw",,Liha ja linnuliha,221,16.5,0.3,16.6,0,0,4.52,0.203,usda_sr_legacy
15902,"Chicken, thigh, meat only, cooked, fried",,Liha ja linnuliha,218,28.2,1.2,10.3,0,,2.78,0.238,usda_sr_legacy
15903,"Chicken, thigh, meat only, cooked, roasted",,Liha ja linnuliha,179,24.8,0,8.2,0,0,2.31,0.265,usda_sr_legacy
15904,"Chicken, thigh, meat only, cooked, stewed",,Liha ja linnuliha,195,25,0,9.8,0,0,2.71,0.188,usda_sr_legacy
2036,Chicken wing,,Liha ja linnuliha,203,18,0,14,0,0,,,
14775,"Chicken, wing, frozen, glazed, barbecue flavored",,Liha ja linnuliha,211,19.7,3.3,12.7,0.6,2,3.32,1.538,usda_sr_legacy
14779,"Chicken, wing, frozen, glazed, barbecue flavored",,Liha ja linnuliha,242,22.2,3.4,14.9,0.5,1.9,3.97,1.398,usda_sr_legacy
15106,"Chicken, wing, frozen, glazed, barbecue flavored",,Liha ja linnuliha,248,25.3,3.8,13.9,0.9,2.1,3.66,2.093,usda_sr_legacy
17051,"Chicken, wing, meat and skin, cooked, fried",,Liha ja linnuliha,321,26.1,2.4,22.2,0.1,,6.06,0.193,usda_sr_legacy
17050,"Chicken, wing, meat and skin, cooked, fried",,Liha ja linnuliha,324,19.9,10.9,21.8,0.3,,5.83,0.8,usda_sr_legacy
17052,"Chicken, wing, meat and skin, cooked, roasted",,Liha ja linnuliha,254,23.8,0,16.9,0,0,4.98,0.245,usda_sr_legacy
17053,"Chicken, wing, meat and skin, cooked, stewed",,Liha ja linnuliha,249,22.8,0,16.8,0,0,4.71,0.168,usda_sr_legacy
15905,"Chicken, wing, meat and skin, raw",,Liha ja linnuliha,191,17.5,0,12.9,0,0,3.54,0.21,usda_sr_legacy
15906,"Chicken, wing, meat only, cooked, fried",,Liha ja linnuliha,211,30.2,0,9.2,0,,2.5,0.228,usda_sr_legacy
15907,"Chicken, wing, meat only, cooked, roasted",,Liha ja linnuliha,203,30.5,0,8.1,0,0,2.26,0.23,usda_sr_legacy
15908,"Chicken, wing, meat only, cooked, stewed",,Liha ja linnuliha,181,27.2,0,7.2,0,0,2,0.183,usda_sr_legacy
17054,"Chicken, wing, meat only, raw",,Liha ja linnuliha,126,22,0,3.5,0,0,0.94,0.203,usda_sr_legacy
17282,"Corned beef loaf, jellied",,Liha ja linnuliha,153,22.9,0,6.1,0,,2.6,2.383,usda_sr_legacy
13632,"Dove, cooked",,Liha ja linnuliha,213,23.9,0,13,0,0,3.74,0.143,usda_sr_legacy
2043,Duck,,Liha ja linnuliha,337,19,0,28.5,0,0,,,
17889,"Duck, domesticated, liver, raw",,Liha ja linnuliha,136,18.7,3.5,4.6,0,,1.44,0.35,usda_sr_legacy
15924,"Duck, domesticated, meat and skin, cooked, roasted",,Liha ja linnuliha,337,19,0,28.4,0,0,9.67,0.148,usda_sr_legacy
15923,"Duck, domesticated, meat and skin, raw",,Liha ja linnuliha,404,11.5,0,39.3,0,0,13.22,0.158,usda_sr_legacy
15926,"Duck, domesticated, meat only, cooked, roasted",,Liha ja linnuliha,201,23.5,0,11.2,0,0,3.95,0.163,usda_sr_legacy
15925,"Duck, domesticated, meat only, raw",,Liha ja linnuliha,135,18.3,0.9,6,0,0,2.32,0.185,usda_sr_legacy
17891,"Duck, wild, breast, meat only, raw",,Liha ja linnuliha,123,19.9,0,4.3,0,,1.32,0.143,usda_sr_legacy
17890,"Duck, wild, meat and skin, raw",,Liha ja linnuliha,211,17.4,0,15.2,0,,5.04,0.14,usda_sr_legacy
15109,"Duck, young duckling, domesticated, White Pekin, breast",,Liha ja linnuliha,140,27.6,0,2.5,0,,0.58,0.263,usda_sr_legacy
15108,"Duck, young duckling, domesticated, White Pekin, breast",,Liha ja linnuliha,202,24.5,0,10.9,0,,2.92,0.21,usda_sr_legacy
14777,"Duck, young duckling, domesticated, White Pekin, leg",,Liha ja linnuliha,178,29.1,0,6,0,,1.34,0.27,usda_sr_legacy
14776,"Duck, young duckling, domesticated, White Pekin, leg",,Liha ja linnuliha,217,26.8,0,11.4,0,,2.98,0.275,usda_sr_legacy
17283,"Dutch brand loaf, chicken, pork and beef",,Liha ja linnuliha,273,12,3.9,22.9,0.3,0.9,8.81,1.965,usda_sr_legacy
17899,"Emu, fan fillet, cooked, broiled",,Liha ja linnuliha,154,31.3,0,2.3,0,0,0.58,0.133,usda_sr_legacy
17898,"Emu, fan fillet, raw",,Liha ja linnuliha,103,22.5,0,0.8,0,0,0.2,0.3,usda_sr_legacy
17900,"Emu, flat fillet, raw",,Liha ja linnuliha,102,22.3,0,0.7,0,0,0.19,0.375,usda_sr_legacy
16349,"Emu, full rump, cooked, broiled",,Liha ja linnuliha,168,33.7,0,2.7,0,0,0.87,0.275,usda_sr_legacy
17901,"Emu, full rump, raw",,Liha ja linnuliha,112,22.8,0,1.6,0,0,0.45,0.225,usda_sr_legacy
16348,"Emu, ground, cooked, pan-broiled",,Liha ja linnuliha,163,28.4,0,4.7,0,0,1.24,0.163,usda_sr_legacy
16347,"Emu, ground, raw",,Liha ja linnuliha,134,22.8,0,4,0,0,1.02,0.14,usda_sr_legacy
16350,"Emu, inside drum, raw",,Liha ja linnuliha,108,22.2,0,1.5,0,0,0.39,0.255,usda_sr_legacy
16351,"Emu, inside drums, cooked, broiled",,Liha ja linnuliha,156,32.4,0,2,0,0,0.65,0.295,usda_sr_legacy
16352,"Emu, outside drum, raw",,Liha ja linnuliha,103,23.1,0,0.5,0,0,0.12,0.25,usda_sr_legacy
16353,"Emu, oyster, raw",,Liha ja linnuliha,141,22.8,0,4.9,0,0,1.23,0.375,usda_sr_legacy
17902,"Emu, top loin, cooked, broiled",,Liha ja linnuliha,152,29.1,0,3.1,0,0,0.79,0.145,usda_sr_legacy
2021,Fatty beef,,Liha ja linnuliha,291,17,0,24,0,0,,,
2028,Fatty pork,,Liha ja linnuliha,297,17,0,25,0,0,,,
18036,"Frankfurter, beef, heated",,Liha ja linnuliha,322,11.7,2.7,29.4,0,1.3,11.59,2.13,usda_sr_legacy
11585,"Frankfurter, beef, low fat",,Liha ja linnuliha,140,12,1.6,9.5,0,0.9,1.53,1.86,usda_sr_legacy
16464,"Frankfurter, beef, pork, and turkey, fat free",,Liha ja linnuliha,109,12.5,11.2,1.6,0,0,0.5,2.2,usda_sr_legacy
17284,"Frankfurter, beef, unheated",,Liha ja linnuliha,315,11.7,3,28.1,0,1.2,11.46,2.163,usda_sr_legacy
15222,"Frankfurter, chicken",,Liha ja linnuliha,223,15.5,2.7,16.2,0,3,3.86,2.568,usda_sr_legacy
11964,"Frankfurter, low sodium",,Liha ja linnuliha,312,12,1.8,28.5,0,0,12.04,0.778,usda_sr_legacy
16483,"Frankfurter, meat",,Liha ja linnuliha,290,10.3,4.2,25.8,0,,7.67,2.725,usda_sr_legacy
15231,"Frankfurter, meat and poultry, cooked, boiled",,Liha ja linnuliha,298,10.3,5,26.3,0,2.7,8.22,2.285,usda_sr_legacy
15232,"Frankfurter, meat and poultry, cooked, grilled",,Liha ja linnuliha,302,10.7,5.2,26.4,0,2.9,8.22,2.698,usda_sr_legacy
13598,"Frankfurter, meat and poultry, low fat",,Liha ja linnuliha,121,15.5,8.4,2.8,0.1,0,0.97,2.458,usda_sr_legacy
17297,"Frankfurter, meat and poultry, unheated",,Liha ja linnuliha,277,9.7,5,24.2,0,2.8,7.58,2.44,usda_sr_legacy
18037,"Frankfurter, meat, heated",,Liha ja linnuliha,278,9.8,4.9,24.3,0,,7.22,2.533,usda_sr_legacy
16479,"Frankfurter, pork",,Liha ja linnuliha,269,12.8,0.3,23.7,0.1,0,8.72,2.04,usda_sr_legacy
15223,"Frankfurter, turkey",,Liha ja linnuliha,223,12.2,3.8,17.3,0,1.2,4.03,2.278,usda_sr_legacy
17266,"Game meat, antelope, cooked, roasted",,Liha ja linnuliha,150,29.5,0,2.7,0,,0.97,0.135,usda_sr_legacy
18708,"Game meat, antelope, raw",,Liha ja linnuliha,114,22.4,0,2,0,,0.74,0.128,usda_sr_legacy
17268,"Game meat, bear, cooked, simmered",,Liha ja linnuliha,259,32.4,0,13.4,0,0,3.54,0.178,usda_sr_legacy
17267,"Game meat, bear, raw",,Liha ja linnuliha,161,20.1,0,8.3,0,,,,usda_sr_legacy
18711,"Game meat, beaver, cooked, roasted",,Liha ja linnuliha,212,34.9,0,7,0,0,2.07,0.148,usda_sr_legacy
18710,"Game meat, beaver, raw",,Liha ja linnuliha,146,24.1,0,4.8,0,,,0.128,usda_sr_legacy
17270,"Game meat, beefalo, cooked, roasted",,Liha ja linnuliha,188,30.7,0,6.3,0,,2.68,0.205,usda_sr_legacy
18712,"Game meat, beefalo, raw",,Liha ja linnuliha,143,23.3,0,4.8,0,,2.04,0.195,usda_sr_legacy
17846,"Game meat, bison, chuck, shoulder clod, cooked",,Liha ja linnuliha,193,33.8,0,5.4,0,0,2.32,0.143,usda_sr_legacy
16113,"Game meat, bison, chuck, shoulder clod, raw",,Liha ja linnuliha,119,21.1,0,3.2,0,0,1.35,0.155,usda_sr_legacy
17274,"Game meat, bison, cooked, roasted",,Liha ja linnuliha,143,28.4,0,2.4,0,0,0.91,0.143,usda_sr_legacy
17844,"Game meat, bison, ground, cooked, pan-broiled",,Liha ja linnuliha,238,23.8,0,15.1,0,0,6.46,0.183,usda_sr_legacy
17843,"Game meat, bison, ground, raw",,Liha ja linnuliha,223,18.7,0,15.9,0,0,6.8,0.165,usda_sr_legacy
17273,"Game meat, bison, raw",,Liha ja linnuliha,109,21.6,0,1.8,0,,0.69,0.135,usda_sr_legacy
16114,"Game meat, bison, ribeye, 1"" steak, cooked",,Liha ja linnuliha,177,29.5,0,5.7,0,0,2.42,0.13,usda_sr_legacy
16080,"Game meat, bison, ribeye, raw",,Liha ja linnuliha,116,22.1,0,2.4,0,,0.9,0.12,usda_sr_legacy
16081,"Game meat, bison, shoulder clod, raw",,Liha ja linnuliha,109,21.1,0,2.1,0,,0.75,0.148,usda_sr_legacy
16115,"Game meat, bison, top round, 1"" steak, cooked",,Liha ja linnuliha,174,30.2,0,5,0,0,1.96,0.103,usda_sr_legacy
16116,"Game meat, bison, top round, 1"" steak, raw",,Liha ja linnuliha,122,23.3,0,2.4,0,0,1.04,0.118,usda_sr_legacy
17845,"Game meat, bison, top sirloin, 1"" steak, cooked",,Liha ja linnuliha,171,28.1,0,5.7,0,0,2.41,0.133,usda_sr_legacy
16079,"Game meat, bison, top sirloin, raw",,Liha ja linnuliha,113,21.4,0,2.4,0,,0.89,0.128,usda_sr_legacy
18714,"Game meat, boar, wild, cooked, roasted",,Liha ja linnuliha,160,28.3,0,4.4,0,0,1.3,0.15,usda_sr_legacy
18713,"Game meat, boar, wild, raw",,Liha ja linnuliha,122,21.5,0,3.3,0,,0.99,,usda_sr_legacy
18716,"Game meat, buffalo, water, cooked, roasted",,Liha ja linnuliha,131,26.8,0,1.8,0,,0.6,0.14,usda_sr_legacy
18715,"Game meat, buffalo, water, raw",,Liha ja linnuliha,99,20.4,0,1.4,0,,0.46,0.133,usda_sr_legacy
17276,"Game meat, caribou, cooked, roasted",,Liha ja linnuliha,167,29.8,0,4.4,0,0,1.7,0.15,usda_sr_legacy
17275,"Game meat, caribou, raw",,Liha ja linnuliha,127,22.6,0,3.4,0,,1.29,0.143,usda_sr_legacy
18501,"Game meat, deer, cooked, roasted",,Liha ja linnuliha,158,30.2,0,3.2,0,,1.25,0.135,usda_sr_legacy
16118,"Game meat, deer, ground, cooked, pan-broiled",,Liha ja linnuliha,187,26.5,0,8.2,0,0,3.99,0.195,usda_sr_legacy
16117,"Game meat, deer, ground, raw",,Liha ja linnuliha,157,21.8,0,7.1,0,0,3.36,0.188,usda_sr_legacy
16119,"Game meat, deer, loin, 1"" steak, cooked",,Liha ja linnuliha,150,30.2,0,2.4,0,0,1.35,0.143,usda_sr_legacy
17277,"Game meat, deer, raw",,Liha ja linnuliha,120,23,0,2.4,0,0,0.95,0.128,usda_sr_legacy
16120,"Game meat, deer, shoulder clod, cooked, braised",,Liha ja linnuliha,191,36.3,0,4,0,0,2.24,0.13,usda_sr_legacy
17852,"Game meat, deer, tenderloin, cooked, broiled",,Liha ja linnuliha,149,29.9,0,2.4,0,0,1.14,0.143,usda_sr_legacy
17853,"Game meat, deer, top round, 1"" steak, cooked",,Liha ja linnuliha,152,31.5,0,1.9,0,0,1.03,0.113,usda_sr_legacy
18718,"Game meat, elk, cooked, roasted",,Liha ja linnuliha,146,30.2,0,1.9,0,,0.7,0.153,usda_sr_legacy
17848,"Game meat, elk, ground, cooked, pan-broiled",,Liha ja linnuliha,193,26.6,0,8.7,0,0,4,0.213,usda_sr_legacy
17847,"Game meat, elk, ground, raw",,Liha ja linnuliha,172,21.8,0,8.8,0,0,3.47,0.198,usda_sr_legacy
17849,"Game meat, elk, loin, cooked, broiled",,Liha ja linnuliha,167,31,0,3.8,0,0,1.51,0.135,usda_sr_legacy
18717,"Game meat, elk, raw",,Liha ja linnuliha,111,23,0,1.5,0,,0.53,0.145,usda_sr_legacy
17850,"Game meat, elk, round, cooked, broiled",,Liha ja linnuliha,156,30.9,0,2.6,0,0,1.04,0.128,usda_sr_legacy
17851,"Game meat, elk, tenderloin, cooked, broiled",,Liha ja linnuliha,162,30.8,0,3.4,0,0,1.34,0.125,usda_sr_legacy
18720,"Game meat, goat, cooked, roasted",,Liha ja linnuliha,143,27.1,0,3,0,0,0.93,0.215,usda_sr_legacy
18719,"Game meat, goat, raw",,Liha ja linnuliha,109,20.6,0,2.3,0,,0.71,0.205,usda_sr_legacy
18503,"Game meat, horse, cooked, roasted",,Liha ja linnuliha,175,28.1,0,6.1,0,,1.9,0.138,usda_sr_legacy
18502,"Game meat, horse, raw",,Liha ja linnuliha,133,21.4,0,4.6,0,,1.44,0.133,usda_sr_legacy
17767,"Game meat, moose, cooked, roasted",,Liha ja linnuliha,134,29.3,0,1,0,0,0.29,0.173,usda_sr_legacy
17766,"Game meat, moose, raw",,Liha ja linnuliha,102,22.2,0,0.7,0,,0.22,0.163,usda_sr_legacy
16034,"Game meat, muskrat, cooked, roasted",,Liha ja linnuliha,234,30.1,0,11.7,0,,,0.238,usda_sr_legacy
16033,"Game meat, muskrat, raw",,Liha ja linnuliha,162,20.8,0,8.1,0,,,0.205,usda_sr_legacy
16035,"Game meat, opossum, cooked, roasted",,Liha ja linnuliha,221,30.2,0,10.2,0,0,1.21,0.145,usda_sr_legacy
16037,"Game meat, rabbit, domesticated, cooked, roasted",,Liha ja linnuliha,197,29.1,0,8.1,0,,2.4,0.118,usda_sr_legacy
17768,"Game meat, rabbit, domesticated, cooked, stewed",,Liha ja linnuliha,206,30.4,0,8.4,0,0,2.51,0.093,usda_sr_legacy
16036,"Game meat, rabbit, domesticated, raw",,Liha ja linnuliha,136,20.1,0,5.6,0,,1.66,0.103,usda_sr_legacy
17770,"Game meat, rabbit, wild, cooked, stewed",,Liha ja linnuliha,173,33,0,3.5,0,0,1.05,0.113,usda_sr_legacy
17769,"Game meat, rabbit, wild, raw",,Liha ja linnuliha,114,21.8,0,2.3,0,,0.69,0.125,usda_sr_legacy
17771,"Game meat, raccoon, cooked, roasted",,Liha ja linnuliha,255,29.2,0,14.5,0,0,4.07,0.198,usda_sr_legacy
16039,"Game meat, squirrel, cooked, roasted",,Liha ja linnuliha,173,30.8,0,4.7,0,0,0.54,0.298,usda_sr_legacy
16038,"Game meat, squirrel, raw",,Liha ja linnuliha,120,21.2,0,3.2,0,,0.38,0.258,usda_sr_legacy
2044,Goose,,Liha ja linnuliha,305,22.5,0,23.5,0,0,,,
15927,"Goose, domesticated, meat and skin, cooked, roasted",,Liha ja linnuliha,305,25.2,0,21.9,0,0,6.87,0.175,usda_sr_legacy
17892,"Goose, domesticated, meat and skin, raw",,Liha ja linnuliha,371,15.9,0,33.6,0,,9.78,0.183,usda_sr_legacy
15929,"Goose, domesticated, meat only, cooked, roasted",,Liha ja linnuliha,238,29,0,12.7,0,,4.56,0.19,usda_sr_legacy
15928,"Goose, domesticated, meat only, raw",,Liha ja linnuliha,161,22.8,0,7.1,0,,2.79,0.218,usda_sr_legacy
15930,"Goose, liver, raw",,Liha ja linnuliha,133,16.4,6.3,4.3,0,,1.59,0.35,usda_sr_legacy
2022,Ground beef (15%),,Liha ja linnuliha,215,18.5,0,15.5,0,0,,,
2023,Ground beef (5%),,Liha ja linnuliha,150,21.5,0,5.5,0,0,,,
2038,Ground chicken,,Liha ja linnuliha,172,20,0,10.5,0,0,,,
2029,Ground pork,,Liha ja linnuliha,263,17,0,21.5,0,0,,,
15931,"Guinea hen, meat and skin, raw",,Liha ja linnuliha,158,23.4,0,6.5,0,,1.77,0.168,usda_sr_legacy
17893,"Guinea hen, meat only, raw",,Liha ja linnuliha,110,20.6,0,2.5,0,,0.64,0.173,usda_sr_legacy
15226,Ham and cheese loaf or roll,,Liha ja linnuliha,241,13.6,4,18.7,0,0,6.97,2.5,usda_sr_legacy
15227,Ham and cheese spread,,Liha ja linnuliha,245,16.2,2.3,18.5,0,,8.62,2.993,usda_sr_legacy
15224,"Ham, chopped, canned",,Liha ja linnuliha,239,16.1,0.3,18.8,0,0,6.29,3.2,usda_sr_legacy
15225,"Ham, chopped, not canned",,Liha ja linnuliha,221,16.5,0,16.7,0,5,6.1,2.985,usda_sr_legacy
18033,"Ham, honey, smoked, cooked",,Liha ja linnuliha,122,17.9,7.3,2.4,0,0,0.87,2.25,usda_sr_legacy
17287,"Ham, minced",,Liha ja linnuliha,263,16.3,1.8,20.7,0,0,7.18,3.113,usda_sr_legacy
17288,Ham salad spread,,Liha ja linnuliha,216,8.7,10.6,15.5,0,0,5.05,2.688,usda_sr_legacy
17285,"Ham, sliced, pre-packaged, deli meat (96%fat free, water added)",,Liha ja linnuliha,107,16.9,0.7,4,0,0,1.23,2.363,usda_sr_legacy
17286,"Ham, sliced, regular (approximately 11% fat)",,Liha ja linnuliha,164,16.6,3.6,8.8,1.3,1,0.5,2.035,usda_sr_legacy
17303,"Ham, smoked, extra lean, low sodium",,Liha ja linnuliha,141,18.5,10.7,2.7,0,10.7,1.79,2.655,usda_sr_legacy
11926,"Ham, turkey, sliced, extra lean, prepackaged or deli",,Liha ja linnuliha,134,19.6,0.9,5.8,0,0.5,0.5,2.595,usda_sr_legacy
15228,"Headcheese, pork",,Liha ja linnuliha,157,13.8,0,10.9,0,0,3.4,2.353,usda_sr_legacy
16458,"Honey roll sausage, beef",,Liha ja linnuliha,182,18.6,2.2,10.5,0,,4.08,3.305,usda_sr_legacy
12148,"HORMEL ALWAYS TENDER, Boneless Pork Loin, Fresh Pork",,Liha ja linnuliha,145,19,0.8,7.2,0,0.1,2.84,0.895,usda_sr_legacy
12147,"HORMEL ALWAYS TENDER, Center Cut Chops, Fresh Pork",,Liha ja linnuliha,167,18.7,0.8,9.6,0,0.3,3.6,0.945,usda_sr_legacy
12146,"HORMEL ALWAYS TENDER, Pork Loin Filets, Lemon Garlic-Flavored",,Liha ja linnuliha,118,17.8,1.8,4.2,0,0.2,1.41,1.475,usda_sr_legacy
12145,"HORMEL ALWAYS TENDER, Pork Tenderloin, Peppercorn-Flavored",,Liha ja linnuliha,110,17.2,1.8,3.8,0,0.1,1.16,1.485,usda_sr_legacy
11791,"HORMEL ALWAYS TENDER, Pork Tenderloin, Teriyaki-Flavored",,Liha ja linnuliha,119,18.2,4.6,3.1,0,3.3,1.05,1.033,usda_sr_legacy
11792,HORMEL Canadian Style Bacon,,Liha ja linnuliha,122,16.9,1.9,4.9,0,1.4,1.83,2.54,usda_sr_legacy
11790,"HORMEL, Cure 81 Ham",,Liha ja linnuliha,106,18.4,0.2,3.6,0,0,1.17,2.595,usda_sr_legacy
18015,Hormel Pillow Pak Sliced Turkey Pepperoni,,Liha ja linnuliha,243,31,3.8,11.5,0,0,3.52,4.645,usda_sr_legacy
17299,"Kielbasa, fully cooked, grilled",,Liha ja linnuliha,337,12.5,5,29.7,0,2.4,9.89,2.655,usda_sr_legacy
17300,"Kielbasa, fully cooked, pan-fried",,Liha ja linnuliha,333,12.4,4.8,29.4,0,2.4,9.49,2.615,usda_sr_legacy
17301,"Kielbasa, fully cooked, unheated",,Liha ja linnuliha,325,10.8,3.7,29.6,0,2.1,9.68,2.32,usda_sr_legacy
18029,"Kielbasa, Polish, turkey and beef, smoked",,Liha ja linnuliha,226,13.1,3.9,17.6,0,0,6.23,3,usda_sr_legacy
17289,"Knackwurst, knockwurst, pork, beef",,Liha ja linnuliha,307,11.1,3.2,27.7,0,0,10.21,2.325,usda_sr_legacy
16123,"Lamb, Australian, ground, 85% lean / 15% fat, raw",,Liha ja linnuliha,255,17.1,0,20.7,0,,9.93,0.193,usda_sr_legacy
17820,"Lamb, Australian, imported, fresh, cooked",,Liha ja linnuliha,256,24.5,0,16.8,0,,7.94,0.19,usda_sr_legacy
17822,"Lamb, Australian, imported, fresh, cooked",,Liha ja linnuliha,201,26.7,0,9.6,0,,4.05,0.2,usda_sr_legacy
18307,"Lamb, Australian, imported, fresh, external fat",,Liha ja linnuliha,538,16.9,0,52.3,0,0,26.8,0.145,usda_sr_legacy
18308,"Lamb, Australian, imported, fresh, external fat",,Liha ja linnuliha,487,12.6,0,48.5,0,0,23.89,0.173,usda_sr_legacy
17823,"Lamb, Australian, imported, fresh, foreshank",,Liha ja linnuliha,123,20.8,0,3.8,0,,1.34,0.265,usda_sr_legacy
16089,"Lamb, Australian, imported, fresh, foreshank",,Liha ja linnuliha,195,18.9,0,12.7,0,,5.98,0.24,usda_sr_legacy
16090,"Lamb, Australian, imported, fresh, foreshank",,Liha ja linnuliha,236,24.8,0,14.4,0,,6.79,0.233,usda_sr_legacy
17824,"Lamb, Australian, imported, fresh, foreshank",,Liha ja linnuliha,165,27.5,0,5.2,0,,1.88,0.25,usda_sr_legacy
17830,"Lamb, Australian, imported, fresh, leg",,Liha ja linnuliha,138,20.5,0,5.6,0,,2.31,0.2,usda_sr_legacy
18301,"Lamb, Australian, imported, fresh, leg",,Liha ja linnuliha,190,28.6,0,8.4,0,0,3.22,0.175,usda_sr_legacy
18302,"Lamb, Australian, imported, fresh, leg",,Liha ja linnuliha,174,30.7,0,5.6,0,0,2.24,0.215,usda_sr_legacy
18303,"Lamb, Australian, imported, fresh, leg",,Liha ja linnuliha,122,22.5,0,3.5,0,0,1.27,0.233,usda_sr_legacy
17829,"Lamb, Australian, imported, fresh, leg",,Liha ja linnuliha,281,24.9,0,19.4,0,,9.25,0.195,usda_sr_legacy
18309,"Lamb, Australian, imported, fresh, leg",,Liha ja linnuliha,204,29.5,0,9.5,0,0,4.29,0.21,usda_sr_legacy
18310,"Lamb, Australian, imported, fresh, leg",,Liha ja linnuliha,196,20.6,0,12.7,0,0,5.86,0.218,usda_sr_legacy
17828,"Lamb, Australian, imported, fresh, leg",,Liha ja linnuliha,254,17.3,0,20,0,,9.75,0.175,usda_sr_legacy
17827,"Lamb, Australian, imported, fresh, leg",,Liha ja linnuliha,182,27.2,0,7.3,0,,2.92,0.173,usda_sr_legacy
18311,"Lamb, Australian, imported, fresh, leg",,Liha ja linnuliha,226,30.2,0.1,11.6,0,0,5.48,0.193,usda_sr_legacy
18312,"Lamb, Australian, imported, fresh, leg",,Liha ja linnuliha,175,22,0,9.7,0,0,4.46,0.188,usda_sr_legacy
16174,"Lamb, Australian, imported, fresh, leg",,Liha ja linnuliha,187,21,0,11.4,0,0,5.36,0.2,usda_sr_legacy
16173,"Lamb, Australian, imported, fresh, leg",,Liha ja linnuliha,219,27.5,0,12,0,0,5.22,0.173,usda_sr_legacy
16170,"Lamb, Australian, imported, fresh, leg",,Liha ja linnuliha,131,23.1,0,4.3,0,0,1.77,0.193,usda_sr_legacy
16169,"Lamb, Australian, imported, fresh, leg",,Liha ja linnuliha,215,32.1,0,9.6,0,0,4.36,0.2,usda_sr_legacy
16168,"Lamb, Australian, imported, fresh, leg",,Liha ja linnuliha,136,22.3,0,5.2,0,0,2.28,0.208,usda_sr_legacy
16091,"Lamb, Australian, imported, fresh, leg",,Liha ja linnuliha,135,20.5,0,5.2,0,,2.08,0.203,usda_sr_legacy
16092,"Lamb, Australian, imported, fresh, leg",,Liha ja linnuliha,190,27.3,0,8.1,0,,3.3,0.18,usda_sr_legacy
16093,"Lamb, Australian, imported, fresh, leg",,Liha ja linnuliha,201,18.6,0,13.5,0,,6.39,0.188,usda_sr_legacy
16094,"Lamb, Australian, imported, fresh, leg",,Liha ja linnuliha,231,25.3,0,13.7,0,,6.34,0.168,usda_sr_legacy
16095,"Lamb, Australian, imported, fresh, leg",,Liha ja linnuliha,133,20.5,0,5.1,0,,2.01,0.203,usda_sr_legacy
16096,"Lamb, Australian, imported, fresh, leg",,Liha ja linnuliha,215,27.8,0,10.7,0,,4.51,0.208,usda_sr_legacy
16097,"Lamb, Australian, imported, fresh, leg",,Liha ja linnuliha,208,18.3,0,14.4,0,,6.9,0.148,usda_sr_legacy
16098,"Lamb, Australian, imported, fresh, leg",,Liha ja linnuliha,235,25.8,0,13.8,0,,6.41,0.16,usda_sr_legacy
16099,"Lamb, Australian, imported, fresh, leg",,Liha ja linnuliha,132,20.4,0,4.9,0,,1.95,0.16,usda_sr_legacy
17826,"Lamb, Australian, imported, fresh, leg",,Liha ja linnuliha,244,25.2,0,15.1,0,,7.09,0.175,usda_sr_legacy
17825,"Lamb, Australian, imported, fresh, leg",,Liha ja linnuliha,215,18.2,0,15.2,0,,7.29,0.183,usda_sr_legacy
16100,"Lamb, Australian, imported, fresh, leg",,Liha ja linnuliha,183,26.8,0,7.7,0,,3.11,0.165,usda_sr_legacy
17834,"Lamb, Australian, imported, fresh, leg",,Liha ja linnuliha,143,20.7,0,6.1,0,,2.41,0.16,usda_sr_legacy
17833,"Lamb, Australian, imported, fresh, leg",,Liha ja linnuliha,215,25.5,0,11.8,0,,5.32,0.163,usda_sr_legacy
17832,"Lamb, Australian, imported, fresh, leg",,Liha ja linnuliha,195,19.2,0,12.6,0,,5.81,0.153,usda_sr_legacy
17831,"Lamb, Australian, imported, fresh, leg",,Liha ja linnuliha,188,27.6,0,7.8,0,,3.16,0.165,usda_sr_legacy
16101,"Lamb, Australian, imported, fresh, loin",,Liha ja linnuliha,203,19.3,0,13.4,0,,6.4,0.175,usda_sr_legacy
16102,"Lamb, Australian, imported, fresh, loin",,Liha ja linnuliha,219,25.5,0,12.3,0,,5.57,0.195,usda_sr_legacy
16103,"Lamb, Australian, imported, fresh, loin",,Liha ja linnuliha,146,21,0,6.2,0,,2.67,0.188,usda_sr_legacy
17835,"Lamb, Australian, imported, fresh, loin",,Liha ja linnuliha,192,26.5,0,8.8,0,,3.69,0.2,usda_sr_legacy
16177,"Lamb, Australian, imported, fresh, rack",,Liha ja linnuliha,193,26,0,9.9,0,0,4.74,0.178,usda_sr_legacy
16178,"Lamb, Australian, imported, fresh, rack",,Liha ja linnuliha,291,26,0,20.8,0,0,10.11,0.163,usda_sr_legacy
18306,"Lamb, Australian, imported, fresh, rack",,Liha ja linnuliha,244,28,0,14.6,0,0,6.8,0.168,usda_sr_legacy
18305,"Lamb, Australian, imported, fresh, rack",,Liha ja linnuliha,175,26.5,0,7.6,0,0,3.54,0.18,usda_sr_legacy
17819,"Lamb, Australian, imported, fresh, raw",,Liha ja linnuliha,229,17.8,0,17,0,,8.19,0.185,usda_sr_legacy
17821,"Lamb, Australian, imported, fresh, raw",,Liha ja linnuliha,142,20.3,0,6.2,0,,2.54,0.208,usda_sr_legacy
18314,"Lamb, Australian, imported, fresh, rib chop",,Liha ja linnuliha,276,30.9,0,17,0,0,8.48,0.205,usda_sr_legacy
16104,"Lamb, Australian, imported, fresh, rib chop",,Liha ja linnuliha,234,32.2,0,11.7,0,0,5.69,0.213,usda_sr_legacy
16176,"Lamb, Australian, imported, fresh, rib chop",,Liha ja linnuliha,236,33.2,0,11.5,0,0,5.63,0.213,usda_sr_legacy
17837,"Lamb, Australian, imported, fresh, rib chop",,Liha ja linnuliha,305,28.5,0,21.2,0,0,10.67,0.198,usda_sr_legacy
17838,"Lamb, Australian, imported, fresh, rib chop/rack roast",,Liha ja linnuliha,147,24.1,0,5.6,0,0,2.53,0.178,usda_sr_legacy
17836,"Lamb, Australian, imported, fresh, rib chop/rack roast",,Liha ja linnuliha,237,21.3,0,16.9,0,0,8.13,0.173,usda_sr_legacy
16172,"Lamb, Australian, imported, fresh, seam fat",,Liha ja linnuliha,459,15.7,0,44,0,0,21.4,0.138,usda_sr_legacy
16171,"Lamb, Australian, imported, fresh, seam fat",,Liha ja linnuliha,554,13.8,1.6,54.7,0,0,28.62,0.133,usda_sr_legacy
16087,"Lamb, Australian, imported, fresh, separable fat",,Liha ja linnuliha,648,6.3,0,68.9,0,,35.35,0.083,usda_sr_legacy
16088,"Lamb, Australian, imported, fresh, separable fat",,Liha ja linnuliha,639,9.4,0,66.4,0,,34.75,0.128,usda_sr_legacy
16111,"Lamb, Australian, imported, fresh, shoulder",,Liha ja linnuliha,164,19.1,0,9.1,0,,3.88,0.225,usda_sr_legacy
17842,"Lamb, Australian, imported, fresh, shoulder",,Liha ja linnuliha,238,34.2,0,10.2,0,,4.17,0.195,usda_sr_legacy
17841,"Lamb, Australian, imported, fresh, shoulder",,Liha ja linnuliha,137,19.9,0,5.8,0,,2.34,0.208,usda_sr_legacy
17840,"Lamb, Australian, imported, fresh, shoulder",,Liha ja linnuliha,311,29.7,0,20.4,0,,9.7,0.183,usda_sr_legacy
17839,"Lamb, Australian, imported, fresh, shoulder",,Liha ja linnuliha,243,17.1,0,18.9,0,,9.13,0.18,usda_sr_legacy
16105,"Lamb, Australian, imported, fresh, shoulder",,Liha ja linnuliha,256,16.7,0,20.5,0,,9.91,0.19,usda_sr_legacy
16106,"Lamb, Australian, imported, fresh, shoulder",,Liha ja linnuliha,296,23.6,0,21.7,0,,10.32,0.213,usda_sr_legacy
16107,"Lamb, Australian, imported, fresh, shoulder",,Liha ja linnuliha,155,19.4,0,8,0,,3.36,0.22,usda_sr_legacy
16108,"Lamb, Australian, imported, fresh, shoulder",,Liha ja linnuliha,233,26.2,0,13.4,0,,5.84,0.228,usda_sr_legacy
16109,"Lamb, Australian, imported, fresh, shoulder",,Liha ja linnuliha,262,16.5,0,21.3,0,,10.3,0.195,usda_sr_legacy
16110,"Lamb, Australian, imported, fresh, shoulder",,Liha ja linnuliha,291,21.7,0,22,0,,10.51,0.22,usda_sr_legacy
16112,"Lamb, Australian, imported, fresh, shoulder",,Liha ja linnuliha,231,23.8,0,14.4,0,,6.33,0.235,usda_sr_legacy
18304,"Lamb, Australian, imported, fresh, tenderloin",,Liha ja linnuliha,184,31,0,6.7,0,0,2.08,0.153,usda_sr_legacy
16167,"Lamb, Australian, imported, fresh, tenderloin",,Liha ja linnuliha,136,23.4,0,4.7,0,0,1.86,0.183,usda_sr_legacy
18313,"Lamb, Australian, imported, fresh, tenderloin",,Liha ja linnuliha,187,30.9,0,7,0,0,2.25,0.153,usda_sr_legacy
16175,"Lamb, Australian, imported, fresh, tenderloin",,Liha ja linnuliha,143,23.2,0,5.5,0,0,2.26,0.183,usda_sr_legacy
17730,"Lamb, cooked",,Liha ja linnuliha,206,28.2,0,9.5,0,,3.4,0.19,usda_sr_legacy
15995,"Lamb, cooked",,Liha ja linnuliha,294,24.5,0,20.9,0,0,8.83,0.18,usda_sr_legacy
16061,"Lamb, cooked",,Liha ja linnuliha,271,25.5,0,18,0,,7.45,0.18,usda_sr_legacy
16024,"Lamb, cubed for stew or kabob (leg and shoulder), cooked, braised",,Liha ja linnuliha,223,33.7,0,8.8,0,0,3.15,0.175,usda_sr_legacy
16025,"Lamb, cubed for stew or kabob (leg and shoulder), cooked, broiled",,Liha ja linnuliha,186,28.1,0,7.3,0,,2.62,0.19,usda_sr_legacy
16023,"Lamb, cubed for stew or kabob (leg and shoulder), raw",,Liha ja linnuliha,134,20.2,0,5.3,0,,1.89,0.163,usda_sr_legacy
17793,"Lamb, foreshank, cooked, braised",,Liha ja linnuliha,243,28.4,0,13.5,0,,5.63,0.18,usda_sr_legacy
15997,"Lamb, foreshank, cooked, braised",,Liha ja linnuliha,243,28.4,0,13.5,0,0,5.63,0.18,usda_sr_legacy
15999,"Lamb, foreshank, cooked, braised",,Liha ja linnuliha,187,31,0,6,0,,2.15,0.185,usda_sr_legacy
15998,"Lamb, foreshank, raw",,Liha ja linnuliha,120,21.1,0,3.3,0,,1.18,0.198,usda_sr_legacy
16062,"Lamb, foreshank, raw",,Liha ja linnuliha,201,18.9,0,13.4,0,,5.83,0.18,usda_sr_legacy
15996,"Lamb, foreshank, raw",,Liha ja linnuliha,201,18.9,0,13.4,0,,5.83,0.18,usda_sr_legacy
16059,"Lamb, ground, cooked, broiled",,Liha ja linnuliha,283,24.8,0,19.7,0,0,8.12,0.203,usda_sr_legacy
17792,"Lamb, ground, raw",,Liha ja linnuliha,282,16.6,0,23.4,0,0,10.19,0.148,usda_sr_legacy
16000,"Lamb, leg, shank half, cooked, roasted",,Liha ja linnuliha,225,26.4,0,12.5,0,,5.09,0.163,usda_sr_legacy
16002,"Lamb, leg, shank half, cooked, roasted",,Liha ja linnuliha,180,28.2,0,6.7,0,,2.38,0.165,usda_sr_legacy
16063,"Lamb, leg, shank half, cooked, roasted",,Liha ja linnuliha,217,26.7,0,11.4,0,,4.6,0.163,usda_sr_legacy
17796,"Lamb, leg, shank half, raw",,Liha ja linnuliha,185,19,0,11.5,0,,4.88,0.145,usda_sr_legacy
16001,"Lamb, leg, shank half, raw",,Liha ja linnuliha,125,20.5,0,4.2,0,,1.5,0.153,usda_sr_legacy
17737,"Lamb, leg, shank half, raw",,Liha ja linnuliha,201,18.6,0,13.5,0,,5.8,0.143,usda_sr_legacy
17740,"Lamb, leg, sirloin half, cooked, roasted",,Liha ja linnuliha,204,28.4,0,9.2,0,,3.28,0.178,usda_sr_legacy
16065,"Lamb, leg, sirloin half, cooked, roasted",,Liha ja linnuliha,284,25,0,19.7,0,,8.26,0.17,usda_sr_legacy
17738,"Lamb, leg, sirloin half, cooked, roasted",,Liha ja linnuliha,292,24.6,0,20.7,0,,8.74,0.17,usda_sr_legacy
16003,"Lamb, leg, sirloin half, raw",,Liha ja linnuliha,272,16.9,0,22.1,0,,9.73,0.14,usda_sr_legacy
17739,"Lamb, leg, sirloin half, raw",,Liha ja linnuliha,134,20.6,0,5.1,0,,1.82,0.16,usda_sr_legacy
16064,"Lamb, leg, sirloin half, raw",,Liha ja linnuliha,261,17.2,0,20.8,0,,9.12,0.14,usda_sr_legacy
17736,"Lamb, leg, whole (shank and sirloin), cooked, roasted",,Liha ja linnuliha,191,28.3,0,7.7,0,0,2.76,0.17,usda_sr_legacy
17734,"Lamb, leg, whole (shank and sirloin), cooked, roasted",,Liha ja linnuliha,258,25.6,0,16.5,0,0,6.89,0.165,usda_sr_legacy
17795,"Lamb, leg, whole (shank and sirloin), cooked, roasted",,Liha ja linnuliha,242,26.2,0,14.4,0,,5.92,0.168,usda_sr_legacy
17733,"Lamb, leg, whole (shank and sirloin), raw",,Liha ja linnuliha,230,17.9,0,17.1,0,,7.43,0.14,usda_sr_legacy
17735,"Lamb, leg, whole (shank and sirloin), raw",,Liha ja linnuliha,128,20.6,0,4.5,0,,1.61,0.155,usda_sr_legacy
17794,"Lamb, leg, whole (shank and sirloin), raw",,Liha ja linnuliha,209,18.5,0,14.4,0,,6.21,0.143,usda_sr_legacy
17797,"Lamb, loin, cooked, broiled",,Liha ja linnuliha,297,26.1,0,20.6,0,,8.65,0.195,usda_sr_legacy
16007,"Lamb, loin, cooked, broiled",,Liha ja linnuliha,216,30,0,9.7,0,0,3.48,0.21,usda_sr_legacy
16004,"Lamb, loin, cooked, broiled",,Liha ja linnuliha,316,25.2,0,23.1,0,0,9.83,0.193,usda_sr_legacy
17742,"Lamb, loin, cooked, roasted",,Liha ja linnuliha,202,26.6,0,9.8,0,,3.72,0.165,usda_sr_legacy
17798,"Lamb, loin, cooked, roasted",,Liha ja linnuliha,290,23.3,0,21.1,0,,9.08,0.16,usda_sr_legacy
16005,"Lamb, loin, cooked, roasted",,Liha ja linnuliha,309,22.6,0,23.6,0,0,10.24,0.16,usda_sr_legacy
17741,"Lamb, loin, raw",,Liha ja linnuliha,310,16.3,0,26.6,0,,11.76,0.14,usda_sr_legacy
16066,"Lamb, loin, raw",,Liha ja linnuliha,279,17.2,0,22.8,0,,9.95,0.148,usda_sr_legacy
16006,"Lamb, loin, raw",,Liha ja linnuliha,143,20.9,0,5.9,0,,2.13,0.17,usda_sr_legacy
17858,"Lamb, New Zealand, imported, brains, cooked",,Liha ja linnuliha,154,14,0,10.9,0,0,1.37,0.253,usda_sr_legacy
17859,"Lamb, New Zealand, imported, brains, raw",,Liha ja linnuliha,118,11.3,0,8,0,0,1.04,0.293,usda_sr_legacy
16125,"Lamb, New Zealand, imported, breast, cooked",,Liha ja linnuliha,270,28.2,0,17.5,0,0,6,0.215,usda_sr_legacy
16126,"Lamb, New Zealand, imported, breast, raw",,Liha ja linnuliha,149,18.3,1,8,0,0,2.74,0.268,usda_sr_legacy
16127,"Lamb, New Zealand, imported, chump, boneless",,Liha ja linnuliha,142,23.7,0,5.3,0,0,1.77,0.153,usda_sr_legacy
17860,"Lamb, New Zealand, imported, chump, boneless",,Liha ja linnuliha,121,21.7,0,3.8,0,0,1.27,0.155,usda_sr_legacy
16145,"Lamb, New Zealand, imported, flap, boneless",,Liha ja linnuliha,376,20.5,0.1,32.6,0,0,13.53,0.128,usda_sr_legacy
17863,"Lamb, New Zealand, imported, flap, boneless",,Liha ja linnuliha,180,21.7,0,10.3,0,0,3.92,0.218,usda_sr_legacy
17862,"Lamb, New Zealand, imported, flap, boneless",,Liha ja linnuliha,234,27.9,0,13.6,0,0,5.06,0.135,usda_sr_legacy
16146,"Lamb, New Zealand, imported, flap, boneless",,Liha ja linnuliha,337,16.2,0.3,30.1,0,0,12.7,0.173,usda_sr_legacy
16029,"Lamb, New Zealand, imported, fore-shank, cooked",,Liha ja linnuliha,256,30.4,0,15,0,0,5.56,0.185,usda_sr_legacy
17763,"Lamb, New Zealand, imported, fore-shank, cooked",,Liha ja linnuliha,209,33.3,0,8.4,0,0,2.63,0.193,usda_sr_legacy
16028,"Lamb, New Zealand, imported, fore-shank, raw",,Liha ja linnuliha,183,20.1,0.1,11.4,0,0,4.62,0.19,usda_sr_legacy
17762,"Lamb, New Zealand, imported, fore-shank, raw",,Liha ja linnuliha,122,22.1,0,3.8,0,0,1.28,0.205,usda_sr_legacy
17761,"Lamb, New Zealand, imported, frozen, cooked",,Liha ja linnuliha,206,29.6,0,8.9,0,,3.86,0.125,usda_sr_legacy
17759,"Lamb, New Zealand, imported, frozen, cooked",,Liha ja linnuliha,305,24.4,0,22.3,0,,11.05,0.115,usda_sr_legacy
17807,"Lamb, New Zealand, imported, frozen, cooked",,Liha ja linnuliha,270,25.3,0,18,0,,8.76,0.115,usda_sr_legacy
17808,"Lamb, New Zealand, imported, frozen, foreshank",,Liha ja linnuliha,223,18,0,16.2,0,,8.18,0.113,usda_sr_legacy
17809,"Lamb, New Zealand, imported, frozen, foreshank",,Liha ja linnuliha,258,27,0,15.8,0,,7.82,0.118,usda_sr_legacy
16076,"Lamb, New Zealand, imported, frozen, leg",,Liha ja linnuliha,234,25.3,0,14,0,,6.75,0.11,usda_sr_legacy
17765,"Lamb, New Zealand, imported, frozen, leg",,Liha ja linnuliha,246,24.8,0,15.6,0,,7.61,0.108,usda_sr_legacy
16031,"Lamb, New Zealand, imported, frozen, leg",,Liha ja linnuliha,181,27.7,0,7,0,,3.05,0.113,usda_sr_legacy
16075,"Lamb, New Zealand, imported, frozen, leg",,Liha ja linnuliha,201,18.8,0,13.4,0,,6.67,0.103,usda_sr_legacy
17233,"Lamb, New Zealand, imported, frozen, loin",,Liha ja linnuliha,199,29.3,0,8.2,0,,3.58,0.138,usda_sr_legacy
18675,"Lamb, New Zealand, imported, frozen, loin",,Liha ja linnuliha,315,23.4,0,23.9,0,0,11.96,0.123,usda_sr_legacy
16078,"Lamb, New Zealand, imported, frozen, loin",,Liha ja linnuliha,296,24.4,0,21.3,0,,10.56,0.125,usda_sr_legacy
16077,"Lamb, New Zealand, imported, frozen, loin",,Liha ja linnuliha,273,17.2,0,22.1,0,,11.23,0.098,usda_sr_legacy
17806,"Lamb, New Zealand, imported, frozen, raw",,Liha ja linnuliha,232,18,0,17.2,0,,8.64,0.103,usda_sr_legacy
17760,"Lamb, New Zealand, imported, frozen, raw",,Liha ja linnuliha,128,20.8,0,4.4,0,,1.88,0.115,usda_sr_legacy
17758,"Lamb, New Zealand, imported, frozen, raw",,Liha ja linnuliha,277,16.7,0,22.7,0,,11.57,0.098,usda_sr_legacy
17811,"Lamb, New Zealand, imported, frozen, rib",,Liha ja linnuliha,317,19.9,0,25.7,0,,12.82,0.11,usda_sr_legacy
17810,"Lamb, new zealand, imported, frozen, rib",,Liha ja linnuliha,311,15.9,0,27,0,,13.7,0.105,usda_sr_legacy
16026,"Lamb, New Zealand, imported, frozen, separable fat",,Liha ja linnuliha,640,6.9,0,67.6,0,,35.29,0.055,usda_sr_legacy
16027,"Lamb, New Zealand, imported, frozen, separable fat",,Liha ja linnuliha,586,9.7,0,60.4,0,,31.51,0.088,usda_sr_legacy
18679,"Lamb, New Zealand, imported, frozen, shoulder",,Liha ja linnuliha,357,28.2,0,26.3,0,,12.74,0.128,usda_sr_legacy
17236,"Lamb, New Zealand, imported, frozen, shoulder",,Liha ja linnuliha,285,34.1,0,15.5,0,,6.81,0.14,usda_sr_legacy
17812,"Lamb, New Zealand, imported, frozen, shoulder",,Liha ja linnuliha,251,17.2,0,19.7,0,,9.9,0.105,usda_sr_legacy
17813,"Lamb, New Zealand, imported, frozen, shoulder",,Liha ja linnuliha,342,29.4,0,24,0,,11.5,0.13,usda_sr_legacy
16131,"Lamb, New Zealand, imported, ground lamb, cooked",,Liha ja linnuliha,192,22.6,0,11.3,0,0,4.38,0.085,usda_sr_legacy
16132,"Lamb, New Zealand, imported, ground lamb, raw",,Liha ja linnuliha,193,20.3,0,12.4,0,0,4.85,0.143,usda_sr_legacy
17865,"Lamb, New Zealand, imported, heart, cooked",,Liha ja linnuliha,161,26.3,0,6.2,0,0,2,0.168,usda_sr_legacy
17866,"Lamb, New Zealand, imported, heart, raw",,Liha ja linnuliha,105,18.1,0,3.7,0,0,1,0.235,usda_sr_legacy
16147,"Lamb, New Zealand, imported, hind-shank, cooked",,Liha ja linnuliha,247,29.6,0,14.2,0,0,5.41,0.173,usda_sr_legacy
17875,"Lamb, New Zealand, imported, hind-shank, cooked",,Liha ja linnuliha,196,32.5,0,7.4,0,0,2.36,0.18,usda_sr_legacy
17876,"Lamb, New Zealand, imported, hind-shank, raw",,Liha ja linnuliha,115,20.4,0.7,3.4,0,0,1.05,0.205,usda_sr_legacy
16148,"Lamb, New Zealand, imported, hind-shank, raw",,Liha ja linnuliha,186,18.4,0.7,12.1,0,0,4.86,0.19,usda_sr_legacy
16124,"Lamb, New Zealand, imported, Intermuscular fat, cooked",,Liha ja linnuliha,596,8.5,0,62.4,0,0,26.33,0.13,usda_sr_legacy
17856,"Lamb, New Zealand, imported, Intermuscular fat, raw",,Liha ja linnuliha,640,4.6,1.3,68.5,0,0,30.74,0.085,usda_sr_legacy
17861,"Lamb, New Zealand, imported, kidney, cooked",,Liha ja linnuliha,112,19.8,0.2,3.6,0,0,0.92,0.498,usda_sr_legacy
17864,"Lamb, New Zealand, imported, kidney, raw",,Liha ja linnuliha,84,15.2,0,2.5,0,0,0.77,0.42,usda_sr_legacy
16030,"Lamb, New Zealand, imported, leg chop/steak, bone-in",,Liha ja linnuliha,126,21.1,0,4.6,0,0,1.51,0.16,usda_sr_legacy
17881,"Lamb, New Zealand, imported, leg chop/steak, bone-in",,Liha ja linnuliha,162,26.3,0,6.4,0,0,1.9,0.168,usda_sr_legacy
17882,"Lamb, New Zealand, imported, leg chop/steak, bone-in",,Liha ja linnuliha,212,24.3,0,12.8,0,0,4.74,0.163,usda_sr_legacy
17764,"Lamb, New Zealand, imported, leg chop/steak, bone-in",,Liha ja linnuliha,206,18.6,0.1,14.5,0,0,5.9,0.148,usda_sr_legacy
16129,"Lamb, New Zealand, imported, liver, cooked",,Liha ja linnuliha,168,25.8,1.5,6.6,0,0,1.96,0.148,usda_sr_legacy
16130,"Lamb, New Zealand, imported, liver, raw",,Liha ja linnuliha,136,20.7,2.2,4.9,0,0,1.51,0.148,usda_sr_legacy
16150,"Lamb, New Zealand, imported, loin, boneless",,Liha ja linnuliha,122,21.4,0,4,0,0,1.29,0.15,usda_sr_legacy
16149,"Lamb, New Zealand, imported, loin, boneless",,Liha ja linnuliha,157,29,0,4.6,0,0,1.61,0.143,usda_sr_legacy
17874,"Lamb, New Zealand, imported, loin, boneless",,Liha ja linnuliha,120,21.5,0,3.8,0,0,1.19,0.15,usda_sr_legacy
17873,"Lamb, New Zealand, imported, loin, boneless",,Liha ja linnuliha,156,29,0,4.5,0,0,1.58,0.143,usda_sr_legacy
17879,"Lamb, New Zealand, imported, loin chop, cooked",,Liha ja linnuliha,208,27.4,0.4,10.7,0,0,4.04,0.21,usda_sr_legacy
17883,"Lamb, New Zealand, imported, loin chop, cooked",,Liha ja linnuliha,332,21.5,0.4,27.1,0,0,11.27,0.183,usda_sr_legacy
16032,"Lamb, New Zealand, imported, loin chop, raw",,Liha ja linnuliha,298,15.4,0.2,26.2,0,0,11.16,0.158,usda_sr_legacy
17232,"Lamb, New Zealand, imported, loin chop, raw",,Liha ja linnuliha,142,20,0,6.9,0,0,2.76,0.193,usda_sr_legacy
17884,"Lamb, New Zealand, imported, loin saddle, cooked",,Liha ja linnuliha,274,21.1,0.1,21,0,0,8.76,0.173,usda_sr_legacy
16139,"Lamb, New Zealand, imported, loin saddle, cooked",,Liha ja linnuliha,162,25.5,0,6.7,0,0,2.51,0.19,usda_sr_legacy
17885,"Lamb, New Zealand, imported, loin saddle, raw",,Liha ja linnuliha,273,16.6,0.2,22.9,0,0,9.64,0.158,usda_sr_legacy
16140,"Lamb, New Zealand, imported, loin saddle, raw",,Liha ja linnuliha,131,20.9,0,5.3,0,0,1.96,0.188,usda_sr_legacy
16151,"Lamb, New Zealand, imported, neck chops, cooked",,Liha ja linnuliha,307,28.5,0,21.4,0,0,8.74,0.228,usda_sr_legacy
16141,"Lamb, New Zealand, imported, neck chops, cooked",,Liha ja linnuliha,264,31.4,0,15.4,0,0,6.09,0.243,usda_sr_legacy
17877,"Lamb, New Zealand, imported, neck chops, raw",,Liha ja linnuliha,151,19.8,0,8,0,0,3.12,0.203,usda_sr_legacy
16152,"Lamb, New Zealand, imported, neck chops, raw",,Liha ja linnuliha,231,17.4,0.1,17.9,0,0,7.51,0.183,usda_sr_legacy
16142,"Lamb, New Zealand, imported, netted shoulder, rolled",,Liha ja linnuliha,199,25.1,0,10.9,0,0,3.26,0.163,usda_sr_legacy
17886,"Lamb, New Zealand, imported, netted shoulder, rolled",,Liha ja linnuliha,252,16.9,0.2,20.4,0,0,8.21,0.145,usda_sr_legacy
16153,"Lamb, New Zealand, imported, netted shoulder, rolled",,Liha ja linnuliha,287,21.5,0.1,22.3,0,0,8.43,0.153,usda_sr_legacy
16143,"Lamb, New Zealand, imported, netted shoulder, rolled",,Liha ja linnuliha,143,20.2,0,6.9,0,0,2.13,0.163,usda_sr_legacy
16155,"Lamb, New Zealand, imported, rack - fully frenched, cooked",,Liha ja linnuliha,195,23.6,0,11.2,0,0,4.41,0.168,usda_sr_legacy
16144,"Lamb, New Zealand, imported, rack - fully frenched, cooked",,Liha ja linnuliha,173,24.4,0,8.4,0,0,3.2,0.168,usda_sr_legacy
16156,"Lamb, New Zealand, imported, rack - fully frenched, raw",,Liha ja linnuliha,169,19.9,0.1,10,0,0,4.31,0.155,usda_sr_legacy
17878,"Lamb, New Zealand, imported, rack - fully frenched, raw",,Liha ja linnuliha,147,20.6,0,7.1,0,0,3.04,0.158,usda_sr_legacy
18677,"Lamb, New Zealand, imported, rack - partly frenched, cooked",,Liha ja linnuliha,193,24.4,0,10.6,0,0,3.66,0.18,usda_sr_legacy
17235,"Lamb, New Zealand, imported, rack - partly frenched, cooked",,Liha ja linnuliha,253,22.1,0,18.3,0,0,7.07,0.173,usda_sr_legacy
18676,"Lamb, New Zealand, imported, rack - partly frenched, raw",,Liha ja linnuliha,160,20.7,0,8.6,0,0,2.78,0.168,usda_sr_legacy
17234,"Lamb, New Zealand, imported, rack - partly frenched, raw",,Liha ja linnuliha,240,18.1,0.1,18.5,0,0,7.23,0.153,usda_sr_legacy
18290,"Lamb, New Zealand, imported, square-cut shoulder chops, cooked",,Liha ja linnuliha,322,26.8,0.1,23.9,0,0,9.6,0.143,usda_sr_legacy
17871,"Lamb, New Zealand, imported, square-cut shoulder chops, cooked",,Liha ja linnuliha,255,31.1,0,14.6,0,0,5.48,0.148,usda_sr_legacy
18291,"Lamb, New Zealand, imported, square-cut shoulder chops, raw",,Liha ja linnuliha,275,17,0.2,22.8,0,0,9.1,0.178,usda_sr_legacy
17872,"Lamb, New Zealand, imported, square-cut shoulder chops, raw",,Liha ja linnuliha,164,20.6,0,9.1,0,0,2.77,0.205,usda_sr_legacy
17880,"Lamb, New Zealand, imported, square-cut shoulder, cooked",,Liha ja linnuliha,192,25.1,0,10.1,0,0,3.5,0.2,usda_sr_legacy
18292,"Lamb, New Zealand, imported, square-cut shoulder, cooked",,Liha ja linnuliha,294,20.9,0,23.4,0,0,9.33,0.18,usda_sr_legacy
18680,"Lamb, New Zealand, imported, square-cut shoulder, raw",,Liha ja linnuliha,154,19.7,0,8.3,0,0,3.37,0.183,usda_sr_legacy
18678,"Lamb, New Zealand, imported, square-cut shoulder, raw",,Liha ja linnuliha,272,16.2,0.2,22.9,0,0,9.86,0.16,usda_sr_legacy
16128,"Lamb, New Zealand, imported, subcutaneous fat, cooked",,Liha ja linnuliha,674,5.2,0.6,72.3,0,0,31.44,0.108,usda_sr_legacy
17857,"Lamb, New Zealand, imported, subcutaneous fat, raw",,Liha ja linnuliha,703,3.9,0.6,76.2,0,0,32.37,0.07,usda_sr_legacy
17867,"Lamb, New Zealand, imported, sweetbread, cooked",,Liha ja linnuliha,144,21.1,0,6.6,0,0,2.34,0.13,usda_sr_legacy
17868,"Lamb, New Zealand, imported, sweetbread, raw",,Liha ja linnuliha,72,11,0,3.2,0,0,1.6,0.098,usda_sr_legacy
16154,"Lamb, New Zealand, imported, tenderloin, cooked",,Liha ja linnuliha,157,27.9,0,5,0,0,1.88,0.148,usda_sr_legacy
16137,"Lamb, New Zealand, imported, tenderloin, cooked",,Liha ja linnuliha,155,27.9,0,4.8,0,0,1.8,0.148,usda_sr_legacy
16138,"Lamb, New Zealand, imported, tenderloin, raw",,Liha ja linnuliha,116,20.5,0,3.8,0,0,1.26,0.123,usda_sr_legacy
18294,"Lamb, New Zealand, imported, tenderloin, raw",,Liha ja linnuliha,120,20.4,0,4.2,0,0,2.11,0.123,usda_sr_legacy
16133,"Lamb, New Zealand, imported, testes, cooked",,Liha ja linnuliha,125,21,0,4.6,0,0,1.46,0.295,usda_sr_legacy
16134,"Lamb, New Zealand, imported, testes, raw",,Liha ja linnuliha,68,11.4,0.1,2.4,0,0,0.79,0.298,usda_sr_legacy
16135,"Lamb, New Zealand, imported, tongue - swiss cut, cooked",,Liha ja linnuliha,272,17.5,0.9,22,0,0,7.34,0.13,usda_sr_legacy
16136,"Lamb, New Zealand, imported, tongue - swiss cut, raw",,Liha ja linnuliha,225,14.3,0,18.6,0,0,5.9,0.193,usda_sr_legacy
17869,"Lamb, New Zealand, imported, tunnel-boned leg, chump off",,Liha ja linnuliha,159,25.3,0,6.4,0,0,2.04,0.155,usda_sr_legacy
18293,"Lamb, New Zealand, imported, tunnel-boned leg, chump off",,Liha ja linnuliha,121,20.9,0,4.1,0,,1.37,0.15,usda_sr_legacy
17870,"Lamb, New Zealand, imported, tunnel-boned leg, chump off",,Liha ja linnuliha,121,20.9,0,4.1,0,0,1.37,0.15,usda_sr_legacy
16157,"Lamb, New Zealand, imported, tunnel-boned leg, chump off",,Liha ja linnuliha,208,23.4,0,12.7,0,0,4.79,0.153,usda_sr_legacy
16060,"Lamb, raw",,Liha ja linnuliha,243,17.5,0,18.7,0,,8.07,0.148,usda_sr_legacy
15994,"Lamb, raw",,Liha ja linnuliha,267,16.9,0,21.6,0,,9.47,0.145,usda_sr_legacy
17729,"Lamb, raw",,Liha ja linnuliha,134,20.3,0,5.3,0,,1.88,0.165,usda_sr_legacy
16009,"Lamb, rib, cooked, broiled",,Liha ja linnuliha,235,27.7,0,13,0,0,4.65,0.213,usda_sr_legacy
17744,"Lamb, rib, cooked, broiled",,Liha ja linnuliha,361,22.1,0,29.6,0,0,12.7,0.19,usda_sr_legacy
17800,"Lamb, rib, cooked, broiled",,Liha ja linnuliha,340,23.1,0,26.8,0,,11.36,0.193,usda_sr_legacy
17745,"Lamb, rib, cooked, roasted",,Liha ja linnuliha,359,21.1,0,29.8,0,,12.77,0.183,usda_sr_legacy
16067,"Lamb, rib, cooked, roasted",,Liha ja linnuliha,341,21.8,0,27.5,0,,11.66,0.185,usda_sr_legacy
16010,"Lamb, rib, cooked, roasted",,Liha ja linnuliha,232,26.2,0,13.3,0,,4.76,0.203,usda_sr_legacy
17743,"Lamb, rib, raw",,Liha ja linnuliha,372,14.5,0,34.4,0,,15.16,0.14,usda_sr_legacy
16008,"Lamb, rib, raw",,Liha ja linnuliha,169,20,0,9.2,0,,3.3,0.18,usda_sr_legacy
17799,"Lamb, rib, raw",,Liha ja linnuliha,342,15.3,0,30.7,0,,13.43,0.145,usda_sr_legacy
17732,"Lamb, separable fat, cooked",,Liha ja linnuliha,586,12.2,0,59.2,0,0,27.02,0.145,usda_sr_legacy
17731,"Lamb, separable fat, raw",,Liha ja linnuliha,665,6.7,0,70.6,0,,32.24,0.078,usda_sr_legacy
16016,"Lamb, shoulder, arm, cooked, braised",,Liha ja linnuliha,346,30.4,0,24,0,,9.87,0.18,usda_sr_legacy
17803,"Lamb, shoulder, arm, cooked, braised",,Liha ja linnuliha,337,31.1,0,22.7,0,,9.21,0.18,usda_sr_legacy
17753,"Lamb, shoulder, arm, cooked, braised",,Liha ja linnuliha,279,35.5,0,14.1,0,,5.03,0.19,usda_sr_legacy
16017,"Lamb, shoulder, arm, cooked, broiled",,Liha ja linnuliha,200,27.7,0,9,0,,3.42,0.205,usda_sr_legacy
17804,"Lamb, shoulder, arm, cooked, broiled",,Liha ja linnuliha,269,24.9,0,18.1,0,,7.66,0.195,usda_sr_legacy
17750,"Lamb, shoulder, arm, cooked, broiled",,Liha ja linnuliha,281,24.4,0,19.6,0,,8.37,0.193,usda_sr_legacy
17751,"Lamb, shoulder, arm, cooked, roasted",,Liha ja linnuliha,279,22.5,0,20.2,0,,8.74,0.163,usda_sr_legacy
16018,"Lamb, shoulder, arm, cooked, roasted",,Liha ja linnuliha,192,25.5,0,9.3,0,,3.59,0.168,usda_sr_legacy
17802,"Lamb, shoulder, arm, raw",,Liha ja linnuliha,244,17.2,0,18.9,0,,8.24,0.153,usda_sr_legacy
16015,"Lamb, shoulder, arm, raw",,Liha ja linnuliha,260,16.8,0,20.9,0,,9.15,0.15,usda_sr_legacy
17752,"Lamb, shoulder, arm, raw",,Liha ja linnuliha,132,20,0,5.2,0,,1.86,0.173,usda_sr_legacy
17805,"Lamb, shoulder, arm, roasted",,Liha ja linnuliha,267,22.9,0,18.8,0,,8.04,0.163,usda_sr_legacy
16072,"Lamb, shoulder, blade, cooked, braised",,Liha ja linnuliha,339,28.9,0,23.9,0,,9.88,0.188,usda_sr_legacy
16020,"Lamb, shoulder, blade, cooked, braised",,Liha ja linnuliha,345,28.5,0,24.7,0,,10.29,0.188,usda_sr_legacy
17757,"Lamb, shoulder, blade, cooked, braised",,Liha ja linnuliha,288,32.4,0,16.6,0,,6.37,0.198,usda_sr_legacy
16073,"Lamb, shoulder, blade, cooked, broiled",,Liha ja linnuliha,267,23.5,0,18.5,0,,7.49,0.208,usda_sr_legacy
16021,"Lamb, shoulder, blade, cooked, broiled",,Liha ja linnuliha,211,25.5,0,11.3,0,,4.04,0.22,usda_sr_legacy
17754,"Lamb, shoulder, blade, cooked, broiled",,Liha ja linnuliha,278,23.1,0,19.9,0,0,8.18,0.205,usda_sr_legacy
16074,"Lamb, shoulder, blade, cooked, roasted",,Liha ja linnuliha,270,22.6,0,19.2,0,,7.96,0.168,usda_sr_legacy
16022,"Lamb, shoulder, blade, cooked, roasted",,Liha ja linnuliha,209,24.6,0,11.6,0,,4.34,0.17,usda_sr_legacy
17755,"Lamb, shoulder, blade, cooked, roasted",,Liha ja linnuliha,281,22.3,0,20.6,0,,8.64,0.165,usda_sr_legacy
17756,"Lamb, shoulder, blade, raw",,Liha ja linnuliha,151,19.3,0,7.6,0,,2.73,0.175,usda_sr_legacy
16071,"Lamb, shoulder, blade, raw",,Liha ja linnuliha,244,17,0,19,0,,8.04,0.158,usda_sr_legacy
16019,"Lamb, shoulder, blade, raw",,Liha ja linnuliha,259,16.6,0,20.9,0,,8.93,0.155,usda_sr_legacy
16012,"Lamb, shoulder, whole (arm and blade), cooked, braised",,Liha ja linnuliha,344,28.7,0,24.6,0,,10.34,0.188,usda_sr_legacy
16069,"Lamb, shoulder, whole (arm and blade), cooked, braised",,Liha ja linnuliha,338,29.5,0,23.6,0,,9.71,0.185,usda_sr_legacy
17749,"Lamb, shoulder, whole (arm and blade), cooked, braised",,Liha ja linnuliha,283,32.8,0,15.9,0,,6.17,0.198,usda_sr_legacy
16070,"Lamb, shoulder, whole (arm and blade), cooked, broiled",,Liha ja linnuliha,268,23.8,0,18.4,0,,7.53,0.205,usda_sr_legacy
16013,"Lamb, shoulder, whole (arm and blade), cooked, broiled",,Liha ja linnuliha,210,27.1,0,10.5,0,0,3.88,0.208,usda_sr_legacy
17746,"Lamb, shoulder, whole (arm and blade), cooked, broiled",,Liha ja linnuliha,278,24.4,0,19.3,0,,8.04,0.195,usda_sr_legacy
17747,"Lamb, shoulder, whole (arm and blade), cooked, roasted",,Liha ja linnuliha,276,22.5,0,20,0,0,8.44,0.165,usda_sr_legacy
16014,"Lamb, shoulder, whole (arm and blade), cooked, roasted",,Liha ja linnuliha,204,24.9,0,10.8,0,0,4.08,0.17,usda_sr_legacy
17801,"Lamb, shoulder, whole (arm and blade), cooked, roasted",,Liha ja linnuliha,269,22.7,0,19.1,0,,7.98,0.165,usda_sr_legacy
16068,"Lamb, shoulder, whole (arm and blade), raw",,Liha ja linnuliha,244,17.1,0,19,0,,8.1,0.158,usda_sr_legacy
17748,"Lamb, shoulder, whole (arm and blade), raw",,Liha ja linnuliha,144,19.6,0,6.8,0,0,2.42,0.175,usda_sr_legacy
16011,"Lamb, shoulder, whole (arm and blade), raw",,Liha ja linnuliha,264,16.6,0,21.5,0,0,9.28,0.153,usda_sr_legacy
16041,"Lamb, variety meats and by-products, brain, cooked, braised",,Liha ja linnuliha,145,12.6,0,10.2,0,,2.6,0.335,usda_sr_legacy
17772,"Lamb, variety meats and by-products, brain, cooked, pan-fried",,Liha ja linnuliha,273,17,0,22.2,0,,5.67,0.393,usda_sr_legacy
16040,"Lamb, variety meats and by-products, brain, raw",,Liha ja linnuliha,122,10.4,0,8.6,0,,2.19,0.28,usda_sr_legacy
16043,"Lamb, variety meats and by-products, heart, cooked, braised",,Liha ja linnuliha,185,25,1.9,7.9,0,,3.14,0.158,usda_sr_legacy
16042,"Lamb, variety meats and by-products, heart, raw",,Liha ja linnuliha,122,16.5,0.2,5.7,0,,2.25,0.223,usda_sr_legacy
17777,"Lamb, variety meats and by-products, kidneys, cooked, braised",,Liha ja linnuliha,137,23.7,1,3.6,0,,1.23,0.378,usda_sr_legacy
17776,"Lamb, variety meats and by-products, kidneys, raw",,Liha ja linnuliha,97,15.7,0.8,3,0,,1,0.39,usda_sr_legacy
16047,"Lamb, variety meats and by-products, liver, cooked, braised",,Liha ja linnuliha,220,30.6,2.5,8.8,0,,3.41,0.14,usda_sr_legacy
16048,"Lamb, variety meats and by-products, liver, cooked, pan-fried",,Liha ja linnuliha,238,25.5,3.8,12.7,0,,4.9,0.31,usda_sr_legacy
16046,"Lamb, variety meats and by-products, liver, raw",,Liha ja linnuliha,139,20.4,1.8,5,0,,1.94,0.175,usda_sr_legacy
17782,"Lamb, variety meats and by-products, lungs, cooked, braised",,Liha ja linnuliha,113,19.9,0,3.1,0,,1.06,0.21,usda_sr_legacy
17781,"Lamb, variety meats and by-products, lungs, raw",,Liha ja linnuliha,95,16.7,0,2.6,0,,0.89,0.393,usda_sr_legacy
16052,"Lamb, variety meats and by-products, mechanically separated, raw",,Liha ja linnuliha,276,15,0,23.5,0,,11.79,0.148,usda_sr_legacy
16054,"Lamb, variety meats and by-products, pancreas, cooked, braised",,Liha ja linnuliha,234,22.8,0,15.1,0,,6.84,0.13,usda_sr_legacy
16053,"Lamb, variety meats and by-products, pancreas, raw",,Liha ja linnuliha,152,14.8,0,9.8,0,,4.44,0.188,usda_sr_legacy
17787,"Lamb, variety meats and by-products, spleen, cooked, braised",,Liha ja linnuliha,156,26.5,0,4.8,0,,1.58,0.145,usda_sr_legacy
17786,"Lamb, variety meats and by-products, spleen, raw",,Liha ja linnuliha,101,17.2,0,3.1,0,,1.03,0.21,usda_sr_legacy
17789,"Lamb, variety meats and by-products, tongue, cooked, braised",,Liha ja linnuliha,275,21.6,0,20.3,0,,7.83,0.168,usda_sr_legacy
17788,"Lamb, variety meats and by-products, tongue, raw",,Liha ja linnuliha,222,15.7,0,17.2,0,,6.63,0.195,usda_sr_legacy
2020,Lean beef,,Liha ja linnuliha,143,21.4,0,6.1,0,0,,,
2027,Lean pork,,Liha ja linnuliha,143,21.5,0,6,0,0,,,
17290,"Lebanon bologna, beef",,Liha ja linnuliha,172,19,0.4,10.4,0,0,2.79,3.435,usda_sr_legacy
17291,"Liver cheese, pork",,Liha ja linnuliha,304,15.2,2.1,25.6,0,,8.96,3.063,usda_sr_legacy
17292,"Liver sausage, liverwurst, pork",,Liha ja linnuliha,326,14.1,2.2,28.5,0,,10.6,2.15,usda_sr_legacy
18018,Liverwurst spread,,Liha ja linnuliha,305,12.4,5.9,25.5,2.5,1.7,9.93,1.75,usda_sr_legacy
18016,"Luncheon meat, pork and chicken, minced, canned",,Liha ja linnuliha,196,15.2,1.4,13.9,0,1.3,4.51,2.58,usda_sr_legacy
17993,"Luncheon meat, pork, canned",,Liha ja linnuliha,334,12.5,2.1,30.3,0,0,10.79,3.223,usda_sr_legacy
16465,"Luncheon meat, pork, ham, and chicken, minced",,Liha ja linnuliha,293,12.5,3.4,25.1,0,0,8.87,2.59,usda_sr_legacy
16466,"Luncheon meat, pork with ham, minced, canned",,Liha ja linnuliha,315,13.4,4.6,26.6,0,0,9.99,3.528,usda_sr_legacy
18009,"Luncheon sausage, pork and beef",,Liha ja linnuliha,260,15.4,1.6,20.9,0,,7.62,2.955,usda_sr_legacy
16446,"Luxury loaf, pork",,Liha ja linnuliha,141,18.4,4.9,4.8,0,,1.58,3.063,usda_sr_legacy
16480,"Macaroni and cheese loaf, chicken, pork and beef",,Liha ja linnuliha,228,11.8,11.6,15,0,0,5.61,0.008,usda_sr_legacy
15236,"Meatballs, frozen, Italian style",,Liha ja linnuliha,286,14.4,8.1,22.2,2.3,3.5,7.63,1.665,usda_sr_legacy
17995,"Mortadella, beef, pork",,Liha ja linnuliha,311,16.4,3.1,25.4,0,0,9.51,3.115,usda_sr_legacy
16447,"Mother's loaf, pork",,Liha ja linnuliha,282,12.1,7.5,22.3,0,,7.95,2.818,usda_sr_legacy
16441,"Olive loaf, pork",,Liha ja linnuliha,235,11.8,9.2,16.5,0,0,5.85,2.41,usda_sr_legacy
18011,"Oscar Mayer, Bologna (beef)",,Liha ja linnuliha,316,11.1,2.5,29.1,0,1.4,12.85,2.948,usda_sr_legacy
16459,"Oscar Mayer, Braunschweiger Liver Sausage (sliced)",,Liha ja linnuliha,331,14.3,2.6,29.4,0.2,1.2,10.94,2.898,usda_sr_legacy
16460,"Oscar Mayer, Chicken Breast (honey glazed)",,Liha ja linnuliha,109,19.9,4.3,1.5,0,4.3,0.39,3.595,usda_sr_legacy
16461,"Oscar Mayer, Ham (chopped with natural juice)",,Liha ja linnuliha,180,16.3,3.7,11.2,0,2.2,4.06,3.123,usda_sr_legacy
16462,"Oscar Mayer, Salami (hard)",,Liha ja linnuliha,368,25.9,1.6,28.7,0,0.2,11.09,4.94,usda_sr_legacy
18012,"Oscar Mayer, Smokies Sausage Little Cheese (pork, turkey)",,Liha ja linnuliha,315,13.5,1.7,28.2,0,0.3,11.16,2.59,usda_sr_legacy
18013,"Oscar Mayer, Wieners (beef franks)",,Liha ja linnuliha,329,11.4,2.8,30.3,0,1.6,12.46,2.563,usda_sr_legacy
17905,"Ostrich, fan, raw",,Liha ja linnuliha,117,21.8,0,2.7,0,0,0.95,0.188,usda_sr_legacy
17904,"Ostrich, ground, cooked, pan-broiled",,Liha ja linnuliha,175,26.2,0,7.1,0,0,1.79,0.2,usda_sr_legacy
17903,"Ostrich, ground, raw",,Liha ja linnuliha,165,20.2,0,8.7,0,0,2.18,0.18,usda_sr_legacy
16355,"Ostrich, inside leg, cooked",,Liha ja linnuliha,141,29,0,1.9,0,0,0.7,0.208,usda_sr_legacy
16354,"Ostrich, inside leg, raw",,Liha ja linnuliha,111,22.4,0,1.7,0,0,0.6,0.18,usda_sr_legacy
16357,"Ostrich, inside strip, cooked",,Liha ja linnuliha,164,29.4,0,4.3,0,0,1.71,0.183,usda_sr_legacy
16356,"Ostrich, inside strip, raw",,Liha ja linnuliha,127,23.7,0,2.9,0,0,0.92,0.19,usda_sr_legacy
17906,"Ostrich, outside leg, raw",,Liha ja linnuliha,115,22.9,0,2,0,0,0.61,0.225,usda_sr_legacy
17908,"Ostrich, outside strip, cooked",,Liha ja linnuliha,156,28.6,0,3.8,0,0,1.43,0.18,usda_sr_legacy
17907,"Ostrich, outside strip, raw",,Liha ja linnuliha,120,23.4,0,2.2,0,0,0.77,0.175,usda_sr_legacy
16358,"Ostrich, oyster, cooked",,Liha ja linnuliha,159,28.8,0,4,0,0,1.69,0.203,usda_sr_legacy
17909,"Ostrich, oyster, raw",,Liha ja linnuliha,125,21.6,0,3.7,0,0,1.22,0.208,usda_sr_legacy
16359,"Ostrich, round, raw",,Liha ja linnuliha,116,22,0,2.4,0,0,0.81,0.18,usda_sr_legacy
16360,"Ostrich, tenderloin, raw",,Liha ja linnuliha,123,22.1,0,3.2,0,0,1.17,0.215,usda_sr_legacy
17910,"Ostrich, tip trimmed, cooked",,Liha ja linnuliha,145,28.5,0,2.6,0,0,1,0.2,usda_sr_legacy
16361,"Ostrich, tip trimmed, raw",,Liha ja linnuliha,114,21.9,0,2.3,0,0,0.86,0.168,usda_sr_legacy
17912,"Ostrich, top loin, cooked",,Liha ja linnuliha,155,28.1,0,3.9,0,0,1.32,0.193,usda_sr_legacy
17911,"Ostrich, top loin, raw",,Liha ja linnuliha,119,21.7,0,3,0,0,1.2,0.203,usda_sr_legacy
16474,"Pastrami, beef, 98% fat-free",,Liha ja linnuliha,95,19.6,1.5,1.2,0,0,0,2.525,usda_sr_legacy
16442,"Pastrami, turkey",,Liha ja linnuliha,139,16.3,3.3,6.2,0.1,3.3,1.4,2.808,usda_sr_legacy
16443,"Pate, chicken liver, canned",,Liha ja linnuliha,201,13.5,6.6,13.1,0,0,4,0.965,usda_sr_legacy
14764,"Pate de foie gras, canned (goose liver pate), smoked",,Liha ja linnuliha,462,11.4,4.7,43.8,0,,14.45,1.743,usda_sr_legacy
16444,"Pate, goose liver, smoked, canned",,Liha ja linnuliha,462,11.4,4.7,43.8,0,,14.45,1.743,usda_sr_legacy
16445,"Pate, liver, not specified, canned",,Liha ja linnuliha,319,14.2,1.5,28,0,,9.57,1.743,usda_sr_legacy
16482,"Pate, truffle flavor",,Liha ja linnuliha,327,11.2,6.3,28.5,0,,10.1,2.018,usda_sr_legacy
17996,"Peppered loaf, pork, beef",,Liha ja linnuliha,149,17.3,4.5,6.4,0,4.6,2.28,1.83,usda_sr_legacy
17997,"Pepperoni, beef and pork, sliced",,Liha ja linnuliha,504,19.3,1.2,46.3,0,0,17.71,3.955,usda_sr_legacy
17896,"Pheasant, breast, meat only, raw",,Liha ja linnuliha,133,24.4,0,3.3,0,,1.1,0.083,usda_sr_legacy
13630,"Pheasant, cooked, total edible",,Liha ja linnuliha,239,32.4,0,12.1,0,0,3.91,0.108,usda_sr_legacy
15932,"Pheasant, leg, meat only, raw",,Liha ja linnuliha,134,22.2,0,4.3,0,,1.46,0.113,usda_sr_legacy
17894,"Pheasant, raw, meat and skin",,Liha ja linnuliha,181,22.7,0,9.3,0,,2.7,0.1,usda_sr_legacy
17895,"Pheasant, raw, meat only",,Liha ja linnuliha,133,23.6,0,3.6,0,,1.24,0.093,usda_sr_legacy
17998,"Pickle and pimiento loaf, pork",,Liha ja linnuliha,225,11.2,8.5,16,1.5,8.5,5.29,2.6,usda_sr_legacy
16448,"Picnic loaf, pork, beef",,Liha ja linnuliha,232,14.9,4.8,16.6,0,,6.07,2.91,usda_sr_legacy
17999,"Polish sausage, pork",,Liha ja linnuliha,326,14.1,1.6,28.7,0,,10.33,2.19,usda_sr_legacy
12152,"Pork, bacon, rendered fat, cooked",,Liha ja linnuliha,898,0.1,0,99.5,0,0,31.99,0.068,usda_sr_legacy
2033,Pork belly,,Liha ja linnuliha,518,9.3,0,53,0,0,,,
2032,Pork chop,,Liha ja linnuliha,172,20.5,0,10,0,0,,,
11795,"Pork, cured, bacon, cooked, baked",,Liha ja linnuliha,548,35.7,1.4,43.3,0,0,14.19,5.483,usda_sr_legacy
11601,"Pork, cured, bacon, cooked, broiled",,Liha ja linnuliha,541,37,1.4,41.8,0,0,13.74,2.575,usda_sr_legacy
12149,"Pork, cured, bacon, cooked, microwaved",,Liha ja linnuliha,476,39,0.5,34.1,0,0,11.64,4.458,usda_sr_legacy
12150,"Pork, cured, bacon, pre-sliced, cooked",,Liha ja linnuliha,468,33.9,1.7,35.1,0,0,11.96,4.21,usda_sr_legacy
12105,"Pork, cured, bacon, unprepared",,Liha ja linnuliha,393,13.7,0,37.1,0,0.4,12.62,1.878,usda_sr_legacy
12106,"Pork, cured, breakfast strips, raw or unheated",,Liha ja linnuliha,388,11.7,0.7,37.2,0,,12.91,2.468,usda_sr_legacy
11751,"Pork, cured, feet, pickled",,Liha ja linnuliha,140,11.6,0,10,0,0,2.95,2.365,usda_sr_legacy
12160,"Pork, cured, ham and water product, rump, bone-in",,Liha ja linnuliha,131,21.3,1.2,4.7,0,1.2,1.54,3.168,usda_sr_legacy
12932,"Pork, cured, ham and water product, rump, bone-in",,Liha ja linnuliha,107,17.9,1.2,3.4,0,1,1.11,2.675,usda_sr_legacy
12943,"Pork, cured, ham and water product, rump, bone-in",,Liha ja linnuliha,179,16.1,1.4,12.1,0,0.9,3.98,2.475,usda_sr_legacy
12178,"Pork, cured, ham and water product, rump, bone-in",,Liha ja linnuliha,186,19.5,1.2,11.5,0,1,3.78,2.953,usda_sr_legacy
12942,"Pork, cured, ham and water product, shank, bone-in",,Liha ja linnuliha,243,14.3,1.4,20,0,0.9,6.58,2.34,usda_sr_legacy
12179,"Pork, cured, ham and water product, shank, bone-in",,Liha ja linnuliha,234,18.2,1.4,17.3,0,1,5.72,2.363,usda_sr_legacy
12930,"Pork, cured, ham and water product, shank, bone-in",,Liha ja linnuliha,132,21.7,1.3,4.5,0,1.3,1.47,2.613,usda_sr_legacy
12934,"Pork, cured, ham and water product, shank, bone-in",,Liha ja linnuliha,113,17.5,1.2,4.2,0,1.1,1.38,2.725,usda_sr_legacy
12180,"Pork, cured, ham and water product, slice, bone-in",,Liha ja linnuliha,155,19.9,1.4,7.8,0,1,2.59,2.97,usda_sr_legacy
12153,"Pork, cured, ham and water product, slice, bone-in",,Liha ja linnuliha,122,20.9,1.4,3.6,0,1.1,1.22,3.093,usda_sr_legacy
12941,"Pork, cured, ham and water product, slice, bone-in",,Liha ja linnuliha,149,13.7,2.7,9.3,0,0.9,3.08,2.748,usda_sr_legacy
12933,"Pork, cured, ham and water product, slice, bone-in",,Liha ja linnuliha,103,14.5,2.8,3.8,0,0.9,1.27,2.9,usda_sr_legacy
12154,"Pork, cured, ham and water product, slice, boneless",,Liha ja linnuliha,123,15.1,4.7,5.1,0,4.7,1.53,3.475,usda_sr_legacy
12948,"Pork, cured, ham and water product, slice, boneless",,Liha ja linnuliha,124,15.1,4.7,5.1,0,4.7,1.55,3.473,usda_sr_legacy
12155,"Pork, cured, ham and water product, whole, boneless",,Liha ja linnuliha,123,13.9,4.6,5.5,0,4.6,1.84,3.338,usda_sr_legacy
12949,"Pork, cured, ham and water product, whole, boneless",,Liha ja linnuliha,123,13.9,4.6,5.5,0,4.6,1.84,3.338,usda_sr_legacy
12940,"Pork, cured, ham and water product, whole, boneless",,Liha ja linnuliha,117,14.1,4.2,5,0,4.2,1.49,3.27,usda_sr_legacy
12156,"Pork, cured, ham and water product, whole, boneless",,Liha ja linnuliha,116,14.1,4.2,4.9,0,4.2,1.45,3.275,usda_sr_legacy
12124,"Pork, cured, ham, boneless, extra lean and regular",,Liha ja linnuliha,165,22,0.5,7.7,0,0,2.61,3.463,usda_sr_legacy
12123,"Pork, cured, ham, boneless, extra lean and regular",,Liha ja linnuliha,162,18.3,2.3,8.4,0,0,2.7,3.195,usda_sr_legacy
11752,"Pork, cured, ham, boneless, extra lean (approximately 5% fat)",,Liha ja linnuliha,145,20.9,1.5,5.5,0,0,1.81,3.008,usda_sr_legacy
13633,"Pork, cured, ham, boneless, low sodium",,Liha ja linnuliha,165,22,0.5,7.7,0,0,2.62,2.423,usda_sr_legacy
11945,"Pork, cured, ham, boneless, low sodium",,Liha ja linnuliha,145,20.9,1.5,5.5,0,0,1.8,2.423,usda_sr_legacy
11753,"Pork, cured, ham, boneless, regular (approximately 11% fat)",,Liha ja linnuliha,178,22.6,0,9,0,0,3.12,3.75,usda_sr_legacy
12110,"Pork, cured, ham, center slice, country-style",,Liha ja linnuliha,195,27.8,0.3,8.3,0,0,2.78,6.738,usda_sr_legacy
12111,"Pork, cured, ham, center slice, unheated",,Liha ja linnuliha,203,20.2,0.1,12.9,0,,4.57,3.465,usda_sr_legacy
11767,"Pork, cured, ham, extra lean and regular, canned",,Liha ja linnuliha,167,20.9,0.5,8.4,0,0,2.81,2.67,usda_sr_legacy
11766,"Pork, cured, ham, extra lean and regular, canned",,Liha ja linnuliha,144,18,0,7.5,0,0,2.45,3.19,usda_sr_legacy
12108,"Pork, cured, ham, extra lean (approximately 4% fat), canned",,Liha ja linnuliha,136,21.2,0.5,4.9,0,,1.6,2.838,usda_sr_legacy
12107,"Pork, cured, ham, extra lean (approximately 4% fat), canned",,Liha ja linnuliha,120,18.5,0,4.6,0,0,1.51,3.138,usda_sr_legacy
11944,"Pork, cured, ham, low sodium, lean and fat",,Liha ja linnuliha,172,22.3,0.3,8.3,0,0,2.78,2.423,usda_sr_legacy
11754,"Pork, cured, ham, patties, unheated",,Liha ja linnuliha,315,12.8,1.7,28.2,0,,10.13,2.72,usda_sr_legacy
12109,"Pork, cured, ham, regular (approximately 13% fat), canned",,Liha ja linnuliha,226,20.5,0.4,15.2,0,,5.04,2.353,usda_sr_legacy
12953,"Pork, cured, ham, rump, bone-in",,Liha ja linnuliha,132,26,0.7,3.1,0,0.7,0.92,2.115,usda_sr_legacy
12195,"Pork, cured, ham, rump, bone-in",,Liha ja linnuliha,176,22.3,0.5,9.4,0,0.1,3.01,1.805,usda_sr_legacy
12954,"Pork, cured, ham, rump, bone-in",,Liha ja linnuliha,125,24.5,0.3,2.9,0,0,0.87,1.843,usda_sr_legacy
12184,"Pork, cured, ham, rump, bone-in",,Liha ja linnuliha,177,24,0.6,8.9,0,0.6,2.85,2.065,usda_sr_legacy
12936,"Pork, cured, ham, separable fat, boneless",,Liha ja linnuliha,515,7.5,1.9,53,0,0.4,17.43,1.54,usda_sr_legacy
12935,"Pork, cured, ham, separable fat, boneless",,Liha ja linnuliha,507,8.8,2,51.6,0,0.3,17.05,1.693,usda_sr_legacy
12185,"Pork, cured, ham, shank, bone-in",,Liha ja linnuliha,191,24.4,0.6,9.4,0,0.6,3.02,2.025,usda_sr_legacy
12186,"Pork, cured, ham, shank, bone-in",,Liha ja linnuliha,177,21.6,0.4,9.9,0,0.1,3.18,2.04,usda_sr_legacy
12955,"Pork, cured, ham, shank, bone-in",,Liha ja linnuliha,139,26.5,0.7,3.7,0,0.7,1.13,2.07,usda_sr_legacy
12956,"Pork, cured, ham, shank, bone-in",,Liha ja linnuliha,125,23.8,0.2,3.2,0,0,0.98,2.115,usda_sr_legacy
12188,"Pork, cured, ham, slice, bone-in",,Liha ja linnuliha,130,24.4,0,3.6,0,0,1.1,1.9,usda_sr_legacy
12187,"Pork, cured, ham, slice, bone-in",,Liha ja linnuliha,181,25.5,0.7,8.5,0,0.7,2.75,2.13,usda_sr_legacy
12957,"Pork, cured, ham, slice, bone-in",,Liha ja linnuliha,173,22.5,0.2,9.2,0,0.1,2.95,1.86,usda_sr_legacy
12938,"Pork, cured, ham, slice, bone-in",,Liha ja linnuliha,148,27.2,0.7,4.1,0,0.7,1.25,2.175,usda_sr_legacy
11755,"Pork, cured, ham, steak, boneless",,Liha ja linnuliha,122,19.6,0,4.3,0,,1.44,3.173,usda_sr_legacy
11796,"Pork, cured, ham -- water added, rump, bone-in",,Liha ja linnuliha,121,21.4,0.9,3.6,0,0.8,1.25,2.875,usda_sr_legacy
11797,"Pork, cured, ham -- water added, rump, bone-in",,Liha ja linnuliha,95,15.4,0.7,3.5,0,0.7,1.23,2.925,usda_sr_legacy
12176,"Pork, cured, ham -- water added, rump, bone-in",,Liha ja linnuliha,172,14,0.8,12.5,0,0.6,4.18,2.673,usda_sr_legacy
12944,"Pork, cured, ham -- water added, rump, bone-in",,Liha ja linnuliha,161,20.1,1,8.6,0,0.8,2.9,2.753,usda_sr_legacy
12945,"Pork, cured, ham -- water added, shank, bone-in",,Liha ja linnuliha,200,18.6,1.4,13.4,0,0.8,4.37,2.47,usda_sr_legacy
12164,"Pork, cured, ham -- water added, shank, bone-in",,Liha ja linnuliha,91,18.7,0.7,1.9,0,0.7,0.59,2.6,usda_sr_legacy
11798,"Pork, cured, ham -- water added, shank, bone-in",,Liha ja linnuliha,128,20.9,1.2,4.4,0,0.9,1.4,2.65,usda_sr_legacy
12175,"Pork, cured, ham -- water added, shank, bone-in",,Liha ja linnuliha,167,16.7,0.7,11,0,0.7,3.61,2.41,usda_sr_legacy
12931,"Pork, cured, ham -- water added, slice, bone-in",,Liha ja linnuliha,95,17.4,1.2,2.3,0,1.2,0.77,2.725,usda_sr_legacy
11799,"Pork, cured, ham -- water added, slice, bone-in",,Liha ja linnuliha,131,22,1.5,4.3,0,1.5,1.44,3.435,usda_sr_legacy
12946,"Pork, cured, ham -- water added, slice, bone-in",,Liha ja linnuliha,166,20.8,1.5,8.7,0,1.5,2.9,3.273,usda_sr_legacy
12174,"Pork, cured, ham -- water added, slice, bone-in",,Liha ja linnuliha,164,15.7,1.1,10.8,0,1.1,3.55,2.528,usda_sr_legacy
12947,"Pork, cured, ham -- water added, slice, boneless",,Liha ja linnuliha,125,18.6,1.7,5.1,0,1.7,1.72,3.03,usda_sr_legacy
12157,"Pork, cured, ham -- water added, slice, boneless",,Liha ja linnuliha,119,18.8,1.8,4.1,0,1.8,1.4,3.058,usda_sr_legacy
12177,"Pork, cured, ham -- water added, whole, boneless",,Liha ja linnuliha,126,17.8,1.5,5.5,0,1.5,1.79,2.953,usda_sr_legacy
12173,"Pork, cured, ham -- water added, whole, boneless",,Liha ja linnuliha,121,17.1,1.4,5.4,0,1.4,1.89,2.815,usda_sr_legacy
12929,"Pork, cured, ham -- water added, whole, boneless",,Liha ja linnuliha,110,17.3,1.5,4,0,1.5,1.43,2.853,usda_sr_legacy
12928,"Pork, cured, ham -- water added, whole, boneless",,Liha ja linnuliha,117,18,1.6,4.4,0,1.6,1.42,2.983,usda_sr_legacy
12112,"Pork, cured, ham, whole, roasted",,Liha ja linnuliha,157,25.1,0,5.5,0,0,1.84,3.318,usda_sr_legacy
11757,"Pork, cured, ham, whole, unheated",,Liha ja linnuliha,147,22.3,0.1,5.7,0,0,1.92,3.79,usda_sr_legacy
11756,"Pork, cured, ham, whole, unheated",,Liha ja linnuliha,246,18.5,0.1,18.5,0,0,6.62,3.21,usda_sr_legacy
12950,"Pork, cured, ham with natural juices, rump, bone-in",,Liha ja linnuliha,177,22.5,0.6,9.4,0,0.5,3.12,2.103,usda_sr_legacy
11800,"Pork, cured, ham with natural juices, rump, bone-in",,Liha ja linnuliha,137,24.1,0.5,4.3,0,0.5,1.42,2.153,usda_sr_legacy
12172,"Pork, cured, ham with natural juices, rump, bone-in",,Liha ja linnuliha,200,19.7,0.4,13.3,0,0.4,4.37,2.095,usda_sr_legacy
12165,"Pork, cured, ham with natural juices, rump, bone-in",,Liha ja linnuliha,122,22.7,0.4,3.5,0,0.4,1.16,2.233,usda_sr_legacy
12951,"Pork, cured, ham with natural juices, shank, bone-in",,Liha ja linnuliha,191,22.9,0.3,10.9,0,0.3,3.55,2.003,usda_sr_legacy
12166,"Pork, cured, ham with natural juices, shank, bone-in",,Liha ja linnuliha,130,25.1,0.3,3.3,0,0.3,1.05,2.023,usda_sr_legacy
12171,"Pork, cured, ham with natural juices, shank, bone-in",,Liha ja linnuliha,191,22.4,0.3,11.1,0,0.3,3.61,1.948,usda_sr_legacy
11801,"Pork, cured, ham with natural juices, shank, bone-in",,Liha ja linnuliha,145,25,0.3,5,0,0.3,1.56,2.05,usda_sr_legacy
12170,"Pork, cured, ham with natural juices, slice, bone-in",,Liha ja linnuliha,159,22.8,0.2,7.4,0,0,2.24,2.098,usda_sr_legacy
12158,"Pork, cured, ham with natural juices, slice, bone-in",,Liha ja linnuliha,150,27.8,0,4.4,0,0,1.11,2.088,usda_sr_legacy
12167,"Pork, cured, ham with natural juices, slice, bone-in",,Liha ja linnuliha,123,24.3,0,2.9,0,0,0.73,2.153,usda_sr_legacy
12952,"Pork, cured, ham with natural juices, slice, bone-in",,Liha ja linnuliha,180,26.2,0.2,8.3,0,0,2.43,2.053,usda_sr_legacy
12161,"Pork, cured, ham with natural juices, slice, boneless",,Liha ja linnuliha,116,21,1.1,3.2,0,1.1,0.98,2.908,usda_sr_legacy
12181,"Pork, cured, ham with natural juices, slice, boneless",,Liha ja linnuliha,118,20.9,1,3.4,0,1,1.05,2.9,usda_sr_legacy
12169,"Pork, cured, ham with natural juices, spiral slice, boneless",,Liha ja linnuliha,129,18.7,1.2,5.8,0,1.2,1.83,2.203,usda_sr_legacy
12168,"Pork, cured, ham with natural juices, spiral slice, boneless",,Liha ja linnuliha,109,19.3,1.2,3.3,0,1.2,1.01,2.238,usda_sr_legacy
12182,"Pork, cured, ham with natural juices, spiral slice, boneless",,Liha ja linnuliha,139,22.2,1.1,5.1,0,1.1,0.95,2.443,usda_sr_legacy
12159,"Pork, cured, ham with natural juices, spiral slice, meat only",,Liha ja linnuliha,126,22.6,1.1,3.8,0,1.1,0.49,2.465,usda_sr_legacy
12183,"Pork, cured, ham with natural juices, whole, boneless",,Liha ja linnuliha,114,20.5,0.8,3.1,0,0.8,1.08,2.948,usda_sr_legacy
12163,"Pork, cured, ham with natural juices, whole, boneless",,Liha ja linnuliha,111,19.4,1,3.2,0,1,0.93,2.745,usda_sr_legacy
12939,"Pork, cured, ham with natural juices, whole, boneless",,Liha ja linnuliha,112,19.4,1,3.4,0,1,1.01,2.74,usda_sr_legacy
12162,"Pork, cured, ham with natural juices, whole, boneless",,Liha ja linnuliha,113,20.6,0.8,3,0,0.8,1.04,2.95,usda_sr_legacy
12115,"Pork, cured, salt pork, raw",,Liha ja linnuliha,748,5.1,0,80.5,0,0,29.38,6.71,usda_sr_legacy
11759,"Pork, cured, separable fat (from ham and arm picnic), roasted",,Liha ja linnuliha,591,7.6,0,61.9,0,,22.69,1.56,usda_sr_legacy
11758,"Pork, cured, separable fat (from ham and arm picnic), unheated",,Liha ja linnuliha,579,5.7,0.1,61.4,0,0,22.52,1.263,usda_sr_legacy
11761,"Pork, cured, shoulder, arm picnic, roasted",,Liha ja linnuliha,170,24.9,0,7,0,0,2.36,3.078,usda_sr_legacy
11760,"Pork, cured, shoulder, arm picnic, roasted",,Liha ja linnuliha,280,20.4,0,21.4,0,0,7.67,2.68,usda_sr_legacy
12117,"Pork, cured, shoulder, blade roll, roasted",,Liha ja linnuliha,287,17.3,0.4,23.5,0,,8.38,2.433,usda_sr_legacy
12116,"Pork, cured, shoulder, blade roll, unheated",,Liha ja linnuliha,269,16.5,0,22,0,,7.94,3.125,usda_sr_legacy
11692,"Pork, fresh, backfat, raw",,Liha ja linnuliha,812,2.9,0,88.7,0,0,32.21,0.028,usda_sr_legacy
12128,"Pork, fresh, backribs, cooked, roasted",,Liha ja linnuliha,292,23,0,21.5,0,0,7.8,0.235,usda_sr_legacy
12127,"Pork, fresh, backribs, raw",,Liha ja linnuliha,224,19.1,0,16.3,0,0,5.78,0.218,usda_sr_legacy
11693,"Pork, fresh, belly, raw",,Liha ja linnuliha,518,9.3,0,53,0,0,19.33,0.08,usda_sr_legacy
12208,"Pork, fresh, blade, (chops), boneless",,Liha ja linnuliha,202,24.7,0.8,11.1,0,0,3.28,0.145,usda_sr_legacy
12047,"Pork, fresh, carcass, raw",,Liha ja linnuliha,376,13.9,0,35.1,0,0,12.44,0.105,usda_sr_legacy
11789,"Pork, fresh, cooked",,Liha ja linnuliha,211,29.5,0,9.4,0,,3.34,0.143,usda_sr_legacy
11787,"Pork, fresh, cooked",,Liha ja linnuliha,235,26.1,0,13.7,0,0,4.7,0.138,usda_sr_legacy
12189,"Pork, fresh, enhanced, loin, tenderloin",,Liha ja linnuliha,106,20.4,0,2.1,0,0,0.67,0.608,usda_sr_legacy
11784,"Pork, fresh, ground, cooked",,Liha ja linnuliha,297,25.7,0,20.8,0,0,7.72,0.183,usda_sr_legacy
11783,"Pork, fresh, ground, raw",,Liha ja linnuliha,263,16.9,0,21.2,0,,7.87,0.14,usda_sr_legacy
11696,"Pork, fresh, leg (ham), rump half, cooked",,Liha ja linnuliha,209,27,0,10.3,0,0,3.37,0.193,usda_sr_legacy
11698,"Pork, fresh, leg (ham), rump half, cooked",,Liha ja linnuliha,165,28.9,0,4.6,0,0,1.45,0.2,usda_sr_legacy
11697,"Pork, fresh, leg (ham), rump half, raw",,Liha ja linnuliha,120,21.8,0,2.9,0,0,0.95,0.19,usda_sr_legacy
11695,"Pork, fresh, leg (ham), rump half, raw",,Liha ja linnuliha,182,20.3,0,10.6,0,0,3.53,0.183,usda_sr_legacy
12057,"Pork, fresh, leg (ham), shank half, cooked",,Liha ja linnuliha,175,28.7,0,5.8,0,0,1.84,0.21,usda_sr_legacy
12055,"Pork, fresh, leg (ham), shank half, cooked",,Liha ja linnuliha,232,26,0,13.4,0,0,4.61,0.203,usda_sr_legacy
12054,"Pork, fresh, leg (ham), shank half, raw",,Liha ja linnuliha,193,19.9,0,12,0,0,3.94,0.21,usda_sr_legacy
12056,"Pork, fresh, leg (ham), shank half, raw",,Liha ja linnuliha,119,21.7,0,3,0,0,0.92,0.225,usda_sr_legacy
12053,"Pork, fresh, leg (ham), whole, cooked",,Liha ja linnuliha,211,29.4,0,9.4,0,0,3.3,0.16,usda_sr_legacy
12051,"Pork, fresh, leg (ham), whole, cooked",,Liha ja linnuliha,273,26.8,0,17.6,0,0,6.47,0.15,usda_sr_legacy
12050,"Pork, fresh, leg (ham), whole, raw",,Liha ja linnuliha,245,17.4,0,18.9,0,,6.54,0.118,usda_sr_legacy
12052,"Pork, fresh, leg (ham), whole, raw",,Liha ja linnuliha,136,20.5,0,5.4,0,0,1.87,0.138,usda_sr_legacy
11736,"Pork, fresh, loin, and shoulder), cooked",,Liha ja linnuliha,201,27.5,0,9.2,0,0,3.09,0.138,usda_sr_legacy
11765,"Pork, fresh, loin, blade (chops), bone-in",,Liha ja linnuliha,256,25,0,16.6,0,0,4.27,0.213,usda_sr_legacy
11704,"Pork, fresh, loin, blade (chops), bone-in",,Liha ja linnuliha,255,26.5,0,15.7,0,0,4.49,0.173,usda_sr_legacy
12063,"Pork, fresh, loin, blade (chops), bone-in",,Liha ja linnuliha,222,28,0,11.3,0,0,2.59,0.175,usda_sr_legacy
11749,"Pork, fresh, loin, blade (chops), bone-in",,Liha ja linnuliha,222,26.4,0,12.1,0,0,2.56,0.22,usda_sr_legacy
12064,"Pork, fresh, loin, blade (chops), bone-in",,Liha ja linnuliha,193,25,0,9.6,0,0,2.32,0.19,usda_sr_legacy
11705,"Pork, fresh, loin, blade (chops), bone-in",,Liha ja linnuliha,231,23.7,0,14.4,0,0,4.34,0.185,usda_sr_legacy
12976,"Pork, fresh, loin, blade (chops), boneless",,Liha ja linnuliha,169,26.1,0.9,6.7,0,0,1.64,0.145,usda_sr_legacy
12062,"Pork, fresh, loin, blade (chops or roasts), bone-in",,Liha ja linnuliha,143,21.2,0,5.8,0,0,1.97,0.183,usda_sr_legacy
11703,"Pork, fresh, loin, blade (chops or roasts), bone-in",,Liha ja linnuliha,194,19.6,0,12.3,0,0,4.27,0.173,usda_sr_legacy
12209,"Pork, fresh, loin, blade (chops or roasts), boneless",,Liha ja linnuliha,157,20.5,0.8,7.9,0,0,2.77,0.16,usda_sr_legacy
12974,"Pork, fresh, loin, blade (chops or roasts), boneless",,Liha ja linnuliha,123,21.4,0.8,3.8,0,0,1.38,0.163,usda_sr_legacy
12065,"Pork, fresh, loin, blade (roasts), bone-in",,Liha ja linnuliha,217,25.7,0,11.9,0,0,3.93,0.195,usda_sr_legacy
11706,"Pork, fresh, loin, blade (roasts), bone-in",,Liha ja linnuliha,254,24.3,0,16.7,0,0,5.9,0.19,usda_sr_legacy
12975,"Pork, fresh, loin, blade (roasts), boneless",,Liha ja linnuliha,175,27.6,0,7.1,0,0,2.56,0.17,usda_sr_legacy
12978,"Pork, fresh, loin, blade (roasts), boneless",,Liha ja linnuliha,199,26.5,0,10.3,0,0,3.71,0.168,usda_sr_legacy
12066,"Pork, fresh, loin, center loin (chops), bone-in",,Liha ja linnuliha,170,20.7,0,9,0,0,2.99,0.138,usda_sr_legacy
11763,"Pork, fresh, loin, center loin (chops), bone-in",,Liha ja linnuliha,195,29.6,0,7.7,0,0,2.6,0.248,usda_sr_legacy
11710,"Pork, fresh, loin, center loin (chops), bone-in",,Liha ja linnuliha,127,22,0,3.7,0,0,1.1,0.145,usda_sr_legacy
12120,"Pork, fresh, loin, center loin (chops), bone-in",,Liha ja linnuliha,238,27.6,0,13.3,0,0,4.87,0.235,usda_sr_legacy
11708,"Pork, fresh, loin, center loin (chops), bone-in",,Liha ja linnuliha,209,25.6,0,11.1,0,0,3.52,0.138,usda_sr_legacy
12068,"Pork, fresh, loin, center loin (chops), bone-in",,Liha ja linnuliha,180,26.8,0,7.3,0,0,2.16,0.14,usda_sr_legacy
12067,"Pork, fresh, loin, center loin (chops), bone-in",,Liha ja linnuliha,200,30.2,0,7.9,0,0,2.67,0.188,usda_sr_legacy
11707,"Pork, fresh, loin, center loin (chops), bone-in",,Liha ja linnuliha,242,28.2,0,13.5,0,0,4.93,0.183,usda_sr_legacy
12091,"Pork, fresh, loin, center loin (chops), boneless",,Liha ja linnuliha,123,23.8,0,3.1,0,0,0.8,0.218,usda_sr_legacy
12114,"Pork, fresh, loin, center loin (chops), boneless",,Liha ja linnuliha,201,21.1,0,13,0,0,4.41,0.205,usda_sr_legacy
12113,"Pork, fresh, loin, center loin (chops), boneless",,Liha ja linnuliha,162,30,0,4.7,0,0,1.66,0.228,usda_sr_legacy
12126,"Pork, fresh, loin, center loin (chops), boneless",,Liha ja linnuliha,229,26.7,0,13.6,0,0,4.89,0.215,usda_sr_legacy
11709,"Pork, fresh, loin, center loin (roasts), bone-in",,Liha ja linnuliha,231,27,0,12.8,0,0,4.86,0.208,usda_sr_legacy
12069,"Pork, fresh, loin, center loin (roasts), bone-in",,Liha ja linnuliha,194,28.6,0,8,0,0,2.93,0.215,usda_sr_legacy
12072,"Pork, fresh, loin, center rib (chops), bone-in",,Liha ja linnuliha,186,25.8,0,8.4,0,0,2.82,0.143,usda_sr_legacy
12121,"Pork, fresh, loin, center rib (chops), bone-in",,Liha ja linnuliha,256,26.8,0,15.7,0,0,5.06,0.21,usda_sr_legacy
11711,"Pork, fresh, loin, center rib (chops), bone-in",,Liha ja linnuliha,261,26.7,0,16.3,0,0,5.44,0.175,usda_sr_legacy
11712,"Pork, fresh, loin, center rib (chops), bone-in",,Liha ja linnuliha,222,24.4,0,13,0,0,4.49,0.138,usda_sr_legacy
12071,"Pork, fresh, loin, center rib (chops), bone-in",,Liha ja linnuliha,208,29,0,9.3,0,0,2.39,0.18,usda_sr_legacy
11764,"Pork, fresh, loin, center rib (chops), bone-in",,Liha ja linnuliha,211,28.8,0,9.7,0,0,2.56,0.22,usda_sr_legacy
11772,"Pork, fresh, loin, center rib (chops), boneless",,Liha ja linnuliha,260,27.6,0,15.8,0,,5.79,0.155,usda_sr_legacy
11771,"Pork, fresh, loin, center rib (chops), boneless",,Liha ja linnuliha,255,26.3,0,15.8,0,,6.12,0.1,usda_sr_legacy
12131,"Pork, fresh, loin, center rib (chops), boneless",,Liha ja linnuliha,211,28,0,10.1,0,0,3.96,0.103,usda_sr_legacy
11773,"Pork, fresh, loin, center rib (chops), boneless",,Liha ja linnuliha,273,25.8,0,18.1,0,0,6.72,0.125,usda_sr_legacy
11774,"Pork, fresh, loin, center rib (chops), boneless",,Liha ja linnuliha,224,27.7,0,11.8,0,0,4.3,0.13,usda_sr_legacy
12132,"Pork, fresh, loin, center rib (chops), boneless",,Liha ja linnuliha,216,29.5,0,10.1,0,,3.57,0.163,usda_sr_legacy
12070,"Pork, fresh, loin, center rib (chops or roasts), bone-in",,Liha ja linnuliha,186,20.3,0,11,0,0,2.37,0.14,usda_sr_legacy
11714,"Pork, fresh, loin, center rib (chops or roasts), bone-in",,Liha ja linnuliha,136,21.8,0,4.8,0,0,1.62,0.15,usda_sr_legacy
12130,"Pork, fresh, loin, center rib (chops or roasts), boneless",,Liha ja linnuliha,152,21.8,0,6.5,0,0,2.24,0.113,usda_sr_legacy
11770,"Pork, fresh, loin, center rib (chops or roasts), boneless",,Liha ja linnuliha,211,19.9,0,14,0,0,4.86,0.105,usda_sr_legacy
11713,"Pork, fresh, loin, center rib (roasts), bone-in",,Liha ja linnuliha,248,27,0,14.7,0,0,5.44,0.228,usda_sr_legacy
12073,"Pork, fresh, loin, center rib (roasts), bone-in",,Liha ja linnuliha,206,28.8,0,9.2,0,0,3.25,0.238,usda_sr_legacy
11775,"Pork, fresh, loin, center rib (roasts), boneless",,Liha ja linnuliha,214,28.8,0,10.1,0,,3.54,0.125,usda_sr_legacy
12129,"Pork, fresh, loin, center rib (roasts), boneless",,Liha ja linnuliha,252,27,0,15.2,0,,5.35,0.12,usda_sr_legacy
11778,"Pork, fresh, loin, country-style ribs, bone-in",,Liha ja linnuliha,359,21.8,0,29.5,0,0,10.69,0.13,usda_sr_legacy
12980,"Pork, fresh, loin, country-style ribs, bone-in",,Liha ja linnuliha,260,25.6,0,17.6,0,0,5.31,0.203,usda_sr_legacy
12206,"Pork, fresh, loin, country-style ribs, bone-in",,Liha ja linnuliha,216,27.8,0,11.7,0,0,3.1,0.21,usda_sr_legacy
12135,"Pork, fresh, loin, country-style ribs, bone-in",,Liha ja linnuliha,227,29.2,0,11.4,0,0,3.77,0.228,usda_sr_legacy
12977,"Pork, fresh, loin, country-style ribs, boneless",,Liha ja linnuliha,216,27.8,0,11.7,0,0,2.83,0.145,usda_sr_legacy
12207,"Pork, fresh, loin, country-style ribs, boneless",,Liha ja linnuliha,219,29.2,0,11.4,0,0,4.08,0.18,usda_sr_legacy
12981,"Pork, fresh, loin, country-style ribs, boneless",,Liha ja linnuliha,270,26.4,0,18.3,0,0,6.58,0.175,usda_sr_legacy
12979,"Pork, fresh, loin, country-style ribs, boneless",,Liha ja linnuliha,247,26.3,0,15.7,0,0,4.41,0.145,usda_sr_legacy
12134,"Pork, fresh, loin, country-style ribs, cooked",,Liha ja linnuliha,247,27.7,0,14.3,0,0,5.09,0.15,usda_sr_legacy
11777,"Pork, fresh, loin, country-style ribs, cooked",,Liha ja linnuliha,273,26.5,0,17.7,0,0,6.3,0.145,usda_sr_legacy
12133,"Pork, fresh, loin, country-style ribs, raw",,Liha ja linnuliha,140,20.8,0,5.6,0,0,2.01,0.168,usda_sr_legacy
11776,"Pork, fresh, loin, country-style ribs, raw",,Liha ja linnuliha,189,19.3,0,11.8,0,0,2.37,0.158,usda_sr_legacy
11691,"Pork, fresh, loin, shoulder, and spareribs",,Liha ja linnuliha,211,18.2,0,14.8,0,0,4.92,0.143,usda_sr_legacy
12125,"Pork, fresh, loin, shoulder, and spareribs)",,Liha ja linnuliha,238,26.4,0,13.9,0,0,4.89,0.143,usda_sr_legacy
11769,"Pork, fresh, loin, shoulder, and spareribs)",,Liha ja linnuliha,216,19,0,15,0,,5.28,0.138,usda_sr_legacy
12048,"Pork, fresh, loin, shoulder), raw",,Liha ja linnuliha,134,21.2,0,4.9,0,0,1.63,0.148,usda_sr_legacy
11715,"Pork, fresh, loin, sirloin (chops), bone-in",,Liha ja linnuliha,234,28.8,0,12.3,0,0,4.29,0.145,usda_sr_legacy
12075,"Pork, fresh, loin, sirloin (chops), bone-in",,Liha ja linnuliha,174,29.3,0,5.5,0,0,1.72,0.223,usda_sr_legacy
11719,"Pork, fresh, loin, sirloin (chops), bone-in",,Liha ja linnuliha,195,31,0,6.9,0,0,2.33,0.145,usda_sr_legacy
11716,"Pork, fresh, loin, sirloin (chops), bone-in",,Liha ja linnuliha,222,27,0,11.8,0,0,4.05,0.215,usda_sr_legacy
12138,"Pork, fresh, loin, sirloin (chops), boneless",,Liha ja linnuliha,161,28.6,0,4.4,0,0,1.36,0.165,usda_sr_legacy
11779,"Pork, fresh, loin, sirloin (chops), boneless",,Liha ja linnuliha,171,28.4,0,5.5,0,0,1.87,0.14,usda_sr_legacy
12137,"Pork, fresh, loin, sirloin (chops), boneless",,Liha ja linnuliha,163,28.8,0,4.5,0,0,1.52,0.14,usda_sr_legacy
11780,"Pork, fresh, loin, sirloin (chops), boneless",,Liha ja linnuliha,170,28.2,0,5.5,0,0,1.79,0.163,usda_sr_legacy
11718,"Pork, fresh, loin, sirloin (chops or roasts), bone-in",,Liha ja linnuliha,129,21.7,0,4,0,0,,0.148,usda_sr_legacy
12074,"Pork, fresh, loin, sirloin (chops or roasts), bone-in",,Liha ja linnuliha,168,20.5,0,9,0,0,2.98,0.143,usda_sr_legacy
11782,"Pork, fresh, loin, sirloin (chops or roasts), boneless",,Liha ja linnuliha,121,22.8,0,2.6,0,0,0.91,0.158,usda_sr_legacy
12136,"Pork, fresh, loin, sirloin (chops or roasts), boneless",,Liha ja linnuliha,133,22.5,0,4.1,0,0,1.39,0.158,usda_sr_legacy
11717,"Pork, fresh, loin, sirloin (roasts), bone-in",,Liha ja linnuliha,230,26.6,0,12.9,0,0,4.11,0.143,usda_sr_legacy
12076,"Pork, fresh, loin, sirloin (roasts), bone-in",,Liha ja linnuliha,204,27.8,0,9.4,0,0,2.87,0.148,usda_sr_legacy
12139,"Pork, fresh, loin, sirloin (roasts), boneless",,Liha ja linnuliha,178,30.4,0,5.3,0,0,1.8,0.165,usda_sr_legacy
11781,"Pork, fresh, loin, sirloin (roasts), boneless",,Liha ja linnuliha,192,29.6,0,7.3,0,0,2.53,0.165,usda_sr_legacy
12078,"Pork, fresh, loin, tenderloin, cooked",,Liha ja linnuliha,143,26.2,0,3.5,0,0,1.2,0.143,usda_sr_legacy
11786,"Pork, fresh, loin, tenderloin, cooked",,Liha ja linnuliha,147,26,0,4,0,0,1.36,0.143,usda_sr_legacy
12141,"Pork, fresh, loin, tenderloin, cooked",,Liha ja linnuliha,187,30.4,0,6.3,0,,2.24,0.163,usda_sr_legacy
11785,"Pork, fresh, loin, tenderloin, cooked",,Liha ja linnuliha,201,29.9,0,8.1,0,,2.93,0.16,usda_sr_legacy
12077,"Pork, fresh, loin, tenderloin, raw",,Liha ja linnuliha,109,21,0,2.2,0,0,0.7,0.133,usda_sr_legacy
12140,"Pork, fresh, loin, tenderloin, raw",,Liha ja linnuliha,120,20.7,0,3.5,0,0,1.18,0.13,usda_sr_legacy
12964,"Pork, fresh, loin, tenderloin, with added solution",,Liha ja linnuliha,114,20.2,0,3.1,0,0,1.05,0.598,usda_sr_legacy
12960,"Pork, fresh, loin, tenderloin, with added solution",,Liha ja linnuliha,116,21.6,0.3,3.2,0,0,1.08,0.578,usda_sr_legacy
12965,"Pork, fresh, loin, tenderloin, with added solution",,Liha ja linnuliha,121,21.5,0.3,3.7,0,0,1.27,0.575,usda_sr_legacy
11793,"Pork, fresh, loin, top loin (chops), boneless",,Liha ja linnuliha,169,29,0,5,0,0,1.8,0.523,usda_sr_legacy
11722,"Pork, fresh, loin, top loin (chops), boneless",,Liha ja linnuliha,196,26.6,0,9.1,0,0,3.16,0.11,usda_sr_legacy
11721,"Pork, fresh, loin, top loin (chops), boneless",,Liha ja linnuliha,200,29.2,0,8.3,0,0,3.22,0.165,usda_sr_legacy
11720,"Pork, fresh, loin, top loin (chops), boneless",,Liha ja linnuliha,155,21.6,0,6.9,0,0,2.45,0.12,usda_sr_legacy
11794,"Pork, fresh, loin, top loin (chops), boneless",,Liha ja linnuliha,190,28.4,0,7.7,0,0,2.73,0.513,usda_sr_legacy
11768,"Pork, fresh, loin, top loin (chops), boneless",,Liha ja linnuliha,196,29.4,0,7.9,0,0,3.06,0.215,usda_sr_legacy
12081,"Pork, fresh, loin, top loin (chops), boneless",,Liha ja linnuliha,173,27.6,0,6.1,0,0,2.08,0.113,usda_sr_legacy
12080,"Pork, fresh, loin, top loin (chops), boneless",,Liha ja linnuliha,170,30.5,0,4.3,0,0,1.66,0.168,usda_sr_legacy
12079,"Pork, fresh, loin, top loin (chops), boneless",,Liha ja linnuliha,127,22.4,0,3.4,0,0,1.21,0.123,usda_sr_legacy
12122,"Pork, fresh, loin, top loin (chops), boneless",,Liha ja linnuliha,172,30.5,0,4.6,0,0,1.78,0.218,usda_sr_legacy
12192,"Pork, fresh, loin, top loin (chops), boneless",,Liha ja linnuliha,170,29.7,0,5.7,0,0,1.96,0.788,usda_sr_legacy
12961,"Pork, fresh, loin, top loin (chops), boneless",,Liha ja linnuliha,117,21.1,0.2,3.5,0,0,1.05,0.695,usda_sr_legacy
12962,"Pork, fresh, loin, top loin (chops), boneless",,Liha ja linnuliha,171,19.5,0,10.3,0,0,2.53,0.628,usda_sr_legacy
12963,"Pork, fresh, loin, top loin (chops), boneless",,Liha ja linnuliha,198,28.3,0,9.4,0,0,3.27,0.755,usda_sr_legacy
12143,"Pork, fresh, loin, top loin (roasts), boneless",,Liha ja linnuliha,132,22.4,0,4.1,0,0,1.25,0.123,usda_sr_legacy
12082,"Pork, fresh, loin, top loin (roasts), boneless",,Liha ja linnuliha,173,27.2,0,6.3,0,0,1.93,0.118,usda_sr_legacy
12142,"Pork, fresh, loin, top loin (roasts), boneless",,Liha ja linnuliha,166,21.3,0,8.3,0,0,2.76,0.118,usda_sr_legacy
11723,"Pork, fresh, loin, top loin (roasts), boneless",,Liha ja linnuliha,192,26.5,0,8.8,0,0,2.84,0.115,usda_sr_legacy
11702,"Pork, fresh, loin, whole, cooked",,Liha ja linnuliha,248,27.1,0,14.7,0,0,5.37,0.148,usda_sr_legacy
11701,"Pork, fresh, loin, whole, cooked",,Liha ja linnuliha,242,27.3,0,13.9,0,0,5.23,0.155,usda_sr_legacy
12061,"Pork, fresh, loin, whole, cooked",,Liha ja linnuliha,209,28.6,0,9.6,0,0,3.51,0.145,usda_sr_legacy
12060,"Pork, fresh, loin, whole, cooked",,Liha ja linnuliha,210,28.6,0,9.8,0,0,3.64,0.16,usda_sr_legacy
12059,"Pork, fresh, loin, whole, cooked",,Liha ja linnuliha,204,28.6,0,9.1,0,0,3.38,0.125,usda_sr_legacy
11700,"Pork, fresh, loin, whole, cooked",,Liha ja linnuliha,239,27.2,0,13.6,0,0,5.11,0.12,usda_sr_legacy
11699,"Pork, fresh, loin, whole, raw",,Liha ja linnuliha,198,19.7,0,12.6,0,0,4.36,0.125,usda_sr_legacy
12058,"Pork, fresh, loin, whole, raw",,Liha ja linnuliha,143,21.4,0,5.7,0,0,1.95,0.13,usda_sr_legacy
11788,"Pork, fresh, raw",,Liha ja linnuliha,144,21.2,0,5.9,0,,2.03,0.135,usda_sr_legacy
12144,"Pork, fresh, raw",,Liha ja linnuliha,177,20.1,0,10.1,0,0,3.11,0.135,usda_sr_legacy
12049,"Pork, fresh, separable fat, cooked",,Liha ja linnuliha,626,7.1,0,66.1,0,0,23.86,0.14,usda_sr_legacy
11694,"Pork, fresh, separable fat, raw",,Liha ja linnuliha,632,9.3,0,65.7,0,0,21.98,0.118,usda_sr_legacy
11729,"Pork, fresh, shoulder, arm picnic, cooked",,Liha ja linnuliha,228,26.7,0,12.6,0,,4.3,0.2,usda_sr_legacy
12085,"Pork, fresh, shoulder, arm picnic, cooked",,Liha ja linnuliha,317,23.5,0,24,0,,8.78,0.175,usda_sr_legacy
12084,"Pork, fresh, shoulder, arm picnic, cooked",,Liha ja linnuliha,235,24.9,0,14.3,0,0,4.85,0.24,usda_sr_legacy
11728,"Pork, fresh, shoulder, arm picnic, cooked",,Liha ja linnuliha,194,26.8,0,8.9,0,0,2.85,0.25,usda_sr_legacy
12083,"Pork, fresh, shoulder, arm picnic, raw",,Liha ja linnuliha,193,18.7,0,12.5,0,0,4.14,0.21,usda_sr_legacy
12086,"Pork, fresh, shoulder, arm picnic, raw",,Liha ja linnuliha,120,20.3,0,3.8,0,0,1.21,0.225,usda_sr_legacy
12087,"Pork, fresh, shoulder, blade, boston (roasts)",,Liha ja linnuliha,269,23.1,0,18.9,0,0,6.97,0.168,usda_sr_legacy
11733,"Pork, fresh, shoulder, blade, boston (roasts)",,Liha ja linnuliha,232,24.2,0,14.3,0,0,5.19,0.22,usda_sr_legacy
12090,"Pork, fresh, shoulder, blade, boston (steaks)",,Liha ja linnuliha,227,26.7,0,12.5,0,0,4.45,0.185,usda_sr_legacy
11732,"Pork, fresh, shoulder, blade, boston (steaks)",,Liha ja linnuliha,259,25.6,0,16.6,0,0,5.95,0.173,usda_sr_legacy
11731,"Pork, fresh, shoulder, (Boston butt), blade (steaks)",,Liha ja linnuliha,267,25.1,0,17.7,0,0,6.58,0.145,usda_sr_legacy
12190,"Pork, fresh, shoulder, (Boston butt), blade (steaks)",,Liha ja linnuliha,227,27.6,0,12.1,0,0,4.62,0.385,usda_sr_legacy
12194,"Pork, fresh, shoulder, (Boston butt), blade (steaks)",,Liha ja linnuliha,263,25.8,0,16.9,0,0,6.29,0.378,usda_sr_legacy
11730,"Pork, fresh, shoulder, (Boston butt), blade (steaks)",,Liha ja linnuliha,186,17.4,0,12.4,0,0,4.35,0.153,usda_sr_legacy
12089,"Pork, fresh, shoulder, (Boston butt), blade (steaks)",,Liha ja linnuliha,233,26.6,0,13.2,0,0,5.02,0.15,usda_sr_legacy
12191,"Pork, fresh, shoulder, (Boston butt), blade (steaks)",,Liha ja linnuliha,122,18.3,0.2,5.4,0,0,1.87,0.413,usda_sr_legacy
12193,"Pork, fresh, shoulder, (Boston butt), blade (steaks)",,Liha ja linnuliha,169,17.2,0.2,11.1,0,0,3.91,0.388,usda_sr_legacy
12088,"Pork, fresh, shoulder, (Boston butt), blade (steaks)",,Liha ja linnuliha,132,18.7,0,5.7,0,0,2,0.163,usda_sr_legacy
11725,"Pork, fresh, shoulder, whole, cooked",,Liha ja linnuliha,292,23.3,0,21.4,0,0,7.86,0.17,usda_sr_legacy
11727,"Pork, fresh, shoulder, whole, cooked",,Liha ja linnuliha,230,25.3,0,13.5,0,0,4.79,0.188,usda_sr_legacy
11726,"Pork, fresh, shoulder, whole, raw",,Liha ja linnuliha,148,19.6,0,7.1,0,,2.47,0.19,usda_sr_legacy
11724,"Pork, fresh, shoulder, whole, raw",,Liha ja linnuliha,236,17.2,0,18,0,0,6.24,0.163,usda_sr_legacy
11735,"Pork, fresh, spareribs, cooked, braised",,Liha ja linnuliha,397,29.1,0,30.3,0,0,11.12,0.233,usda_sr_legacy
12958,"Pork, fresh, spareribs, cooked, roasted",,Liha ja linnuliha,361,20.9,0,30.9,0,0,9.24,0.228,usda_sr_legacy
11734,"Pork, fresh, spareribs, raw",,Liha ja linnuliha,277,15.5,0,23.4,0,0,7.53,0.203,usda_sr_legacy
12093,"Pork, fresh, variety meats and by-products, brain, cooked",,Liha ja linnuliha,138,12.1,0,9.5,0,,2.15,0.228,usda_sr_legacy
12092,"Pork, fresh, variety meats and by-products, brain, raw",,Liha ja linnuliha,127,10.3,0,9.2,0,,2.08,0.3,usda_sr_legacy
11737,"Pork, fresh, variety meats and by-products, chitterlings, cooked",,Liha ja linnuliha,233,12.5,0,20.3,0,0,9.52,0.045,usda_sr_legacy
12094,"Pork, fresh, variety meats and by-products, chitterlings, raw",,Liha ja linnuliha,182,7.6,0,16.6,0,0,7.62,0.06,usda_sr_legacy
11738,"Pork, fresh, variety meats and by-products, ears, frozen",,Liha ja linnuliha,234,22.5,0.6,15.1,0,,5.39,0.478,usda_sr_legacy
11739,"Pork, fresh, variety meats and by-products, ears, frozen",,Liha ja linnuliha,166,16,0.2,10.8,0,,3.86,0.418,usda_sr_legacy
12118,"Pork, fresh, variety meats and by-products, feet, cooked",,Liha ja linnuliha,238,21.9,0,16.1,0,0,4.34,0.183,usda_sr_legacy
11740,"Pork, fresh, variety meats and by-products, feet, raw",,Liha ja linnuliha,212,23.2,0,12.6,0,0,3.57,0.33,usda_sr_legacy
12096,"Pork, fresh, variety meats and by-products, heart, cooked",,Liha ja linnuliha,148,23.6,0.4,5.1,0,,1.34,0.088,usda_sr_legacy
12095,"Pork, fresh, variety meats and by-products, heart, raw",,Liha ja linnuliha,118,17.3,1.3,4.4,0,0,1.16,0.14,usda_sr_legacy
12097,"Pork, fresh, variety meats and by-products, jowl, raw",,Liha ja linnuliha,655,6.4,0,69.6,0,0,25.26,0.063,usda_sr_legacy
11741,"Pork, fresh, variety meats and by-products, kidneys, cooked",,Liha ja linnuliha,151,25.4,0,4.7,0,,1.51,0.2,usda_sr_legacy
12098,"Pork, fresh, variety meats and by-products, kidneys, raw",,Liha ja linnuliha,100,16.5,0,3.3,0,,1.04,0.303,usda_sr_legacy
11742,"Pork, fresh, variety meats and by-products, leaf fat, raw",,Liha ja linnuliha,857,1.8,0,94.2,0,,45.23,0.013,usda_sr_legacy
11744,"Pork, fresh, variety meats and by-products, liver, cooked",,Liha ja linnuliha,165,26,3.8,4.4,0,,1.41,0.123,usda_sr_legacy
11743,"Pork, fresh, variety meats and by-products, liver, raw",,Liha ja linnuliha,134,21.4,2.5,3.7,0,,1.17,0.218,usda_sr_legacy
12099,"Pork, fresh, variety meats and by-products, lungs, cooked",,Liha ja linnuliha,99,16.6,0,3.1,0,,1.09,0.203,usda_sr_legacy
11745,"Pork, fresh, variety meats and by-products, lungs, raw",,Liha ja linnuliha,85,14.1,0,2.7,0,,0.96,0.383,usda_sr_legacy
12100,"Pork, fresh, variety meats and by-products, mechanically separated, raw",,Liha ja linnuliha,304,15,0,26.5,0,,9.82,0.125,usda_sr_legacy
12102,"Pork, fresh, variety meats and by-products, pancreas, cooked",,Liha ja linnuliha,219,28.5,0,10.8,0,,3.73,0.105,usda_sr_legacy
12101,"Pork, fresh, variety meats and by-products, pancreas, raw",,Liha ja linnuliha,199,18.6,0,13.2,0,,4.58,0.11,usda_sr_legacy
11747,"Pork, fresh, variety meats and by-products, spleen, cooked",,Liha ja linnuliha,149,28.2,0,3.2,0,,1.06,0.268,usda_sr_legacy
11746,"Pork, fresh, variety meats and by-products, spleen, raw",,Liha ja linnuliha,100,17.9,0,2.6,0,,0.86,0.245,usda_sr_legacy
12151,"Pork, fresh, variety meats and by-products, stomach, cooked",,Liha ja linnuliha,157,21.4,0.1,7.3,0,0,2.99,0.1,usda_sr_legacy
11748,"Pork, fresh, variety meats and by-products, stomach, raw",,Liha ja linnuliha,159,16.9,0,10.1,0,0,4.03,0.188,usda_sr_legacy
11762,"Pork, fresh, variety meats and by-products, tail, cooked",,Liha ja linnuliha,396,17,0,35.8,0,,12.45,0.063,usda_sr_legacy
12119,"Pork, fresh, variety meats and by-products, tail, raw",,Liha ja linnuliha,378,17.8,0,33.5,0,,11.64,0.158,usda_sr_legacy
12104,"Pork, fresh, variety meats and by-products, tongue, cooked",,Liha ja linnuliha,271,24.1,0,18.6,0,,6.45,0.273,usda_sr_legacy
12103,"Pork, fresh, variety meats and by-products, tongue, raw",,Liha ja linnuliha,225,16.3,0,17.2,0,0,5.96,0.275,usda_sr_legacy
12046,"Pork, fresh, with added solution, cooked",,Liha ja linnuliha,585,10.1,0.3,60.4,0,0,21.38,0.313,usda_sr_legacy
12959,"Pork, fresh, with added solution, raw",,Liha ja linnuliha,508,9.3,0,52.3,0,0,18.49,0.203,usda_sr_legacy
12971,"Pork, ground, 72% lean / 28% fat, cooked, crumbles",,Liha ja linnuliha,393,22.8,1.4,32.9,0,0,11.35,0.235,usda_sr_legacy
12201,"Pork, ground, 72% lean / 28% fat, cooked, pan-broiled",,Liha ja linnuliha,377,22.6,1.1,31.4,0,0,10.8,0.228,usda_sr_legacy
12972,"Pork, ground, 84% lean / 16% fat, cooked, crumbles",,Liha ja linnuliha,289,26.7,0.6,20,0,0,6.63,0.223,usda_sr_legacy
12202,"Pork, ground, 84% lean / 16% fat, cooked, pan-broiled",,Liha ja linnuliha,301,27.1,0,21.4,0,0,7.45,0.223,usda_sr_legacy
12200,"Pork, ground, 84% lean / 16% fat, raw",,Liha ja linnuliha,218,18,0.4,16,0,0,4.93,0.17,usda_sr_legacy
12973,"Pork, ground, 96% lean / 4% fat, cooked, crumbles",,Liha ja linnuliha,187,30.6,0,7.2,0,0,1.95,0.21,usda_sr_legacy
12203,"Pork, ground, 96% lean / 4% fat, cooked, pan-broiled",,Liha ja linnuliha,185,31.7,0.6,6.2,0,0,1.86,0.22,usda_sr_legacy
12970,"Pork, ground, 96% lean / 4% fat, raw",,Liha ja linnuliha,121,21.1,0.2,4,0,0,1.42,0.168,usda_sr_legacy
12966,"Pork, Leg Cap Steak, boneless, raw",,Liha ja linnuliha,123,21.6,0,3.4,0,0,1.19,0.183,usda_sr_legacy
12198,"Pork, Leg sirloin tip roast, boneless, cooked, braised",,Liha ja linnuliha,156,31.1,0,2.6,0,0,0.79,0.108,usda_sr_legacy
12199,"Pork, Leg sirloin tip roast, boneless, raw",,Liha ja linnuliha,113,22.9,0,1.7,0,0,0.52,0.125,usda_sr_legacy
12205,"Pork loin, fresh, backribs, bone-in, cooked-roasted",,Liha ja linnuliha,255,24.2,0,17.7,0,0,6.22,0.245,usda_sr_legacy
12204,"Pork loin, fresh, backribs, bone-in, raw",,Liha ja linnuliha,172,20.9,0,9.8,0,0,3.48,0.238,usda_sr_legacy
12196,"Pork, loin, leg cap steak, boneless, cooked",,Liha ja linnuliha,158,27.6,0,4.4,0,0,1.36,0.19,usda_sr_legacy
2031,Pork neck,,Liha ja linnuliha,240,18.5,0,18.5,0,0,,,
12862,"Pork, oriental style, dehydrated",,Liha ja linnuliha,615,11.8,1.4,62.4,0,0,23.06,1.713,usda_sr_legacy
12937,"Pork, pickled pork hocks",,Liha ja linnuliha,171,19.1,0,10.5,0,0,3.23,2.625,usda_sr_legacy
18000,"Pork sausage, link/patty, cooked, pan-fried",,Liha ja linnuliha,325,18.5,1.4,27.3,0,1.1,8.83,2.035,usda_sr_legacy
16486,"Pork sausage, link/patty, fully cooked, microwaved",,Liha ja linnuliha,438,15.1,0.6,41.7,0,0.6,13.56,2.475,usda_sr_legacy
17298,"Pork sausage, link/patty, fully cooked, unheated",,Liha ja linnuliha,392,13.5,0.7,37.3,0,0.5,12.13,2.025,usda_sr_legacy
15234,"Pork sausage, link/patty, reduced fat, cooked, pan-fried",,Liha ja linnuliha,267,20.9,0.2,20.3,0,0,6.03,1.745,usda_sr_legacy
15233,"Pork sausage, link/patty, reduced fat, unprepared",,Liha ja linnuliha,217,16.8,0.2,16.6,0,0,4.37,1.453,usda_sr_legacy
16449,"Pork sausage, link/patty, unprepared",,Liha ja linnuliha,288,15.4,0.9,24.8,0,0.9,7.57,1.848,usda_sr_legacy
17304,"Pork sausage, reduced sodium, cooked",,Liha ja linnuliha,271,9.4,8.1,22.4,0,0,8.24,0.735,usda_sr_legacy
11587,"Pork sausage rice links, brown and serve, cooked",,Liha ja linnuliha,407,13.7,2.4,37.6,0,0,12.83,1.723,usda_sr_legacy
12968,"Pork, Shoulder breast, boneless, cooked, broiled",,Liha ja linnuliha,162,28.5,0,4.5,0,0,1.33,0.135,usda_sr_legacy
12967,"Pork, Shoulder breast, boneless, raw",,Liha ja linnuliha,127,22.5,0,3.4,0,0,1.07,0.135,usda_sr_legacy
12969,"Pork, shoulder, petite tender, boneless, cooked",,Liha ja linnuliha,155,27.5,0,4.2,0,0,1.32,0.133,usda_sr_legacy
12197,"Pork, Shoulder petite tender, boneless, raw",,Liha ja linnuliha,128,21.7,0,3.9,0,0,1.01,0.125,usda_sr_legacy
2030,Pork tenderloin,,Liha ja linnuliha,143,22,0,5.5,0,0,,,
14769,"Poultry, mechanically deboned, from backs and necks without skin, raw",,Liha ja linnuliha,199,13.8,0,15.5,0,,4.71,0.128,usda_sr_legacy
14768,"Poultry, mechanically deboned, from backs and necks with skin, raw",,Liha ja linnuliha,272,11.4,0,24.7,0,,7.45,0.1,usda_sr_legacy
14770,"Poultry, mechanically deboned, from mature hens, raw",,Liha ja linnuliha,243,14.7,0,20,0,,4.73,0.1,usda_sr_legacy
18003,Poultry salad sandwich spread,,Liha ja linnuliha,200,11.6,7.4,13.5,0,0,3.45,1.633,usda_sr_legacy
16344,"Quail, breast, meat only, raw",,Liha ja linnuliha,123,22.6,0,3,0,,0.87,0.138,usda_sr_legacy
13629,"Quail, cooked, total edible",,Liha ja linnuliha,227,25.1,0,14.1,0,0,3.96,0.13,usda_sr_legacy
15933,"Quail, meat and skin, raw",,Liha ja linnuliha,192,19.6,0,12.1,0,,3.38,0.133,usda_sr_legacy
15934,"Quail, meat only, raw",,Liha ja linnuliha,134,21.8,0,4.5,0,,1.32,0.128,usda_sr_legacy
17992,"Roast beef, deli style, prepackaged, sliced",,Liha ja linnuliha,115,18.6,0.6,3.7,0,0.3,1.32,2.133,usda_sr_legacy
18019,Roast beef spread,,Liha ja linnuliha,223,15.3,3.7,16.3,0.2,0.7,6.4,1.81,usda_sr_legacy
16346,"Ruffed Grouse, breast meat, skinless, raw",,Liha ja linnuliha,112,25.9,0,0.9,0,0,0.13,0.125,usda_sr_legacy
16450,"Salami, cooked, beef",,Liha ja linnuliha,261,12.6,1.9,22.2,0,1.5,9.87,2.85,usda_sr_legacy
16451,"Salami, cooked, beef and pork",,Liha ja linnuliha,336,21.9,2.4,25.9,0,1,9.32,4.35,usda_sr_legacy
16452,"Salami, cooked, turkey",,Liha ja linnuliha,172,19.2,1.6,9.2,0.1,1.1,2.78,2.768,usda_sr_legacy
16453,"Salami, dry or hard, pork",,Liha ja linnuliha,407,22.6,1.6,33.7,0,,11.89,5.65,usda_sr_legacy
18004,"Salami, dry or hard, pork, beef",,Liha ja linnuliha,378,21.1,0.7,31.7,0,0.3,11.42,4.39,usda_sr_legacy
18025,"Salami, Italian, pork",,Liha ja linnuliha,425,21.7,1.2,37,0,1.2,13.1,4.725,usda_sr_legacy
16481,"Salami, Italian, pork and beef, dry, sliced",,Liha ja linnuliha,350,21.8,6.4,26.4,0,0,9.75,2.34,usda_sr_legacy
18020,"Salami, pork, beef, less sodium",,Liha ja linnuliha,396,15,15.4,30.5,0.2,6.2,10.58,1.558,usda_sr_legacy
18005,"Sandwich spread, pork, beef",,Liha ja linnuliha,235,7.7,11.9,17.3,0.2,0,5.98,2.533,usda_sr_legacy
14333,"Sausage, beef, cured, cooked, smoked",,Liha ja linnuliha,312,14.1,2.4,26.9,0,,11.44,2.828,usda_sr_legacy
18040,"Sausage, beef, fresh, cooked",,Liha ja linnuliha,332,18.2,0.4,28,0,0,10.91,2.033,usda_sr_legacy
15215,"Sausage, Berliner, pork, beef",,Liha ja linnuliha,230,15.3,2.6,17.2,0,2.4,6.08,3.243,usda_sr_legacy
18038,"Sausage, breakfast sausage, beef, pre-cooked, unprepared",,Liha ja linnuliha,327,12.9,4.6,28.2,0,1,11.3,2.26,usda_sr_legacy
18027,"Sausage, chicken, beef, pork, skinless",,Liha ja linnuliha,216,13.6,8.1,14.3,0,1.9,4.8,2.585,usda_sr_legacy
17302,"Sausage, chicken or turkey, Italian style, lower sodium",,Liha ja linnuliha,183,21.4,14.3,4.5,0,0.8,0.89,1.115,usda_sr_legacy
18008,"Sausage, Italian, pork, mild, cooked",,Liha ja linnuliha,324,18.4,1.9,26.4,0,1.4,9.03,2.003,usda_sr_legacy
15229,"Sausage, Italian, pork, mild, raw",,Liha ja linnuliha,290,13.9,3,24.3,0,1.2,8.62,1.408,usda_sr_legacy
16467,"Sausage, Italian, sweet, links",,Liha ja linnuliha,149,16.1,2.1,8.4,0,0,3.26,1.425,usda_sr_legacy
18026,"Sausage, Italian, turkey, smoked",,Liha ja linnuliha,158,15.1,4.7,8.8,0.9,3.2,3.4,2.32,usda_sr_legacy
18010,"Sausage, New england brand, pork, beef",,Liha ja linnuliha,161,17.3,4.8,7.6,0,,2.56,3.05,usda_sr_legacy
16468,"Sausage, Polish, beef with chicken, hot",,Liha ja linnuliha,259,17.6,3.6,19.4,0,0,8.01,3.85,usda_sr_legacy
16469,"Sausage, Polish, pork and beef, smoked",,Liha ja linnuliha,301,12.1,2,26.6,0,0,9.21,2.12,usda_sr_legacy
18001,"Sausage, pork and beef, fresh, cooked",,Liha ja linnuliha,396,13.8,2.7,36.3,0,0,12.96,2.323,usda_sr_legacy
16470,"Sausage, pork and beef, with cheddar cheese, smoked",,Liha ja linnuliha,296,12.9,2.1,25.8,0,0.1,9.48,2.12,usda_sr_legacy
15230,"Sausage, pork and turkey, pre-cooked",,Liha ja linnuliha,342,12.1,3.6,30.6,0,0,9.88,2.19,usda_sr_legacy
17281,"Sausage, pork, chorizo, link or ground, raw",,Liha ja linnuliha,296,13.6,3.8,25.1,0,0,8.6,1.97,usda_sr_legacy
17305,"Sausage, pork, turkey, and beef, reduced sodium",,Liha ja linnuliha,284,10.7,0.1,26.8,0.1,0,10.71,1.698,usda_sr_legacy
18006,"Sausage, smoked link sausage, pork",,Liha ja linnuliha,309,12,0.9,28.2,0,0.9,9.31,2.068,usda_sr_legacy
18007,"Sausage, smoked link sausage, pork and beef",,Liha ja linnuliha,320,12,2.4,28.7,0,0,9.77,2.278,usda_sr_legacy
16454,"Sausage, smoked link sausage, pork and beef (nonfat dry milk added)",,Liha ja linnuliha,313,13.3,1.9,27.6,0,,9.72,2.933,usda_sr_legacy
18021,"Sausage, summer, pork and beef, sticks, with cheddar cheese",,Liha ja linnuliha,426,19.4,1.8,37.9,0.2,0.1,10.47,3.708,usda_sr_legacy
11583,"Sausage, turkey and pork, fresh, patty or link, cooked",,Liha ja linnuliha,307,22.7,0.7,23,0,0,7.95,2.195,usda_sr_legacy
18022,"Sausage, turkey, breakfast links, mild, raw",,Liha ja linnuliha,174,15.9,3.2,10.4,0,0,2.82,1.785,usda_sr_legacy
17293,"Sausage, turkey, fresh, cooked",,Liha ja linnuliha,196,23.9,0,10.4,0,0,2.27,1.663,usda_sr_legacy
18039,"Sausage, turkey, fresh, raw",,Liha ja linnuliha,155,18.8,0.5,8.1,0,0,1.96,1.483,usda_sr_legacy
18028,"Sausage, turkey, hot, smoked",,Liha ja linnuliha,158,15.1,4.7,8.8,0.3,3.2,3.4,2.29,usda_sr_legacy
16463,"Sausage, turkey, pork, and beef, low fat",,Liha ja linnuliha,101,8,11.5,2.5,0.6,0,0.85,1.99,usda_sr_legacy
18002,"Sausage, turkey, reduced fat, brown and serve, cooked",,Liha ja linnuliha,204,17,10.9,10.3,0.3,0,2.87,1.803,usda_sr_legacy
16457,"Sausage, Vienna, canned, chicken, beef",,Liha ja linnuliha,230,10.5,2.6,19.4,0,0,7.13,2.198,usda_sr_legacy
16484,"Scrapple, pork",,Liha ja linnuliha,213,8.1,14.1,13.9,0.3,0.2,4.73,1.205,usda_sr_legacy
14744,"Squab, (pigeon), light meat without skin, raw",,Liha ja linnuliha,134,21.8,0,4.5,0,,1.18,0.138,usda_sr_legacy
17897,"Squab, (pigeon), meat and skin, raw",,Liha ja linnuliha,294,18.5,0,23.8,0,,8.43,0.135,usda_sr_legacy
14743,"Squab, (pigeon), meat only, raw",,Liha ja linnuliha,142,17.5,0,7.5,0,,1.96,0.128,usda_sr_legacy
18023,"Swisswurst, pork and beef, with swiss cheese, smoked",,Liha ja linnuliha,307,12.7,1.6,27.4,0,0,,2.068,usda_sr_legacy
16455,"Thuringer, cervelat, summer sausage, beef, pork",,Liha ja linnuliha,362,17.5,3.3,30.4,0,0.9,11.51,3.25,usda_sr_legacy
14756,"Turkey, all classes, back, meat and skin, cooked",,Liha ja linnuliha,244,26.6,0.2,14.4,0,0,4.18,0.183,usda_sr_legacy
15090,"Turkey, all classes, breast, meat and skin, cooked",,Liha ja linnuliha,189,28.7,0,7.4,0,,2.1,0.158,usda_sr_legacy
14757,"Turkey, all classes, breast, meat and skin, raw",,Liha ja linnuliha,157,21.9,0,7,0,,1.91,0.148,usda_sr_legacy
15081,"Turkey, all classes, gizzard, cooked, simmered",,Liha ja linnuliha,155,26.5,0,4.6,0,0,1.06,0.318,usda_sr_legacy
15083,"Turkey, all classes, heart, cooked, simmered",,Liha ja linnuliha,174,24.9,0,7.5,0,0,1.9,0.35,usda_sr_legacy
15082,"Turkey, all classes, heart, raw",,Liha ja linnuliha,140,16.7,0.4,7.4,0,0,1.92,0.323,usda_sr_legacy
15092,"Turkey, all classes, leg, meat and skin, cooked",,Liha ja linnuliha,208,27.9,0,9.8,0,0,3.06,0.193,usda_sr_legacy
15091,"Turkey, all classes, leg, meat and skin, raw",,Liha ja linnuliha,144,19.5,0,6.7,0,,2.06,0.185,usda_sr_legacy
15089,"Turkey, all classes, light meat, cooked, roasted",,Liha ja linnuliha,147,30.1,0,2.1,0,0,0.59,0.248,usda_sr_legacy
15085,"Turkey, all classes, liver, cooked, simmered",,Liha ja linnuliha,189,27,0,8.2,0,0,2.3,0.245,usda_sr_legacy
15084,"Turkey, all classes, liver, raw",,Liha ja linnuliha,128,18.3,0,5.5,0,0,1.66,0.328,usda_sr_legacy
14758,"Turkey, all classes, wing, meat and skin, cooked",,Liha ja linnuliha,229,27.4,0,12.4,0,0,3.39,0.153,usda_sr_legacy
15093,"Turkey, all classes, wing, meat and skin, raw",,Liha ja linnuliha,197,20.2,0,12.3,0,,3.28,0.138,usda_sr_legacy
15098,"Turkey and gravy, frozen",,Liha ja linnuliha,67,5.9,4.6,2.6,0,,0.85,1.385,usda_sr_legacy
14802,"Turkey, back, from whole bird, meat and skin, with added solution",,Liha ja linnuliha,206,16.9,0.2,15.4,0,0.1,2.73,0.393,usda_sr_legacy
14803,"Turkey, back, from whole bird, meat and skin, with added solution",,Liha ja linnuliha,205,25.8,0,11.4,0,0,3.21,0.593,usda_sr_legacy
17942,"Turkey, back, from whole bird, meat only, with added solution",,Liha ja linnuliha,115,19.3,0.2,4.1,0,0.1,1.12,0.418,usda_sr_legacy
17943,"Turkey, back, from whole bird, meat only, with added solution",,Liha ja linnuliha,127,27,0,2.1,0,0,0.59,0.595,usda_sr_legacy
2040,Turkey breast,,Liha ja linnuliha,135,29.5,0,1.5,0,0,,,
17941,"Turkey, breast, from whole bird, meat only, with added solution",,Liha ja linnuliha,127,27,0,2.1,0,0,0.59,0.595,usda_sr_legacy
16391,"Turkey, breast, from whole bird, meat only, with added solution",,Liha ja linnuliha,102,21.5,0.1,1.7,0,0.1,0.54,0.515,usda_sr_legacy
17994,"Turkey breast, low salt, prepackaged or deli, luncheon meat",,Liha ja linnuliha,109,21.8,3.5,0.8,0.5,3.5,0.2,1.93,usda_sr_legacy
15099,"Turkey breast, pre-basted, meat and skin, cooked, roasted",,Liha ja linnuliha,126,22.2,0,3.5,0,,0.98,0.993,usda_sr_legacy
16456,"Turkey breast, sliced, prepackaged",,Liha ja linnuliha,106,14.8,2.2,3.8,0,0.9,0.91,2.245,usda_sr_legacy
18034,"Turkey, breast, smoked, lemon pepper flavor, 97% fat-free",,Liha ja linnuliha,95,20.9,1.3,0.7,0,0,0.22,2.9,usda_sr_legacy
14765,"Turkey, canned, meat only, with broth",,Liha ja linnuliha,169,23.7,1.5,6.9,0,0,2,1.295,usda_sr_legacy
17932,"Turkey, dark meat from whole, meat and skin, with added solution, cooked",,Liha ja linnuliha,199,25.6,0,10.8,0,0,3.15,0.515,usda_sr_legacy
17931,"Turkey, dark meat from whole, meat and skin, with added solution, raw",,Liha ja linnuliha,169,17.8,0.2,10.8,0,0.1,2.6,0.403,usda_sr_legacy
17929,"Turkey, dark meat from whole, meat only, with added solution, raw",,Liha ja linnuliha,115,19.3,0.1,4.1,0,0.1,1.12,0.418,usda_sr_legacy
15086,"Turkey, dark meat, meat and skin, raw",,Liha ja linnuliha,166,19.8,0.2,9,0,0.1,2.41,0.283,usda_sr_legacy
17930,"Turkey, dark meat, meat only, with added solution, cooked",,Liha ja linnuliha,158,26.1,0,6,0,0,1.81,0.503,usda_sr_legacy
14766,"Turkey, diced, light and dark meat, seasoned",,Liha ja linnuliha,138,18.7,1,6,0,,1.75,2.125,usda_sr_legacy
14800,"Turkey, drumstick, from whole bird, meat only, raw",,Liha ja linnuliha,109,23.7,0.1,1.5,0,0.1,0.29,0.283,usda_sr_legacy
15128,"Turkey, drumstick, from whole bird, meat only, roasted",,Liha ja linnuliha,139,30.1,0,2.1,0,0,0.59,0.248,usda_sr_legacy
14792,"Turkey, drumstick, from whole bird, meat only, with added solution",,Liha ja linnuliha,158,26.1,0,6,0,0,1.81,0.503,usda_sr_legacy
15123,"Turkey, drumstick, from whole bird, meat only, with added solution",,Liha ja linnuliha,115,19.3,0.2,4.1,0,0.1,1.12,0.418,usda_sr_legacy
11599,"Turkey, drumstick, smoked, cooked, with skin",,Liha ja linnuliha,200,27.9,0,9.8,0,0,3.05,2.49,usda_sr_legacy
17934,"Turkey from whole, light meat, meat and skin, with added solution, cooked",,Liha ja linnuliha,157,26.5,0,5.6,0,0,1.59,0.593,usda_sr_legacy
17933,"Turkey from whole, light meat, meat and skin, with added solution, raw",,Liha ja linnuliha,147,20,0.1,7.4,0,0.1,1.35,0.488,usda_sr_legacy
16380,"Turkey from whole, light meat, meat only, with added solution, cooked",,Liha ja linnuliha,127,27,0,2.1,0,0,0.59,0.595,usda_sr_legacy
16379,"Turkey from whole, light meat, meat only, with added solution, raw",,Liha ja linnuliha,101,21.5,0,1.7,0,0.1,0.54,0.515,usda_sr_legacy
14759,"Turkey, fryer-roasters, meat and skin, cooked, roasted",,Liha ja linnuliha,172,28.3,0,5.7,0,0,1.65,0.165,usda_sr_legacy
14749,"Turkey, gizzard, all classes, raw",,Liha ja linnuliha,111,18.8,0,3.4,0,0,0.93,0.368,usda_sr_legacy
17916,"Turkey, ground, 85% lean, 15% fat, pan-broiled crumbles",,Liha ja linnuliha,258,25.1,0,17.5,0,0,4.57,0.213,usda_sr_legacy
17917,"Turkey, ground, 85% lean, 15% fat, patties",,Liha ja linnuliha,249,25.9,0,16.2,0,0,4.13,0.203,usda_sr_legacy
17915,"Turkey, ground, 85% lean, 15% fat, raw",,Liha ja linnuliha,180,16.9,0,12.5,0,0,3.41,0.135,usda_sr_legacy
16366,"Turkey, ground, 93% lean, 7% fat, pan-broiled crumbles",,Liha ja linnuliha,213,27.1,0,11.6,0,0,2.97,0.225,usda_sr_legacy
17914,"Turkey, ground, 93% lean, 7% fat, patties",,Liha ja linnuliha,207,25.9,0,11.5,0,0,2.96,0.228,usda_sr_legacy
16365,"Turkey, ground, 93% lean, 7% fat, raw",,Liha ja linnuliha,150,18.7,0,8.3,0,0,2.17,0.173,usda_sr_legacy
15104,"Turkey, Ground, cooked",,Liha ja linnuliha,203,27.4,0,10.4,0,0,2.67,0.195,usda_sr_legacy
16363,"Turkey, ground, fat free, pan-broiled crumbles",,Liha ja linnuliha,151,31.7,0,2.7,0,0,0.72,0.153,usda_sr_legacy
16364,"Turkey, ground, fat free, patties, broiled",,Liha ja linnuliha,138,29,0,2.5,0,0,0.67,0.148,usda_sr_legacy
16362,"Turkey, ground, fat free, raw",,Liha ja linnuliha,112,23.6,0,2,0,0,0.49,0.128,usda_sr_legacy
15103,"Turkey, Ground, raw",,Liha ja linnuliha,148,19.7,0,7.7,0,0,2.02,0.145,usda_sr_legacy
2041,Turkey leg,,Liha ja linnuliha,155,24,0,6,0,0,,,
11602,"Turkey, light or dark meat, smoked, cooked, skin and bone removed",,Liha ja linnuliha,162,29.3,0,5,0,0,1.37,2.49,usda_sr_legacy
11954,"Turkey, light or dark meat, smoked, cooked, with skin",,Liha ja linnuliha,208,28.1,0,9.7,0,0,2.83,2.49,usda_sr_legacy
15102,"Turkey, mechanically deboned, from turkey frames, raw",,Liha ja linnuliha,201,13.3,0,16,0,,5.31,0.12,usda_sr_legacy
15127,"Turkey, retail parts, breast, meat and skin, cooked",,Liha ja linnuliha,164,29,0.1,5.3,0,0,1.66,0.285,usda_sr_legacy
15126,"Turkey, retail parts, breast, meat and skin, raw",,Liha ja linnuliha,155,21.9,0,7.5,0,0,1.76,0.18,usda_sr_legacy
14794,"Turkey, retail parts, breast, meat and skin, with added solution",,Liha ja linnuliha,144,20.8,0,6.8,0,0,1.24,0.315,usda_sr_legacy
17938,"Turkey, retail parts, breast, meat only, cooked",,Liha ja linnuliha,136,29.5,0,2,0,0,0.66,0.285,usda_sr_legacy
17937,"Turkey, retail parts, breast, meat only, raw",,Liha ja linnuliha,114,23.3,0,2.3,0,0,0.34,0.185,usda_sr_legacy
17936,"Turkey, retail parts, breast, meat only, with added solution",,Liha ja linnuliha,130,27.9,0,2.1,0,0,0.43,0.46,usda_sr_legacy
17935,"Turkey, retail parts, breast, meat only, with added solution",,Liha ja linnuliha,111,22,0,2.5,0,0,0.6,0.31,usda_sr_legacy
14799,"Turkey, retail parts, drumstick, meat and skin, cooked",,Liha ja linnuliha,197,28.2,0,9.4,0,0,2.31,0.28,usda_sr_legacy
14798,"Turkey, retail parts, drumstick, meat and skin, raw",,Liha ja linnuliha,141,20,0,6.8,0,0,1.9,0.215,usda_sr_legacy
16393,"Turkey, retail parts, drumstick, meat only, cooked",,Liha ja linnuliha,173,28.6,0,6.5,0,0,1.71,0.28,usda_sr_legacy
16390,"Turkey, retail parts, drumstick, meat only, raw",,Liha ja linnuliha,118,20.5,0,4,0,0,1.07,0.218,usda_sr_legacy
14801,"Turkey, retail parts, thigh, meat and skin, cooked",,Liha ja linnuliha,183,24,0.4,9.5,0,0,2.96,0.253,usda_sr_legacy
15131,"Turkey, retail parts, thigh, meat and skin, raw",,Liha ja linnuliha,161,19.5,0,9.2,0,0,2.39,0.188,usda_sr_legacy
16392,"Turkey, retail parts, thigh, meat only, cooked",,Liha ja linnuliha,159,25.1,0.5,6.3,0,0,2.02,0.26,usda_sr_legacy
17940,"Turkey, retail parts, thigh, meat only, raw",,Liha ja linnuliha,116,20.6,0,3.7,0,0,0.78,0.188,usda_sr_legacy
14797,"Turkey, retail parts, wing, meat and skin, cooked",,Liha ja linnuliha,235,28.7,0.1,13.3,0,0,3.66,0.265,usda_sr_legacy
14796,"Turkey, retail parts, wing, meat and skin, raw",,Liha ja linnuliha,202,19.5,0.1,13.8,0,0,3.55,0.168,usda_sr_legacy
16387,"Turkey, retail parts, wing, meat only, cooked",,Liha ja linnuliha,170,30.2,0,5.5,0,0,1.36,0.258,usda_sr_legacy
17939,"Turkey, retail parts, wing, meat only, raw",,Liha ja linnuliha,112,22.5,0,2.5,0,0,0.46,0.173,usda_sr_legacy
15101,"Turkey roast, boneless, frozen, seasoned, light and dark meat",,Liha ja linnuliha,120,17.6,6.4,2.2,0,,0.73,1.695,usda_sr_legacy
16389,"Turkey, skin, from retail parts, from dark meat, cooked",,Liha ja linnuliha,414,24.6,0,35,0,0,10.18,0.265,usda_sr_legacy
16388,"Turkey, skin, from retail parts, from dark meat, raw",,Liha ja linnuliha,380,14.4,0,35.8,0,0,10.22,0.195,usda_sr_legacy
16381,"Turkey, skin from whole (light and dark), with added solution, raw",,Liha ja linnuliha,381,12.3,0.2,36.8,0,0.1,10.43,0.345,usda_sr_legacy
16382,"Turkey, skin from whole, (light and dark), with added solution, roasted",,Liha ja linnuliha,451,22.2,0,40.3,0,0,11.36,0.585,usda_sr_legacy
14767,"Turkey sticks, breaded, battered, fried",,Liha ja linnuliha,279,14.2,17,16.9,0,,4.38,2.095,usda_sr_legacy
15129,"Turkey, thigh, from whole bird, meat only, raw",,Liha ja linnuliha,108,21.3,0.2,2.5,0,0.1,0.68,0.31,usda_sr_legacy
15130,"Turkey, thigh, from whole bird, meat only, roasted",,Liha ja linnuliha,165,27.7,0,6,0,0,1.81,0.26,usda_sr_legacy
14793,"Turkey, thigh, from whole bird, meat only, with added solution",,Liha ja linnuliha,115,19.3,0.2,4.1,0,0.1,1.12,0.418,usda_sr_legacy
14795,"Turkey, thigh, from whole bird, meat only, with added solution",,Liha ja linnuliha,158,26.1,0,6,0,0,1.81,0.503,usda_sr_legacy
15100,"Turkey thigh, pre-basted, meat and skin, cooked, roasted",,Liha ja linnuliha,157,18.8,0,8.5,0,,2.65,1.093,usda_sr_legacy
18035,"Turkey, white, rotisserie, deli cut",,Liha ja linnuliha,112,13.5,7.7,3,0.4,4,0.12,3,usda_sr_legacy
14761,"Turkey, whole, back, meat only, cooked",,Liha ja linnuliha,173,27.7,0,6,0,0,1.81,0.26,usda_sr_legacy
14760,"Turkey, whole, back, meat only, raw",,Liha ja linnuliha,113,21.3,0.2,2.5,0,0.1,,0.31,usda_sr_legacy
15094,"Turkey, whole, breast, meat only, cooked",,Liha ja linnuliha,147,30.1,0,2.1,0,0,0.59,0.248,usda_sr_legacy
14762,"Turkey, whole, breast, meat only, raw",,Liha ja linnuliha,114,23.7,0.1,1.5,0,0.1,0.29,0.283,usda_sr_legacy
14755,"Turkey, whole, dark meat, cooked, roasted",,Liha ja linnuliha,173,27.7,0,6,0,0,1.81,0.26,usda_sr_legacy
15087,"Turkey, whole, dark meat, meat and skin, cooked",,Liha ja linnuliha,206,27.3,0.1,10,0,0,2.93,0.263,usda_sr_legacy
14754,"Turkey, whole, dark meat, meat only, raw",,Liha ja linnuliha,108,21.3,0.2,2.5,0,0.1,0.68,0.31,usda_sr_legacy
14748,"Turkey, whole, giblets, cooked, simmered",,Liha ja linnuliha,173,26.4,0,6.6,0,0,1.73,0.293,usda_sr_legacy
14747,"Turkey, whole, giblets, raw",,Liha ja linnuliha,124,18.2,0.1,5.1,0,0,1.45,0.34,usda_sr_legacy
14753,"Turkey, whole, light meat, meat and skin, cooked",,Liha ja linnuliha,177,29.6,0.1,5.6,0,0,1.6,0.253,usda_sr_legacy
14752,"Turkey, whole, light meat, meat and skin, raw",,Liha ja linnuliha,161,22,0.2,7.4,0,0.1,1.9,0.263,usda_sr_legacy
15088,"Turkey, whole, light meat, raw",,Liha ja linnuliha,114,23.7,0.1,1.5,0,0.1,0.29,0.283,usda_sr_legacy
15077,"Turkey, whole, meat and skin, cooked, roasted",,Liha ja linnuliha,189,28.6,0.1,7.4,0,0,2.16,0.258,usda_sr_legacy
14745,"Turkey, whole, meat and skin, raw",,Liha ja linnuliha,144,21.6,0.1,5.6,0,0.1,1.46,0.28,usda_sr_legacy
16385,"Turkey, whole, meat and skin, with added solution, raw",,Liha ja linnuliha,159,19,0.2,9.1,0,0.1,1.7,0.45,usda_sr_legacy
16386,"Turkey, whole, meat and skin, with added solution, roasted",,Liha ja linnuliha,176,26.1,0,8,0,0,2.3,0.56,usda_sr_legacy
15079,"Turkey, whole, meat only, cooked, roasted",,Liha ja linnuliha,159,29.1,0,3.8,0,0,1.13,0.253,usda_sr_legacy
15078,"Turkey, whole, meat only, raw",,Liha ja linnuliha,115,22.6,0.1,1.9,0,0.1,0.46,0.295,usda_sr_legacy
16383,"Turkey, whole, meat only, with added solution, raw",,Liha ja linnuliha,106,20.9,0.1,2.4,0,0.1,0.54,0.485,usda_sr_legacy
16384,"Turkey, whole, meat only, with added solution, roasted",,Liha ja linnuliha,140,26.6,0,3.7,0,0,1.09,0.558,usda_sr_legacy
14751,"Turkey, whole, neck, meat only, cooked",,Liha ja linnuliha,162,22.5,0,7.4,0,0,2.22,0.615,usda_sr_legacy
14750,"Turkey, whole, neck, meat only, raw",,Liha ja linnuliha,125,16.5,0,6,0,0,1.65,0.583,usda_sr_legacy
15080,"Turkey, whole, skin (light and dark), raw",,Liha ja linnuliha,407,13,0.2,38.9,0,0.1,10.43,0.155,usda_sr_legacy
14746,"Turkey, whole, skin (light and dark), roasted",,Liha ja linnuliha,459,23.9,0.6,39.3,0,0,11.36,0.29,usda_sr_legacy
15096,"Turkey, whole, wing, meat only, cooked",,Liha ja linnuliha,147,30.1,0,2.1,0,0,0.59,0.248,usda_sr_legacy
15095,"Turkey, whole, wing, meat only, raw",,Liha ja linnuliha,115,23.7,0.1,1.5,0,0.1,0.29,0.283,usda_sr_legacy
15125,"Turkey, wing, from whole bird, meat only, with added solution",,Liha ja linnuliha,127,27,0,2.1,0,0,0.59,0.595,usda_sr_legacy
15124,"Turkey, wing, from whole bird, meat only, with added solution",,Liha ja linnuliha,102,21.5,0.1,1.7,0,0.1,0.54,0.515,usda_sr_legacy
11598,"Turkey, wing, smoked, cooked, with skin",,Liha ja linnuliha,221,27.4,0,12.4,0,0,3.38,2.49,usda_sr_legacy
15097,"Turkey, young hen, skin only, cooked, roasted",,Liha ja linnuliha,482,19,0,44.5,0,,11.59,0.11,usda_sr_legacy
15993,"Veal, Australian, rib, rib roast, raw",,Liha ja linnuliha,134,21.7,1.4,4.6,0,0,2.05,0.208,usda_sr_legacy
17272,"Veal, Australian, rib, rib roast, raw",,Liha ja linnuliha,201,19.6,1.2,13.1,0,0,5.89,0.19,usda_sr_legacy
17271,"Veal, Australian, separable fat, raw",,Liha ja linnuliha,509,9.9,0,52.2,0,0,23.56,0.11,usda_sr_legacy
17855,"Veal, Australian, shank, fore, bone-in",,Liha ja linnuliha,145,19.6,0,7.4,0,0,2.95,0.27,usda_sr_legacy
17854,"Veal, Australian, shank, fore, bone-in",,Liha ja linnuliha,123,20.2,0,4.7,0,0,1.67,0.28,usda_sr_legacy
16121,"Veal, Australian, shank, hind, bone-in",,Liha ja linnuliha,122,20.4,0,4.5,0,0,1.7,0.245,usda_sr_legacy
16122,"Veal, Australian, shank, hind, bone-in",,Liha ja linnuliha,144,19.8,0,7.2,0,0,2.95,0.238,usda_sr_legacy
17816,"Veal, breast, plate half, boneless, cooked",,Liha ja linnuliha,282,25.9,0,19,0,,7.43,0.16,usda_sr_legacy
17817,"Veal, breast, point half, boneless, cooked",,Liha ja linnuliha,248,28.2,0,14.2,0,,5.49,0.165,usda_sr_legacy
16082,"Veal, breast, separable fat, cooked",,Liha ja linnuliha,521,9.4,0,53.4,0,,21.41,0.123,usda_sr_legacy
17815,"Veal, breast, whole, boneless, cooked",,Liha ja linnuliha,266,27,0,16.8,0,,6.55,0.163,usda_sr_legacy
17818,"Veal, breast, whole, boneless, cooked",,Liha ja linnuliha,218,30.3,0,9.8,0,,3.72,0.17,usda_sr_legacy
17814,"Veal, breast, whole, boneless, raw",,Liha ja linnuliha,208,17.5,0,14.8,0,,5.9,0.178,usda_sr_legacy
17238,"Veal, cooked",,Liha ja linnuliha,231,30.1,0,11.4,0,0,4.28,0.218,usda_sr_legacy
18681,"Veal, cooked",,Liha ja linnuliha,196,31.9,0,6.6,0,0,1.84,0.223,usda_sr_legacy
18705,"Veal, cubed for stew (leg and shoulder), cooked, braised",,Liha ja linnuliha,188,34.9,0,4.3,0,,1.3,0.233,usda_sr_legacy
17265,"Veal, cubed for stew (leg and shoulder), raw",,Liha ja linnuliha,109,20.3,0,2.5,0,,0.75,0.208,usda_sr_legacy
18299,"Veal, external fat only, cooked",,Liha ja linnuliha,540,15.3,0,53.2,0,0,17.75,0.258,usda_sr_legacy
18298,"Veal, external fat only, raw",,Liha ja linnuliha,503,8.9,0.9,51.6,0,0,19.08,0.223,usda_sr_legacy
16161,"Veal, foreshank, osso buco, cooked, braised",,Liha ja linnuliha,157,29.1,0,4.5,0,0,1.66,0.225,usda_sr_legacy
16164,"Veal, foreshank, osso buco, cooked, braised",,Liha ja linnuliha,182,27.9,0.1,7.8,0,0,2.71,0.225,usda_sr_legacy
18707,"Veal, ground, cooked, broiled",,Liha ja linnuliha,172,24.4,0,7.6,0,0,3.04,0.208,usda_sr_legacy
18295,"Veal, ground, cooked, pan-fried",,Liha ja linnuliha,215,25.8,1.5,11.8,0,0,4.37,0.365,usda_sr_legacy
18706,"Veal, ground, raw",,Liha ja linnuliha,197,18.6,0,13.1,0,0,5.11,0.258,usda_sr_legacy
16158,"Veal, leg, top round, cap off, cutlet",,Liha ja linnuliha,107,22.1,0,2.1,0,0,0.81,0.215,usda_sr_legacy
18296,"Veal, leg, top round, cap off, cutlet",,Liha ja linnuliha,151,31.9,0,2.6,0,0,1.01,0.22,usda_sr_legacy
18686,"Veal, leg (top round), cooked, braised",,Liha ja linnuliha,203,36.7,0,5.1,0,,1.92,0.168,usda_sr_legacy
17240,"Veal, leg (top round), cooked, braised",,Liha ja linnuliha,211,36.2,0,6.3,0,0,2.53,0.168,usda_sr_legacy
17241,"Veal, leg (top round), cooked, pan-fried, breaded",,Liha ja linnuliha,238,27.3,9.9,9.2,0.3,0.6,3.06,1.135,usda_sr_legacy
18687,"Veal, leg (top round), cooked, pan-fried, breaded",,Liha ja linnuliha,216,28.4,9.8,6.3,0.2,0.6,1.6,1.138,usda_sr_legacy
18688,"Veal, leg (top round), cooked, pan-fried, not breaded",,Liha ja linnuliha,183,33.2,0,4.6,0,0,1.29,0.193,usda_sr_legacy
17242,"Veal, leg (top round), cooked, pan-fried, not breaded",,Liha ja linnuliha,211,31.8,0,8.4,0,0,3.16,0.19,usda_sr_legacy
17243,"Veal, leg (top round), cooked, roasted",,Liha ja linnuliha,160,27.7,0,4.7,0,0,1.84,0.17,usda_sr_legacy
17244,"Veal, leg (top round), cooked, roasted",,Liha ja linnuliha,150,28.1,0,3.4,0,,1.22,0.17,usda_sr_legacy
18684,"Veal, leg (top round), raw",,Liha ja linnuliha,117,21,0,3.1,0,0,1.18,0.158,usda_sr_legacy
18685,"Veal, leg (top round), raw",,Liha ja linnuliha,107,21.3,0,1.8,0,,0.53,0.16,usda_sr_legacy
16165,"Veal, loin, chop, cooked, grilled",,Liha ja linnuliha,198,28,0.2,9.5,0,0,3.38,0.215,usda_sr_legacy
16159,"Veal, loin, chop, cooked, grilled",,Liha ja linnuliha,159,29.8,0.1,4.4,0,0,1.74,0.213,usda_sr_legacy
17246,"Veal, loin, cooked, braised",,Liha ja linnuliha,284,30.2,0,17.2,0,0,6.73,0.2,usda_sr_legacy
18689,"Veal, loin, cooked, braised",,Liha ja linnuliha,226,33.6,0,9.2,0,0,2.55,0.21,usda_sr_legacy
18690,"Veal, loin, cooked, roasted",,Liha ja linnuliha,175,26.3,0,6.9,0,0,2.58,0.24,usda_sr_legacy
17247,"Veal, loin, cooked, roasted",,Liha ja linnuliha,217,24.8,0,12.3,0,0,5.26,0.233,usda_sr_legacy
17248,"Veal, loin, raw",,Liha ja linnuliha,114,21.9,0,2.9,0,0,1.12,0.248,usda_sr_legacy
17245,"Veal, loin, raw",,Liha ja linnuliha,177,20.1,0.1,10.1,0,0,3.61,0.245,usda_sr_legacy
17237,"Veal, raw",,Liha ja linnuliha,144,19.4,0,6.8,0,,2.79,0.205,usda_sr_legacy
17239,"Veal, raw",,Liha ja linnuliha,112,20.2,0,2.9,0,,0.86,0.215,usda_sr_legacy
18692,"Veal, rib, cooked, braised",,Liha ja linnuliha,251,32.4,0,12.5,0,0,4.95,0.238,usda_sr_legacy
17251,"Veal, rib, cooked, braised",,Liha ja linnuliha,218,34.4,0,7.8,0,0,2.56,0.248,usda_sr_legacy
17249,"Veal, rib, cooked, roasted",,Liha ja linnuliha,228,24,0,14,0,,5.41,0.23,usda_sr_legacy
17252,"Veal, rib, cooked, roasted",,Liha ja linnuliha,177,25.8,0,7.4,0,,2.08,0.243,usda_sr_legacy
17250,"Veal, rib, raw",,Liha ja linnuliha,120,20,0,3.9,0,,1.17,0.238,usda_sr_legacy
18691,"Veal, rib, raw",,Liha ja linnuliha,162,18.9,0,9,0,,3.71,0.223,usda_sr_legacy
16162,"Veal, seam fat only, cooked",,Liha ja linnuliha,505,11.2,2.1,50.2,0,0,16.32,0.218,usda_sr_legacy
18300,"Veal, seam fat only, raw",,Liha ja linnuliha,444,12.5,0,43.8,0,0,14.24,0.223,usda_sr_legacy
18683,"Veal, separable fat, cooked",,Liha ja linnuliha,642,9.4,0,66.7,0,,32.39,0.143,usda_sr_legacy
18682,"Veal, separable fat, raw",,Liha ja linnuliha,638,6,0,67.8,0,,32.92,0.065,usda_sr_legacy
16084,"Veal, shank (fore and hind), cooked, braised",,Liha ja linnuliha,191,31.5,0,6.2,0,,2.08,0.233,usda_sr_legacy
16086,"Veal, shank (fore and hind), cooked, braised",,Liha ja linnuliha,177,32.2,0,4.3,0,,1.14,0.235,usda_sr_legacy
16083,"Veal, shank (fore and hind), raw",,Liha ja linnuliha,113,19.2,0,3.5,0,,1.06,0.21,usda_sr_legacy
16085,"Veal, shank (fore and hind), raw",,Liha ja linnuliha,108,19.3,0,2.8,0,,0.74,0.213,usda_sr_legacy
16163,"Veal, shank, raw",,Liha ja linnuliha,107,19.3,0,3.3,0,0,1.18,0.268,usda_sr_legacy
16160,"Veal, shank, raw",,Liha ja linnuliha,94,19.8,0,1.6,0,0,0.64,0.273,usda_sr_legacy
17256,"Veal, shoulder, arm, cooked, braised",,Liha ja linnuliha,236,33.6,0,10.2,0,,3.96,0.218,usda_sr_legacy
18699,"Veal, shoulder, arm, cooked, braised",,Liha ja linnuliha,201,35.7,0,5.3,0,,1.49,0.225,usda_sr_legacy
18700,"Veal, shoulder, arm, cooked, roasted",,Liha ja linnuliha,164,26.1,0,5.8,0,,2.31,0.228,usda_sr_legacy
18697,"Veal, shoulder, arm, cooked, roasted",,Liha ja linnuliha,183,25.5,0,8.3,0,,3.51,0.225,usda_sr_legacy
17255,"Veal, shoulder, arm, raw",,Liha ja linnuliha,132,19.3,0,5.4,0,0,2.26,0.208,usda_sr_legacy
18698,"Veal, shoulder, arm, raw",,Liha ja linnuliha,105,20,0,2.2,0,,0.65,0.215,usda_sr_legacy
18297,"Veal, shoulder, blade chop, cooked, grilled",,Liha ja linnuliha,159,27.3,0,5.5,0,0,2.09,0.283,usda_sr_legacy
16166,"Veal, shoulder, blade chop, cooked, grilled",,Liha ja linnuliha,199,25.7,0.2,10.6,0,0,3.72,0.278,usda_sr_legacy
17260,"Veal, shoulder, blade chop, raw",,Liha ja linnuliha,110,19.6,0,2.9,0,0,1.11,0.23,usda_sr_legacy
17257,"Veal, shoulder, blade chop, raw",,Liha ja linnuliha,148,18.7,0,7.6,0,0,2.7,0.228,usda_sr_legacy
17261,"Veal, shoulder, blade, cooked, braised",,Liha ja linnuliha,198,32.7,0,6.5,0,0,1.81,0.253,usda_sr_legacy
17258,"Veal, shoulder, blade, cooked, braised",,Liha ja linnuliha,225,31.3,0,10.1,0,0,3.64,0.245,usda_sr_legacy
18701,"Veal, shoulder, blade, cooked, roasted",,Liha ja linnuliha,171,25.6,0,6.9,0,,2.57,0.255,usda_sr_legacy
17259,"Veal, shoulder, blade, cooked, roasted",,Liha ja linnuliha,186,25.2,0,8.7,0,,3.46,0.25,usda_sr_legacy
18694,"Veal, shoulder, whole (arm and blade), cooked, braised",,Liha ja linnuliha,228,32.1,0,10.1,0,0,3.75,0.238,usda_sr_legacy
17253,"Veal, shoulder, whole (arm and blade), cooked, braised",,Liha ja linnuliha,199,33.7,0,6.1,0,,1.7,0.243,usda_sr_legacy
18695,"Veal, shoulder, whole (arm and blade), cooked, roasted",,Liha ja linnuliha,184,25.3,0,8.4,0,,3.4,0.24,usda_sr_legacy
17254,"Veal, shoulder, whole (arm and blade), cooked, roasted",,Liha ja linnuliha,170,25.8,0,6.6,0,,2.5,0.243,usda_sr_legacy
18693,"Veal, shoulder, whole (arm and blade), raw",,Liha ja linnuliha,130,19.3,0,5.3,0,0,2.05,0.228,usda_sr_legacy
18696,"Veal, shoulder, whole (arm and blade), raw",,Liha ja linnuliha,112,19.8,0,3,0,,0.9,0.23,usda_sr_legacy
18703,"Veal, sirloin, cooked, braised",,Liha ja linnuliha,252,31.3,0,13.1,0,,5.18,0.198,usda_sr_legacy
17263,"Veal, sirloin, cooked, braised",,Liha ja linnuliha,204,34,0,6.5,0,,1.82,0.203,usda_sr_legacy
17264,"Veal, sirloin, cooked, roasted",,Liha ja linnuliha,168,26.3,0,6.2,0,,2.41,0.213,usda_sr_legacy
18704,"Veal, sirloin, cooked, roasted",,Liha ja linnuliha,202,25.1,0,10.5,0,0,4.51,0.208,usda_sr_legacy
18702,"Veal, sirloin, raw",,Liha ja linnuliha,152,19.1,0,7.8,0,0,3.35,0.19,usda_sr_legacy
17262,"Veal, sirloin, raw",,Liha ja linnuliha,110,20.2,0,2.6,0,,0.78,0.2,usda_sr_legacy
17774,"Veal, variety meats and by-products, brain, cooked, braised",,Liha ja linnuliha,136,11.5,0,9.6,0,,2.18,0.39,usda_sr_legacy
17775,"Veal, variety meats and by-products, brain, cooked, pan-fried",,Liha ja linnuliha,213,14.5,0,16.8,0,,3.96,0.44,usda_sr_legacy
17773,"Veal, variety meats and by-products, brain, raw",,Liha ja linnuliha,118,10.3,0,8.2,0,,1.91,0.318,usda_sr_legacy
16045,"Veal, variety meats and by-products, heart, cooked, braised",,Liha ja linnuliha,186,29.1,0.1,6.8,0,,1.82,0.145,usda_sr_legacy
16044,"Veal, variety meats and by-products, heart, raw",,Liha ja linnuliha,110,17.2,0.1,4,0,,1.07,0.193,usda_sr_legacy
17779,"Veal, variety meats and by-products, kidneys, cooked, braised",,Liha ja linnuliha,163,26.3,0,5.7,0,,1.74,0.275,usda_sr_legacy
17778,"Veal, variety meats and by-products, kidneys, raw",,Liha ja linnuliha,99,15.8,0.9,3.1,0,,0.96,0.445,usda_sr_legacy
16050,"Veal, variety meats and by-products, liver, cooked, braised",,Liha ja linnuliha,192,28.4,3.8,6.3,0,0,1.99,0.195,usda_sr_legacy
17780,"Veal, variety meats and by-products, liver, cooked, pan-fried",,Liha ja linnuliha,193,27.4,4.5,6.5,0,0,2.11,0.213,usda_sr_legacy
16049,"Veal, variety meats and by-products, liver, raw",,Liha ja linnuliha,140,19.9,2.9,4.9,0,0,1.56,0.193,usda_sr_legacy
16051,"Veal, variety meats and by-products, lungs, cooked, braised",,Liha ja linnuliha,104,18.7,0,2.6,0,,0.91,0.14,usda_sr_legacy
17783,"Veal, variety meats and by-products, lungs, raw",,Liha ja linnuliha,90,16.3,0,2.3,0,,0.79,0.27,usda_sr_legacy
17785,"Veal, variety meats and by-products, pancreas, cooked, braised",,Liha ja linnuliha,256,29.1,0,14.6,0,,5.01,0.17,usda_sr_legacy
17784,"Veal, variety meats and by-products, pancreas, raw",,Liha ja linnuliha,182,15,0,13.1,0,,4.51,0.168,usda_sr_legacy
16056,"Veal, variety meats and by-products, spleen, cooked, braised",,Liha ja linnuliha,129,24.1,0,2.9,0,,0.96,0.145,usda_sr_legacy
16055,"Veal, variety meats and by-products, spleen, raw",,Liha ja linnuliha,98,18.3,0,2.2,0,,0.73,0.243,usda_sr_legacy
16058,"Veal, variety meats and by-products, thymus, cooked, braised",,Liha ja linnuliha,125,22.7,0,3.1,0,0,0.94,0.148,usda_sr_legacy
16057,"Veal, variety meats and by-products, thymus, raw",,Liha ja linnuliha,101,17.2,0,3.1,0,0,0.81,0.168,usda_sr_legacy
17791,"Veal, variety meats and by-products, tongue, cooked, braised",,Liha ja linnuliha,202,25.9,0,10.1,0,,4.35,0.16,usda_sr_legacy
17790,"Veal, variety meats and by-products, tongue, raw",,Liha ja linnuliha,131,17.2,1.9,5.5,0,,2.35,0.205,usda_sr_legacy
2037,Whole chicken,,Liha ja linnuliha,215,18.6,0,15.1,0,0,,,
2042,Whole turkey,,Liha ja linnuliha,189,22.5,0,11,0,0,,,
16475,"Yachtwurst, with pistachio nuts, cooked",,Liha ja linnuliha,268,14.8,1.4,22.6,0,0,7.9,2.34,usda_sr_legacy
678,Angel food cake,,Magustoidud ja küpsetised,259,6,58,0.2,0.1,0,,,
13364,"Baking chocolate, MARS SNACKFOOD US, M&M's Milk Chocolate Mini Baking Bits",,Magustoidud ja küpsetised,502,4.8,68.4,23.4,2.7,62.5,14.47,0.17,usda_sr_legacy
13361,"Baking chocolate, MARS SNACKFOOD US, M&M's Semisweet Chocolate Mini Baking Bits",,Magustoidud ja küpsetised,517,4.4,66,26.2,6.7,53.1,15.62,0.005,usda_sr_legacy
11880,"Baking chocolate, mexican, squares",,Magustoidud ja küpsetised,426,3.6,77.4,15.6,4,69.4,8.61,0.008,usda_sr_legacy
11507,"Baking chocolate, unsweetened, liquid",,Magustoidud ja küpsetised,472,12.1,36.2,47.7,18.1,0,25.29,0.03,usda_sr_legacy
11508,"Baking chocolate, unsweetened, squares",,Magustoidud ja küpsetised,642,14.3,28.4,52.3,16.6,0.9,32.28,0.06,usda_sr_legacy
683,Black Forest cake,,Magustoidud ja küpsetised,352,4,44,18,1,0,,,
680,Bundt cake,,Magustoidud ja küpsetised,365,4,53,15,0.6,0,,,
11866,"Candies, 5TH AVENUE Candy Bar",,Magustoidud ja küpsetised,482,8.8,62.7,24,3.1,47.2,6.65,0.563,usda_sr_legacy
11502,"Candies, ALMOND JOY Candy Bar",,Magustoidud ja küpsetised,479,4.1,59.5,26.9,5,48.3,17.59,0.355,usda_sr_legacy
11853,"Candies, butterscotch",,Magustoidud ja küpsetised,391,0,90.4,3.3,0,80.5,2.07,0.978,usda_sr_legacy
11856,"Candies, CARAMELLO Candy Bar",,Magustoidud ja küpsetised,462,6.2,63.8,21.2,1.2,56.9,12.72,0.305,usda_sr_legacy
11855,"Candies, caramels",,Magustoidud ja küpsetised,382,4.6,77,8.1,0,65.5,2.48,0.613,usda_sr_legacy
11506,"Candies, caramels, chocolate-flavor roll",,Magustoidud ja küpsetised,387,1.6,87.7,3.3,0.1,56.3,0.97,0.11,usda_sr_legacy
11854,"Candies, carob, unsweetened",,Magustoidud ja küpsetised,540,8.2,56.3,31.4,3.8,34.1,29.02,0.268,usda_sr_legacy
12839,"Candies, chocolate covered, caramel with nuts",,Magustoidud ja küpsetised,470,9.5,60.7,21,4.3,41.4,4.66,0.39,usda_sr_legacy
13609,"Candies, chocolate covered, low sugar or low calorie",,Magustoidud ja küpsetised,590,12.4,37.7,43.3,3.5,14.6,21.72,0.278,usda_sr_legacy
14001,"Candies, chocolate, dark, NFS (45-59% cacao solids 90%, 60-69% cacao solids 5%",,Magustoidud ja küpsetised,550,5.1,60,32.2,7.2,46.1,18.99,0.058,usda_sr_legacy
14009,"Candies, coconut bar, not chocolate covered",,Magustoidud ja küpsetised,481,2.1,55.9,27.7,6.4,36.2,25.54,0.32,usda_sr_legacy
11861,"Candies, confectioner's coating, butterscotch",,Magustoidud ja küpsetised,539,2.2,67.1,29.1,0,67.1,24.1,0.223,usda_sr_legacy
11510,"Candies, confectioner's coating, peanut butter",,Magustoidud ja küpsetised,529,18.3,46.9,29.8,5,38.3,13.12,0.625,usda_sr_legacy
11509,"Candies, confectioner's coating, yogurt",,Magustoidud ja küpsetised,522,5.9,63.9,27,0,62.4,24.1,0.22,usda_sr_legacy
14002,"Candies, crispy bar with peanut butter filling",,Magustoidud ja küpsetised,542,9.5,55.5,31.3,3.3,40.3,12.96,0.66,usda_sr_legacy
13414,"Candies, dark chocolate coated coffee beans",,Magustoidud ja küpsetised,540,7.5,60,30,7.5,42.5,15,0.063,usda_sr_legacy
12674,"Candies, divinity, prepared-from-recipe",,Magustoidud ja küpsetised,364,1.3,89.1,0.1,0,79,0,0.085,usda_sr_legacy
11867,"Candies, fondant, prepared-from-recipe",,Magustoidud ja küpsetised,373,0,93.2,0,0,88.9,0,0.028,usda_sr_legacy
14006,"Candies, fruit snacks, with high vitamin C",,Magustoidud ja küpsetised,352,0.1,88,0,0,68.2,0,0.058,usda_sr_legacy
13449,"Candies, fudge, chocolate marshmallow, prepared-from-recipe",,Magustoidud ja küpsetised,453,2.3,71.3,17.5,1.7,64.1,10.67,0.213,usda_sr_legacy
12645,"Candies, fudge, chocolate marshmallow, with nuts, prepared-by-recipe",,Magustoidud ja küpsetised,474,3.2,67.7,21.1,2.1,,10.38,0.198,usda_sr_legacy
11868,"Candies, fudge, chocolate, prepared-from-recipe",,Magustoidud ja küpsetised,410,2.4,76.7,10.4,1.7,73.1,6.45,0.113,usda_sr_legacy
11869,"Candies, fudge, chocolate, with nuts, prepared-from-recipe",,Magustoidud ja küpsetised,460,4.4,68.2,18.9,2.5,63.4,6.49,0.098,usda_sr_legacy
11518,"Candies, fudge, peanut butter, prepared-from-recipe",,Magustoidud ja küpsetised,387,3.8,77.8,6.6,0.7,73.4,1.72,0.295,usda_sr_legacy
11519,"Candies, fudge, vanilla, prepared-from-recipe",,Magustoidud ja küpsetised,383,1.1,82.2,5.5,0,79.8,3.38,0.118,usda_sr_legacy
11520,"Candies, fudge, vanilla with nuts",,Magustoidud ja küpsetised,435,3,74.6,13.7,0.9,71,3.83,0.105,usda_sr_legacy
12841,"Candies, gum drops, no sugar or low calorie (sorbitol)",,Magustoidud ja küpsetised,354,0,88.1,0.2,0,70,0.03,0.018,usda_sr_legacy
11870,"Candies, gumdrops, starch jelly pieces",,Magustoidud ja küpsetised,396,0,98.9,0,0.1,59,0,0.11,usda_sr_legacy
11877,"Candies, halavah, plain",,Magustoidud ja küpsetised,469,12.5,60.5,21.5,4.5,,4.13,0.488,usda_sr_legacy
11871,"Candies, hard",,Magustoidud ja küpsetised,394,0,98,0.2,0,62.9,0,0.095,usda_sr_legacy
13608,"Candies, hard, dietetic or low calorie (sorbitol)",,Magustoidud ja küpsetised,394,0,98.6,0,0,0,0,0,usda_sr_legacy
12629,"Candies, HEATH BITES",,Magustoidud ja küpsetised,530,3.9,63.4,30.4,2,60,15.62,0.613,usda_sr_legacy
13409,"Candies, HERSHEY, KIT KAT BIG KAT Bar",,Magustoidud ja küpsetised,520,6.2,63.6,27.8,1.9,54,17.99,0.16,usda_sr_legacy
13408,"Candies, HERSHEY, REESESTICKS crispy wafers, peanut butter, milk chocolate",,Magustoidud ja küpsetised,521,9.5,55.4,31.3,3.3,40.3,13.21,0.66,usda_sr_legacy
13407,"Candies, HERSHEY'S, ALMOND JOY BITES",,Magustoidud ja küpsetised,563,5.6,57.5,34.5,4.3,51.7,20.6,0.098,usda_sr_legacy
11860,"Candies, HERSHEY'S GOLDEN ALMOND SOLITAIRES",,Magustoidud ja küpsetised,569,12,46.9,37.1,4.4,37.1,15.23,0.13,usda_sr_legacy
13402,"Candies, HERSHEY'S MILK CHOCOLATE WITH ALMOND BITES",,Magustoidud ja küpsetised,568,9.8,51.7,35.7,3.6,44.6,17.39,0.185,usda_sr_legacy
14407,"Candies, HERSHEYS, PAYDAY Bar",,Magustoidud ja küpsetised,490,13.4,52.9,25,3.8,40.3,4.81,0.578,usda_sr_legacy
13359,"Candies, HERSHEY'S POT OF GOLD Almond Bar",,Magustoidud ja küpsetised,577,12.8,44.9,38.5,3.8,38.5,16.67,0.16,usda_sr_legacy
12585,"Candies, HERSHEY'S SKOR Toffee Bar",,Magustoidud ja küpsetised,541,3.1,63.7,30.4,1.3,59.9,18.78,0.793,usda_sr_legacy
11486,"Candies, honey-combed, with peanut butter",,Magustoidud ja küpsetised,473,8.7,67.4,20.2,1.9,62.7,5.74,0.435,usda_sr_legacy
11872,"Candies, jellybeans",,Magustoidud ja küpsetised,375,0,93.6,0.1,0.2,70,0,0.125,usda_sr_legacy
11873,"Candies, KIT KAT Wafer Bar",,Magustoidud ja küpsetised,518,6.5,64.6,26,1,48.7,17.95,0.135,usda_sr_legacy
11874,"Candies, KRACKEL Chocolate Bar",,Magustoidud ja küpsetised,523,6.6,64.3,26.6,2.2,52.5,15.92,0.49,usda_sr_legacy
11876,"Candies, marshmallows",,Magustoidud ja küpsetised,318,1.8,81.3,0.2,0.1,57.6,0.06,0.2,usda_sr_legacy
12595,"Candies, MARS SNACKFOOD US, 3 MUSKETEERS Bar",,Magustoidud ja küpsetised,436,2.6,77.8,12.8,1.5,66.9,8.65,0.485,usda_sr_legacy
13432,"Candies, MARS SNACKFOOD US, COCOAVIA Blueberry and Almond Chocolate Bar",,Magustoidud ja küpsetised,525,6.4,60.4,28.7,9.1,39,13.07,0.02,usda_sr_legacy
13431,"Candies, MARS SNACKFOOD US, COCOAVIA Chocolate Bar",,Magustoidud ja küpsetised,539,5.8,63,29.3,8.7,39.2,15.7,0.018,usda_sr_legacy
14397,"Candies, MARS SNACKFOOD US, COCOAVIA Chocolate Covered Almonds",,Magustoidud ja küpsetised,573,9.5,50.2,37.1,10.4,26.9,11.75,0.023,usda_sr_legacy
13433,"Candies, MARS SNACKFOOD US, COCOAVIA Crispy Chocolate Bar",,Magustoidud ja küpsetised,517,8.2,62.1,26.2,7.8,35,14.01,0.1,usda_sr_legacy
12633,"Candies, MARS SNACKFOOD US, DOVE Dark Chocolate",,Magustoidud ja küpsetised,520,5.2,59.4,32.5,7.6,46.3,19.21,0.01,usda_sr_legacy
12632,"Candies, MARS SNACKFOOD US, DOVE Milk Chocolate",,Magustoidud ja küpsetised,546,5.9,59.8,31.7,2.4,55.5,19.24,0.158,usda_sr_legacy
11875,"Candies, MARS SNACKFOOD US, MARS Almond Bar",,Magustoidud ja küpsetised,467,8.1,62.7,23,2,52.1,7.27,0.425,usda_sr_legacy
12584,"Candies, MARS SNACKFOOD US, MILKY WAY Bar",,Magustoidud ja küpsetised,456,4,71.2,17.2,1,59.7,12.02,0.418,usda_sr_legacy
12635,"Candies, MARS SNACKFOOD US, MILKY WAY Caramels. dark chocolate covered",,Magustoidud ja küpsetised,458,3.8,67.6,20.4,2.8,54.1,13.81,0.615,usda_sr_legacy
12634,"Candies, MARS SNACKFOOD US, MILKY WAY Caramels, milk chocolate covered",,Magustoidud ja küpsetised,463,4.3,68.5,19.2,0.7,58.7,13.16,0.683,usda_sr_legacy
11590,"Candies, MARS SNACKFOOD US, MILKY WAY Midnight Bar",,Magustoidud ja küpsetised,443,3.2,71.2,17.5,2.9,57.8,11.47,0.42,usda_sr_legacy
11942,"Candies, MARS SNACKFOOD US, M&M's Almond Chocolate Candies",,Magustoidud ja küpsetised,522,7.5,60.5,27.8,5.6,49.2,9.44,0.113,usda_sr_legacy
12642,"Candies, MARS SNACKFOOD US, M&M's Crispy Chocolate Candies",,Magustoidud ja küpsetised,475,4.3,72.4,19.3,2,58.9,11.65,0.34,usda_sr_legacy
13363,"Candies, MARS SNACKFOOD US, M&M's Milk Chocolate Candies",,Magustoidud ja küpsetised,492,4.3,71.2,21.1,2.8,63.7,13.08,0.153,usda_sr_legacy
13371,"Candies, MARS SNACKFOOD US, M&M's MINIs Milk Chocolate Candies",,Magustoidud ja küpsetised,502,4.8,68.4,23.4,2.7,62.5,14.47,0.17,usda_sr_legacy
11579,"Candies, MARS SNACKFOOD US, M&M's Peanut Butter Chocolate Candies",,Magustoidud ja küpsetised,529,10.2,56.9,29.3,4,47.2,18.49,0.533,usda_sr_legacy
13362,"Candies, MARS SNACKFOOD US, M&M's Peanut Chocolate Candies",,Magustoidud ja küpsetised,515,9.6,60.5,26.1,3.7,50.8,10.17,0.125,usda_sr_legacy
13425,"Candies, MARS SNACKFOOD US, POP'ABLES 3 MUSKETEERS Brand Bite Size Candies",,Magustoidud ja küpsetised,443,2.6,75.9,15.2,1.3,67,9.92,0.43,usda_sr_legacy
13424,"Candies, MARS SNACKFOOD US, POP'ABLES MILKY WAY Brand Bite Size Candies",,Magustoidud ja küpsetised,463,3.3,71.9,18,1,61.1,8.89,0.365,usda_sr_legacy
13423,"Candies, MARS SNACKFOOD US, POP'ABLES SNICKERS Brand Bite Size Candies",,Magustoidud ja küpsetised,480,7.2,61.1,24.3,2.3,51.7,9.89,0.56,usda_sr_legacy
12671,"Candies, MARS SNACKFOOD US, SKITTLES Original Bite Size Candies",,Magustoidud ja küpsetised,405,0.2,90.8,4.4,0,75.8,4.12,0.038,usda_sr_legacy
12670,"Candies, MARS SNACKFOOD US, SKITTLES Sours Original",,Magustoidud ja küpsetised,401,0.2,91,4,0,73.2,3.77,0.035,usda_sr_legacy
13447,"Candies, MARS SNACKFOOD US, SKITTLES Tropical Bite Size Candies",,Magustoidud ja küpsetised,405,0.2,90.8,4.3,0,75.8,,0.038,usda_sr_legacy
12668,"Candies, MARS SNACKFOOD US, SKITTLES Wild Berry Bite Size Candies",,Magustoidud ja küpsetised,402,0.2,90.8,4.3,0,75.9,4.12,0.038,usda_sr_legacy
12646,"Candies, MARS SNACKFOOD US, SNICKERS Almond bar",,Magustoidud ja küpsetised,472,5.4,64.7,22.4,2.6,53.9,8.53,0.39,usda_sr_legacy
13369,"Candies, MARS SNACKFOOD US, SNICKERS Bar",,Magustoidud ja küpsetised,491,7.5,61.5,23.9,2.3,50.5,9.07,0.598,usda_sr_legacy
13443,"Candies, MARS SNACKFOOD US, SNICKERS CRUNCHER",,Magustoidud ja küpsetised,488,6.9,62.9,24.4,1.9,46.5,12.7,0.473,usda_sr_legacy
13419,"Candies, MARS SNACKFOOD US, SNICKERS MUNCH bar",,Magustoidud ja küpsetised,536,15.3,43.6,36.2,4.7,30.9,8.82,0.895,usda_sr_legacy
13426,"Candies, MARS SNACKFOOD US, STARBURST Fruit Chews, Fruit and Creme",,Magustoidud ja küpsetised,408,0.4,82.4,8.4,0,58,7.93,0.005,usda_sr_legacy
13370,"Candies, MARS SNACKFOOD US, STARBURST Fruit Chews, Original fruits",,Magustoidud ja küpsetised,408,0.4,82.6,8.2,0,58.1,7.78,0.005,usda_sr_legacy
12651,"Candies, MARS SNACKFOOD US, STARBURST Fruit Chews, Tropical fruits",,Magustoidud ja küpsetised,409,0.4,82.8,8.3,0,58.2,8.05,0.005,usda_sr_legacy
13427,"Candies, MARS SNACKFOOD US, STARBURST Sour Fruit Chews",,Magustoidud ja küpsetised,400,0.4,79.7,7.8,0,56.1,7.52,0.223,usda_sr_legacy
12596,"Candies, MARS SNACKFOOD US, TWIX Caramel Cookie Bars",,Magustoidud ja küpsetised,502,4.9,64.8,24.9,1.1,48.3,18.96,0.495,usda_sr_legacy
11936,"Candies, MARS SNACKFOOD US, TWIX chocolate fudge cookie bars",,Magustoidud ja küpsetised,553,7.3,56,33.3,3,53,4.96,0.665,usda_sr_legacy
12597,"Candies, MARS SNACKFOOD US, TWIX Peanut Butter Cookie Bars",,Magustoidud ja küpsetised,547,9.2,54.1,32.7,3.1,36.1,15.76,0.565,usda_sr_legacy
11527,"Candies, milk chocolate",,Magustoidud ja küpsetised,535,7.7,59.4,29.7,3.4,51.5,18.51,0.198,usda_sr_legacy
13417,"Candies, milk chocolate coated coffee beans",,Magustoidud ja küpsetised,549,7.4,55.3,33.2,5.7,50.8,18.14,0.175,usda_sr_legacy
11882,"Candies, milk chocolate coated peanuts",,Magustoidud ja küpsetised,519,13.1,49.7,33.5,4.7,37.6,14.6,0.103,usda_sr_legacy
13356,"Candies, milk chocolate coated raisins",,Magustoidud ja küpsetised,390,4.1,68.4,14.8,3.1,62.2,10.27,0.09,usda_sr_legacy
12582,"Candies, milk chocolate, with almonds",,Magustoidud ja küpsetised,526,9,53.4,34.4,6.2,43.9,17.7,0.185,usda_sr_legacy
12583,"Candies, milk chocolate, with rice cereal",,Magustoidud ja küpsetised,511,7.6,59.7,29.4,3.3,51.1,15.89,0.215,usda_sr_legacy
14403,"Candies, M&M MARS 3 MUSKETEERS Truffle Crisp",,Magustoidud ja küpsetised,538,6.4,63.2,28.9,0,57.7,19.23,0.158,usda_sr_legacy
14405,"Candies, M&M MARS Pretzel Chocolate Candies",,Magustoidud ja küpsetised,447,5,72.9,15,2.5,50,8.99,1.188,usda_sr_legacy
12587,"Candies, MOUNDS Candy Bar",,Magustoidud ja küpsetised,493,4.6,58.9,26.6,3.7,46.2,20.58,0.363,usda_sr_legacy
12588,"Candies, MR. GOODBAR Chocolate Bar",,Magustoidud ja küpsetised,538,10.2,54.3,33.2,3.8,47.2,14.13,0.103,usda_sr_legacy
12589,"Candies, NESTLE, 100 GRAND Bar",,Magustoidud ja küpsetised,468,2.5,71,19.3,1,51.9,11.9,0.508,usda_sr_legacy
12594,"Candies, NESTLE, AFTER EIGHT Mints",,Magustoidud ja küpsetised,432,1.7,79.5,11.9,2.4,66.6,8.33,0.003,usda_sr_legacy
11522,"Candies, NESTLE, BABY RUTH Bar",,Magustoidud ja küpsetised,475,5.4,64.8,21.6,2,54,12.1,0.575,usda_sr_legacy
11504,"Candies, NESTLE, BIT-O'-HONEY Candy Chews",,Magustoidud ja küpsetised,388,2,80.9,7.5,0.2,48,5.5,0.738,usda_sr_legacy
11505,"Candies, NESTLE, BUTTERFINGER Bar",,Magustoidud ja küpsetised,459,5.4,72.9,18.9,2,45.9,9.5,0.575,usda_sr_legacy
14005,"Candies, NESTLE, BUTTERFINGER Crisp",,Magustoidud ja küpsetised,465,6.7,68.5,18.3,1.7,48.3,10.59,0.033,usda_sr_legacy
11526,"Candies, NESTLE, CHUNKY Bar",,Magustoidud ja küpsetised,519,7.5,60.4,27.5,2.5,52.5,12.5,0.095,usda_sr_legacy
12590,"Candies, NESTLE, CRUNCH Bar and Dessert Topping",,Magustoidud ja küpsetised,500,5,67,26,1.9,55,16,0.375,usda_sr_legacy
11521,"Candies, NESTLE, GOOBERS Chocolate Covered Peanuts",,Magustoidud ja küpsetised,512,9.7,53,34,9.7,43,12.1,0.09,usda_sr_legacy
11878,"Candies, NESTLE, OH HENRY! Bar",,Magustoidud ja küpsetised,462,7.7,65.5,23,1.9,46.2,9.6,0.483,usda_sr_legacy
13367,"Candies, NESTLE, RAISINETS Chocolate Covered Raisins",,Magustoidud ja küpsetised,422,4.4,71,17,2.2,59,11,0.083,usda_sr_legacy
12840,"Candies, nougat, with almonds",,Magustoidud ja küpsetised,398,3.3,92.4,1.7,3.3,45,1.67,0.083,usda_sr_legacy
13365,"Candies, peanut bar",,Magustoidud ja küpsetised,522,15.5,47.4,33.7,4.1,42.2,4.68,0.39,usda_sr_legacy
13366,"Candies, peanut brittle, prepared-from-recipe",,Magustoidud ja küpsetised,486,7.6,71.2,19,2.5,51.3,4.14,1.113,usda_sr_legacy
12619,"Candies, praline, prepared-from-recipe",,Magustoidud ja küpsetised,485,3.3,59.6,25.9,3.5,55.8,2.22,0.12,usda_sr_legacy
13403,"Candies, REESE'S BITES",,Magustoidud ja küpsetised,521,11.3,55.2,29.9,3.1,48,18,0.448,usda_sr_legacy
13410,"Candies, REESE'S, FAST BREAK, milk chocolate peanut butter and soft nougats",,Magustoidud ja küpsetised,474,8.7,61.6,23.4,2.9,53.1,8.23,0.825,usda_sr_legacy
14396,"Candies, REESE's Fast Break, milk chocolate, peanut butter, soft nougats",,Magustoidud ja küpsetised,495,8.9,63.9,23.2,3.6,53.6,8.04,0.803,usda_sr_legacy
13404,"Candies, REESE'S NUTRAGEOUS Candy Bar",,Magustoidud ja küpsetised,517,11.3,52.8,32.1,3.9,40.2,8.86,0.353,usda_sr_legacy
12591,"Candies, REESE'S Peanut Butter Cups",,Magustoidud ja küpsetised,515,10.2,55.4,30.5,3.6,47.2,10.73,0.893,usda_sr_legacy
12592,"Candies, REESE'S PIECES Candy",,Magustoidud ja küpsetised,497,12.5,59.9,24.8,3,53.3,16.42,0.485,usda_sr_legacy
12593,"Candies, ROLO Caramels in Milk Chocolate",,Magustoidud ja küpsetised,474,5.1,68,20.9,0.9,63.9,14.54,0.47,usda_sr_legacy
11857,"Candies, semisweet chocolate",,Magustoidud ja küpsetised,480,4.2,63.9,30,5.9,54.5,17.75,0.028,usda_sr_legacy
13470,"Candies, semisweet chocolate, made with butter",,Magustoidud ja küpsetised,477,4.2,63.4,29.7,5.9,,17.53,0.028,usda_sr_legacy
13368,"Candies, sesame crunch",,Magustoidud ja küpsetised,516,11.6,50.3,33.3,7.7,31.2,4.66,0.418,usda_sr_legacy
14385,"Candies, soft fruit and nut squares",,Magustoidud ja küpsetised,390,2.3,73.8,9.5,2.4,46,0.9,0.328,usda_sr_legacy
13372,"Candies, SPECIAL DARK Chocolate Bar",,Magustoidud ja küpsetised,556,5.5,60.5,32.4,6.5,47.6,,0.015,usda_sr_legacy
14383,"Candies, sugar-coated almonds",,Magustoidud ja küpsetised,465,10,68.3,17.9,2.5,62.5,1.95,0.033,usda_sr_legacy
11858,"Candies, sweet chocolate",,Magustoidud ja küpsetised,507,3.9,60.4,34.2,5.5,51.5,20.08,0.04,usda_sr_legacy
11859,"Candies, sweet chocolate coated fondant",,Magustoidud ja küpsetised,366,2.2,80.4,9.3,2.1,71.4,5.46,0.065,usda_sr_legacy
11865,"Candies, SYMPHONY Milk Chocolate Bar",,Magustoidud ja küpsetised,531,8.5,58,30.6,1.7,54,18.34,0.253,usda_sr_legacy
13450,"Candies, taffy, prepared-from-recipe",,Magustoidud ja küpsetised,397,0,91.6,3.3,0,68.5,2.05,0.13,usda_sr_legacy
14008,"Candies, Tamarind",,Magustoidud ja küpsetised,331,0,92,0,2.5,78.6,0,4.108,usda_sr_legacy
11828,"Candies, TOBLERONE, milk chocolate with honey and almond nougat",,Magustoidud ja küpsetised,489,5.7,61.2,28.6,2.5,55.7,17.14,0.135,usda_sr_legacy
13451,"Candies, toffee, prepared-from-recipe",,Magustoidud ja küpsetised,560,1.1,64.7,32.8,0,63.5,20.57,0.338,usda_sr_legacy
11852,"Candies, TOOTSIE ROLL, chocolate-flavor roll",,Magustoidud ja küpsetised,387,1.6,87.7,3.3,0.1,56.3,0.97,0.11,usda_sr_legacy
13360,"Candies, truffles, prepared-from-recipe",,Magustoidud ja küpsetised,510,6.2,44.9,33.8,2.5,38.3,18.49,0.17,usda_sr_legacy
11503,"Candies, TWIZZLERS CHERRY BITES",,Magustoidud ja küpsetised,338,3,79.4,1.7,0.1,,0.25,0.653,usda_sr_legacy
11864,"Candies, TWIZZLERS NIBS CHERRY BITS",,Magustoidud ja küpsetised,347,2.3,79.4,2.6,0.6,51.4,0.54,0.488,usda_sr_legacy
11523,"Candies, TWIZZLERS Strawberry Twists Candy",,Magustoidud ja küpsetised,348,2.6,79.2,2.3,0,39.6,0,0.718,usda_sr_legacy
12598,"Candies, WHATCHAMACALLIT Candy Bar",,Magustoidud ja küpsetised,494,8,63.2,23.7,1.9,48.9,17.04,0.748,usda_sr_legacy
11511,"Candies, white chocolate",,Magustoidud ja küpsetised,539,5.9,59.2,32.1,0.2,59,19.41,0.225,usda_sr_legacy
12604,"Candies, YORK BITES",,Magustoidud ja küpsetised,394,1.8,81.6,7.3,2,75,4.43,0.115,usda_sr_legacy
11863,"Candies, YORK Peppermint Pattie",,Magustoidud ja küpsetised,384,2.2,81,7.2,2,63.8,4.34,0.07,usda_sr_legacy
675,Carrot cake,,Magustoidud ja küpsetised,415,4,52,22,1.2,0,,,
677,Cheesecake,,Magustoidud ja küpsetised,321,6,26,22,0.4,0,,,
12599,Chewing gum,,Magustoidud ja küpsetised,360,0,96.7,0.3,2.4,66.1,0.04,0.003,usda_sr_legacy
13610,"Chewing gum, sugarless",,Magustoidud ja küpsetised,268,0,94.8,0.4,2.4,0,0.06,0.018,usda_sr_legacy
673,Chocolate cake,,Magustoidud ja küpsetised,371,5,52,17,1.5,0,,,
13998,"Chocolate, dark, 45- 59% cacao solids",,Magustoidud ja küpsetised,546,4.9,61.2,31.3,7,47.9,18.52,0.06,usda_sr_legacy
13999,"Chocolate, dark, 60-69% cacao solids",,Magustoidud ja küpsetised,579,6.1,52.4,38.3,8,36.7,22.03,0.025,usda_sr_legacy
14000,"Chocolate, dark, 70-85% cacao solids",,Magustoidud ja küpsetised,598,7.8,45.9,42.6,10.9,24,24.49,0.05,usda_sr_legacy
11881,Chocolate-flavored hazelnut spread,,Magustoidud ja küpsetised,539,5.4,62.4,29.7,5.4,54.1,28.42,0.103,usda_sr_legacy
14384,"Cocoa, dry powder, hi-fat or breakfast, processed with alkali",,Magustoidud ja küpsetised,479,16.8,49.7,23.7,33.9,1.5,12.64,0.05,usda_sr_legacy
13373,"Cocoa, dry powder, unsweetened",,Magustoidud ja küpsetised,228,19.6,57.9,13.7,37,1.8,8.07,0.053,usda_sr_legacy
12602,"Cocoa, dry powder, unsweetened, HERSHEY'S European Style Cocoa",,Magustoidud ja küpsetised,410,20,60,10,20,0,0,0,usda_sr_legacy
13374,"Cocoa, dry powder, unsweetened, processed with alkali",,Magustoidud ja küpsetised,220,18.1,58.3,13.1,29.8,1.8,7.76,0.048,usda_sr_legacy
692,Coffee cake,,Magustoidud ja küpsetised,380,5,53,17,0.7,0,,,
13381,"Desserts, apple crisp, prepared-from-recipe",,Magustoidud ja küpsetised,161,1.8,30.8,3.4,1.4,19.7,0.69,0.878,usda_sr_legacy
13375,"Desserts, egg custard, baked, prepared-from-recipe",,Magustoidud ja küpsetised,104,5,11,4.6,0,11,2.16,0.153,usda_sr_legacy
11514,"Desserts, flan, caramel custard, prepared-from-recipe",,Magustoidud ja küpsetised,145,4.5,22.8,4,0,22.8,1.8,0.133,usda_sr_legacy
12605,"Desserts, mousse, chocolate, prepared-from-recipe",,Magustoidud ja küpsetised,225,4.1,16.1,16,0.6,14.8,9.15,0.095,usda_sr_legacy
13396,"Desserts, rennin, chocolate, dry mix",,Magustoidud ja küpsetised,363,2.4,91.5,3.3,5.1,,1.94,0.468,usda_sr_legacy
12622,"Desserts, rennin, tablets, unsweetened",,Magustoidud ja küpsetised,84,1,19.8,0.1,0,,0.04,65.125,usda_sr_legacy
12620,"Desserts, rennin, vanilla, dry mix",,Magustoidud ja küpsetised,383,0,99,0,0,,,0.015,usda_sr_legacy
12600,"Egg custards, dry mix",,Magustoidud ja küpsetised,410,6.9,82.8,6.4,0,,2.03,0.703,usda_sr_legacy
12615,"Egg custards, dry mix, prepared with 2% milk",,Magustoidud ja küpsetised,112,4.1,17.6,2.8,0,4.6,1.48,0.218,usda_sr_legacy
12601,"Egg custards, dry mix, prepared with whole milk",,Magustoidud ja küpsetised,122,4,17.6,4,0,4.8,2.03,0.21,usda_sr_legacy
13382,"Flan, caramel custard, dry mix",,Magustoidud ja küpsetised,348,0,91.6,0,0,,,1.08,usda_sr_legacy
13401,"Flan, caramel custard, dry mix, prepared with 2% milk",,Magustoidud ja küpsetised,103,3,18.8,1.7,0,,1.04,0.283,usda_sr_legacy
12624,"Flan, caramel custard, dry mix, prepared with whole milk",,Magustoidud ja küpsetised,113,3,18.7,3,0,,1.8,0.28,usda_sr_legacy
12623,"Frostings, chocolate, creamy",,Magustoidud ja küpsetised,397,1.1,63.2,17.6,0.9,57.7,5.53,0.458,usda_sr_legacy
13405,"Frostings, chocolate, creamy, dry mix",,Magustoidud ja küpsetised,389,1.3,92,5.2,2.4,,,0.19,usda_sr_legacy
12628,"Frostings, chocolate, creamy, dry mix, prepared with butter",,Magustoidud ja küpsetised,408,1.1,71.8,13.1,1.9,0,8.37,0.31,usda_sr_legacy
12673,"Frostings, chocolate, creamy, dry mix, prepared with margarine",,Magustoidud ja küpsetised,404,1.1,71,12.9,1.9,,1.74,0.408,usda_sr_legacy
13398,"Frostings, coconut-nut",,Magustoidud ja küpsetised,433,1.5,52.7,24,2.5,40,8.63,0.4,usda_sr_legacy
13399,"Frostings, cream cheese-flavor",,Magustoidud ja küpsetised,415,0.1,67.3,17.3,0,63.5,4.55,0.478,usda_sr_legacy
12680,"Frostings, glaze, chocolate, prepared-from-recipe, with butter",,Magustoidud ja küpsetised,359,1.4,72.2,7.2,1.1,64.3,4.48,0.33,usda_sr_legacy
13448,"Frostings, glaze, prepared-from-recipe",,Magustoidud ja küpsetised,341,0.4,83.7,0.5,0,80.4,0.27,0.015,usda_sr_legacy
13400,"Frostings, vanilla, creamy",,Magustoidud ja küpsetised,418,0,67.9,16.2,0,63.1,2.97,0.46,usda_sr_legacy
12630,"Frostings, vanilla, creamy, dry mix",,Magustoidud ja küpsetised,410,0.3,93.8,4.9,0.1,,,0.033,usda_sr_legacy
12672,"Frostings, vanilla, creamy, dry mix, prepared with margarine",,Magustoidud ja küpsetised,413,0.3,74.3,12.7,0.1,,1.74,0.285,usda_sr_legacy
12631,"Frostings, white, fluffy, dry mix",,Magustoidud ja küpsetised,371,2.3,94.9,0,0,,,0.585,usda_sr_legacy
13406,"Frostings, white, fluffy, dry mix, prepared with water",,Magustoidud ja küpsetised,244,1.5,62.6,0,0,,0,0.39,usda_sr_legacy
13412,"Frozen novelties, fruit and juice bars",,Magustoidud ja küpsetised,87,1.2,20.2,0.1,1,17.5,0,0.01,usda_sr_legacy
11963,"Frozen novelties, ice cream type, chocolate or caramel covered, with nuts",,Magustoidud ja küpsetised,323,4.4,30.9,20.2,0.6,30,12.66,0.23,usda_sr_legacy
13627,"Frozen novelties, ice cream type, sundae, prepackaged",,Magustoidud ja küpsetised,190,4.3,29.6,6,0.3,20.7,3.09,0.238,usda_sr_legacy
11573,"Frozen novelties, ice cream type, vanilla ice cream, light, no sugar added",,Magustoidud ja küpsetised,221,6.4,26.1,10.1,0.8,8.5,5.53,0.26,usda_sr_legacy
13393,"Frozen novelties, ice type, fruit, no sugar added",,Magustoidud ja küpsetised,24,0.5,6.2,0.1,0,,0,0.013,usda_sr_legacy
12640,"Frozen novelties, ice type, italian, restaurant-prepared",,Magustoidud ja küpsetised,53,0,13.5,0,0,,0,0.01,usda_sr_legacy
13418,"Frozen novelties, ice type, lime",,Magustoidud ja küpsetised,128,0.4,32.6,0,0,32.6,0,0.055,usda_sr_legacy
12675,"Frozen novelties, ice type, pineapple-coconut",,Magustoidud ja küpsetised,113,0,23.9,2.6,0.7,,2.3,0.088,usda_sr_legacy
12641,"Frozen novelties, ice type, pop",,Magustoidud ja küpsetised,79,0,19.2,0.2,0,13.7,0.01,0.018,usda_sr_legacy
11965,"Frozen novelties, ice type, pop, with low calorie sweetener",,Magustoidud ja küpsetised,24,0,5.9,0,0,1.5,0,0.025,usda_sr_legacy
13986,"Frozen novelties, ice type, sugar free, orange, cherry",,Magustoidud ja küpsetised,21,0,5.1,0,0,1.5,0,0.025,usda_sr_legacy
11608,"Frozen novelties, juice type, juice with cream",,Magustoidud ja küpsetised,115,1.4,24.1,1.4,0.1,20.6,0.71,0.105,usda_sr_legacy
11947,"Frozen novelties, juice type, orange",,Magustoidud ja küpsetised,95,0.5,23.2,0,0.1,20,0,0.02,usda_sr_legacy
13982,"Frozen novelties, juice type, POPSICLE SCRIBBLERS",,Magustoidud ja küpsetised,81,0,19.7,0.2,0,14.6,,0.033,usda_sr_legacy
14392,"Frozen novelties, KLONDIKE, SLIM-A-BEAR Chocolate Cone",,Magustoidud ja küpsetised,224,4.1,45.3,4.1,4.3,24.6,1,0.398,usda_sr_legacy
13987,"Frozen novelties, KLONDIKE, SLIM-A-BEAR Fudge Bar, 98% fat free, no sugar added",,Magustoidud ja küpsetised,124,4.3,30.1,1.9,6,7.1,1,0.3,usda_sr_legacy
14394,"Frozen novelties, KLONDIKE, SLIM-A-BEAR, No Sugar Added, Stickless Bar",,Magustoidud ja küpsetised,242,5.2,26,13,3.9,8.6,10.4,0.215,usda_sr_legacy
14393,"Frozen novelties, KLONDIKE, SLIM-A-BEAR Vanilla Sandwich",,Magustoidud ja küpsetised,239,3.9,42.8,5.9,4.3,21.8,3.25,0.478,usda_sr_legacy
13993,"Frozen novelties, No Sugar Added CREAMSICLE Pops",,Magustoidud ja küpsetised,72,3.7,12.9,0.6,3.6,2.8,0.47,0.103,usda_sr_legacy
13985,"Frozen novelties, No Sugar Added, FUDGSICLE pops",,Magustoidud ja küpsetised,124,3.7,23.1,1.9,1.5,5.1,0.98,0.24,usda_sr_legacy
13994,"Frozen novelties, Sugar Free, CREAMSICLE Pops",,Magustoidud ja küpsetised,49,1.4,12,2.3,7.5,0.4,2,0.015,usda_sr_legacy
11938,"Frozen yogurts, chocolate",,Magustoidud ja küpsetised,131,3,21.6,3.6,2.3,19.2,2.27,0.158,usda_sr_legacy
11937,"Frozen yogurts, chocolate, nonfat milk, sweetened without sugar",,Magustoidud ja küpsetised,107,4.4,19.7,0.8,2,12.6,0.51,0.203,usda_sr_legacy
12676,"Frozen yogurts, chocolate, soft-serve",,Magustoidud ja küpsetised,160,4,24.9,6,2.2,,3.63,0.245,usda_sr_legacy
11939,"Frozen yogurts, flavors other than chocolate",,Magustoidud ja küpsetised,127,3,21.6,3.6,0,19.9,2.33,0.158,usda_sr_legacy
12643,"Frozen yogurts, vanilla, soft-serve",,Magustoidud ja küpsetised,159,4,24.2,5.6,0,24,3.42,0.218,usda_sr_legacy
12644,"Fruit butters, apple",,Magustoidud ja küpsetised,173,0.4,42.5,0.3,1.5,35.3,0.05,0.038,usda_sr_legacy
11834,Fruit syrup,,Magustoidud ja küpsetised,341,0,85.1,0,0.1,53,0,0,usda_sr_legacy
12603,"Gelatin desserts, dry mix",,Magustoidud ja küpsetised,381,7.8,90.5,0,0,86,0,1.165,usda_sr_legacy
13376,"Gelatin desserts, dry mix, prepared with water",,Magustoidud ja küpsetised,60,1.2,14.2,0,0,13.5,0,0.188,usda_sr_legacy
13377,"Gelatin desserts, dry mix, reduced calorie, with aspartame",,Magustoidud ja küpsetised,198,15.7,80.2,0,0.1,0,0,2.155,usda_sr_legacy
13472,"Gelatin desserts, dry mix, reduced calorie, with aspartame, added phosphorus",,Magustoidud ja küpsetised,345,55.3,33.3,0,0,,0,6.878,usda_sr_legacy
13473,"Gelatin desserts, dry mix, reduced calorie, with aspartame, no added sodium",,Magustoidud ja küpsetised,345,55.3,33.3,0,0,,0,0.395,usda_sr_legacy
13378,"Gelatin desserts, dry mix, reduced calorie, with aspartame, prepared with water",,Magustoidud ja küpsetised,20,0.8,4.2,0,0,0,0,0.12,usda_sr_legacy
13471,"Gelatin desserts, dry mix, with added ascorbic acid, sodium-citrate and salt",,Magustoidud ja küpsetised,381,7.8,90.5,0,0,,0,1.228,usda_sr_legacy
13379,"Gelatins, dry powder, unsweetened",,Magustoidud ja küpsetised,335,85.6,0,0.1,0,0,0.07,0.49,usda_sr_legacy
12829,"Gums, seed gums",,Magustoidud ja küpsetised,332,4.6,77.3,0.5,77.3,0,0.06,0.313,usda_sr_legacy
13420,Honey,,Magustoidud ja küpsetised,304,0.3,82.4,0,0.2,82.1,0,0.01,usda_sr_legacy
689,Ice cream cake,,Magustoidud ja küpsetised,260,4,34,12,0.5,0,,,
13996,"Ice creams, BREYERS, 98% Fat Free Chocolate",,Magustoidud ja küpsetised,136,3.9,30.2,2.2,5.8,20.3,1.38,0.188,usda_sr_legacy
14388,"Ice creams, BREYERS, 98% Fat Free Vanilla",,Magustoidud ja küpsetised,137,3.3,30.5,2.2,5.4,20.9,1.41,0.183,usda_sr_legacy
13995,"Ice creams, BREYERS, All Natural Light French Chocolate",,Magustoidud ja küpsetised,201,5.3,29.7,7.3,1,24,4.28,0.188,usda_sr_legacy
14387,"Ice creams, BREYERS, All Natural Light French Vanilla",,Magustoidud ja küpsetised,173,4.8,26,5.6,0.2,21.1,3.22,0.183,usda_sr_legacy
14390,"Ice creams, BREYERS, All Natural Light Mint Chocolate Chip",,Magustoidud ja küpsetised,196,4.7,28.4,7.1,0.6,25.4,4.48,0.168,usda_sr_legacy
13988,"Ice creams, BREYERS, All Natural Light Vanilla",,Magustoidud ja küpsetised,162,4.8,25.3,4.6,0.2,22.8,2.86,0.178,usda_sr_legacy
14389,"Ice creams, BREYERS, All Natural Light Vanilla Chocolate Strawberry",,Magustoidud ja küpsetised,161,4.7,26.1,4.4,0.4,22.5,2.7,0.173,usda_sr_legacy
13989,"Ice creams, BREYERS, No Sugar Added, Butter Pecan",,Magustoidud ja küpsetised,180,4,21.3,10.3,0.9,5.9,4.18,0.41,usda_sr_legacy
14395,"Ice creams, BREYERS, No Sugar Added, Chocolate Caramel",,Magustoidud ja küpsetised,151,3.5,25.2,5.8,1,5.8,3.65,0.193,usda_sr_legacy
13990,"Ice creams, BREYERS, No Sugar Added, French Vanilla",,Magustoidud ja küpsetised,154,4.5,20.8,7.1,0.5,7.7,4.17,0.218,usda_sr_legacy
13991,"Ice creams, BREYERS, No Sugar Added, Vanilla",,Magustoidud ja küpsetised,143,3.7,21.9,6.2,0.5,6.1,3.9,0.165,usda_sr_legacy
14391,"Ice creams, BREYERS, No Sugar Added, Vanilla Chocolate Strawberry",,Magustoidud ja küpsetised,143,3.7,21.7,6.3,0.7,6.2,3.94,0.17,usda_sr_legacy
13992,"Ice creams, BREYERS, No Sugar Added, Vanilla Fudge Twirl",,Magustoidud ja küpsetised,153,3.5,25.6,5.7,0.8,5.5,3.57,0.18,usda_sr_legacy
12637,"Ice creams, chocolate",,Magustoidud ja küpsetised,216,3.8,28.2,11,1.2,25.4,6.8,0.19,usda_sr_legacy
11525,"Ice creams, chocolate, light",,Magustoidud ja küpsetised,187,5,25.7,7.2,0.8,24.7,4.38,0.178,usda_sr_legacy
13413,"Ice creams, chocolate, light, no sugar added",,Magustoidud ja küpsetised,173,3.5,26.8,5.7,0.9,5.7,3.61,0.188,usda_sr_legacy
11966,"Ice creams, chocolate, rich",,Magustoidud ja küpsetised,251,4.7,19.8,17,0.9,17.4,10.38,0.143,usda_sr_legacy
11862,"Ice creams, french vanilla, soft-serve",,Magustoidud ja küpsetised,222,4.1,22.2,13,0.7,21.2,7.48,0.153,usda_sr_legacy
13997,"Ice creams, low carbohydrate, chocolate",,Magustoidud ja küpsetised,237,3.8,26.8,12.7,4.8,6.4,6.8,0.19,usda_sr_legacy
14398,"Ice creams, low carbohydrate, vanilla",,Magustoidud ja küpsetised,216,3.2,22.2,12.7,4.8,6.4,6.79,0.12,usda_sr_legacy
12638,"Ice creams, strawberry",,Magustoidud ja küpsetised,192,3.2,27.6,8.4,0.9,,5.19,0.15,usda_sr_legacy
11515,"Ice creams, vanilla",,Magustoidud ja küpsetised,207,3.5,23.6,11,0.7,21.2,6.79,0.2,usda_sr_legacy
14386,"Ice creams, vanilla, fat free",,Magustoidud ja küpsetised,138,4.5,30.1,0,1,6.3,0,0.243,usda_sr_legacy
11512,"Ice creams, vanilla, light",,Magustoidud ja küpsetised,180,4.8,29.5,4.8,0.3,22.1,2.93,0.185,usda_sr_legacy
13411,"Ice creams, vanilla, light, no sugar added",,Magustoidud ja küpsetised,169,4,21.4,7.5,0,6.5,4.05,0.24,usda_sr_legacy
11516,"Ice creams, vanilla, light, soft-serve",,Magustoidud ja küpsetised,126,4.9,21.8,2.6,0,18.7,1.63,0.175,usda_sr_legacy
11513,"Ice creams, vanilla, rich",,Magustoidud ja küpsetised,249,3.5,22.3,16.2,0,20.7,10.33,0.153,usda_sr_legacy
13421,Jams and preserves,,Magustoidud ja küpsetised,278,0.4,68.9,0.1,1.1,48.5,0.01,0.08,usda_sr_legacy
14372,"Jams and preserves, apricot",,Magustoidud ja küpsetised,242,0.7,64.4,0.2,0.3,43.4,0.01,0.1,usda_sr_legacy
12838,"Jams and preserves, no sugar (with sodium saccharin), any flavor",,Magustoidud ja küpsetised,132,0.3,53.4,0.3,2.5,37.8,0.02,0,usda_sr_legacy
11595,"Jams, preserves, marmalade, reduced sugar",,Magustoidud ja küpsetised,151,0,37.6,0.1,1.5,29.4,0.01,0,usda_sr_legacy
14007,"Jams, preserves, marmalades, sweetened with fruit juice",,Magustoidud ja küpsetised,212,0,52.9,0,0.9,42,0,0,usda_sr_legacy
13422,Jellies,,Magustoidud ja küpsetised,266,0.2,70,0,1,51.2,0.01,0.075,usda_sr_legacy
13607,"Jellies, no sugar (with sodium saccharin), any flavors",,Magustoidud ja küpsetised,121,0.6,29.6,0,2.2,3.4,0,0.008,usda_sr_legacy
11973,"Jellies, reduced sugar, home preserved",,Magustoidud ja küpsetised,179,0.3,46.1,0,0.8,45.3,0.01,0.005,usda_sr_legacy
681,Lava cake,,Magustoidud ja küpsetised,420,6,48,23,2,0,,,
690,Lemon cake,,Magustoidud ja küpsetised,345,4,54,13,0.5,0,,,
12647,"Marmalade, orange",,Magustoidud ja küpsetised,246,0.3,66.3,0,0.7,60,0,0.14,usda_sr_legacy
11576,"Milk dessert, frozen, milk-fat free, chocolate",,Magustoidud ja küpsetised,167,4.3,37.7,1,0,37.7,0.6,0.243,usda_sr_legacy
686,Mille-feuille,,Magustoidud ja küpsetised,410,5,46,23,0.5,0,,,
12648,Molasses,,Magustoidud ja küpsetised,290,0,74.7,0.1,0,74.7,0.02,0.093,usda_sr_legacy
688,Mousse cake,,Magustoidud ja küpsetised,350,5,38,20,1.2,0,,,
685,Opera cake,,Magustoidud ja küpsetised,405,5,50,21,0.6,0,,,
687,Pavlova,,Magustoidud ja küpsetised,268,3,62,0.1,0.1,0,,,
11572,"Pectin, liquid",,Magustoidud ja küpsetised,11,0,2.1,0,2.1,0,0,0,usda_sr_legacy
12649,"Pectin, unsweetened, dry mix",,Magustoidud ja küpsetised,325,0.3,90.4,0.3,8.6,,0.05,0.5,usda_sr_legacy
12650,"Pie fillings, apple, canned",,Magustoidud ja küpsetised,100,0.1,26.1,0.1,1,13.8,0,0.118,usda_sr_legacy
11619,"Pie fillings, blueberry, canned",,Magustoidud ja küpsetised,181,0.4,44.4,0.2,2.6,37.8,0,0.03,usda_sr_legacy
12652,"Pie fillings, canned, cherry",,Magustoidud ja küpsetised,115,0.4,28,0.1,0.6,,0.02,0.045,usda_sr_legacy
12842,"Pie fillings, cherry, low calorie",,Magustoidud ja küpsetised,53,0.8,12,0.2,1.2,9.2,0,0.03,usda_sr_legacy
679,Pound cake,,Magustoidud ja küpsetised,390,5,51,19,0.5,0,,,
12660,"Pudding, lemon, dry mix, prepared with sugar, egg yolk and water",,Magustoidud ja küpsetised,109,0.7,24.2,1.1,0,13.5,0.38,0.158,usda_sr_legacy
11622,"Puddings, all flavors except chocolate, low calorie, dry mix",,Magustoidud ja küpsetised,351,1.6,86,0.1,0.9,2.9,0.02,4.413,usda_sr_legacy
11974,"Puddings, all flavors except chocolate, low calorie, instant, dry mix",,Magustoidud ja küpsetised,350,0.8,84.7,0.9,0.8,0.9,0.1,9.375,usda_sr_legacy
13430,"Puddings, banana, dry mix",,Magustoidud ja küpsetised,366,0,93,0.4,0.3,74.3,0.09,1.97,usda_sr_legacy
13428,"Puddings, banana, dry mix, instant",,Magustoidud ja küpsetised,367,0,92.7,0.6,0,76.6,0.09,3.748,usda_sr_legacy
11528,"Puddings, banana, dry mix, instant, prepared with 2% milk",,Magustoidud ja küpsetised,105,2.8,19.7,1.7,0,,0.97,0.74,usda_sr_legacy
13429,"Puddings, banana, dry mix, instant, prepared with whole milk",,Magustoidud ja küpsetised,115,2.6,19.8,2.8,0,17.4,1.56,0.725,usda_sr_legacy
12694,"Puddings, banana, dry mix, instant, with added oil",,Magustoidud ja küpsetised,386,0,89,4.4,0,,0.79,3.748,usda_sr_legacy
11529,"Puddings, banana, dry mix, prepared with 2% milk",,Magustoidud ja küpsetised,101,2.9,18.4,1.7,0,,1.02,0.41,usda_sr_legacy
12653,"Puddings, banana, dry mix, prepared with whole milk",,Magustoidud ja küpsetised,111,2.7,18.4,2.9,0,16,1.63,0.395,usda_sr_legacy
13968,"Puddings, banana, dry mix, with added oil",,Magustoidud ja küpsetised,387,0,88.4,5,0.3,,0.9,1.97,usda_sr_legacy
12606,"Puddings, chocolate",,Magustoidud ja küpsetised,142,2.1,23,4.6,0,17.2,1.26,0.38,usda_sr_legacy
13383,"Puddings, chocolate, dry mix",,Magustoidud ja küpsetised,362,2.6,89.3,2.1,4.5,42.9,1.23,1.198,usda_sr_legacy
12607,"Puddings, chocolate, dry mix, instant",,Magustoidud ja küpsetised,378,2.3,87.9,1.9,3.6,67.9,0.83,4.428,usda_sr_legacy
11879,"Puddings, chocolate, dry mix, instant, prepared with 2% milk",,Magustoidud ja küpsetised,105,3.2,18.9,1.9,0.4,,1.06,0.71,usda_sr_legacy
13380,"Puddings, chocolate, dry mix, instant, prepared with whole milk",,Magustoidud ja küpsetised,111,3.1,18.8,3.1,1,,1.83,0.71,usda_sr_legacy
12608,"Puddings, chocolate, dry mix, prepared with 2% milk",,Magustoidud ja küpsetised,111,3.3,19.8,2.1,0.8,11.9,1.29,0.255,usda_sr_legacy
13384,"Puddings, chocolate, dry mix, prepared with whole milk",,Magustoidud ja küpsetised,120,3.2,19.6,3.2,0.8,12,1.81,0.245,usda_sr_legacy
12627,"Puddings, chocolate, fat free",,Magustoidud ja küpsetised,93,1.9,20.9,0.3,0.3,15.8,0,0.385,usda_sr_legacy
11621,"Puddings, chocolate flavor, low calorie, dry mix",,Magustoidud ja küpsetised,365,10.1,74.4,3,10.1,0.7,1.58,8.315,usda_sr_legacy
11972,"Puddings, chocolate flavor, low calorie, instant, dry mix",,Magustoidud ja küpsetised,356,5.3,78.2,2.4,6.1,0.7,0.98,7.095,usda_sr_legacy
12656,"Puddings, coconut cream, dry mix",,Magustoidud ja küpsetised,434,1,81.8,11.4,1.6,80.5,11.36,1.705,usda_sr_legacy
12654,"Puddings, coconut cream, dry mix, instant",,Magustoidud ja küpsetised,415,0.9,83.5,10,4,64,10,2.6,usda_sr_legacy
12609,"Puddings, coconut cream, dry mix, instant, prepared with 2% milk",,Magustoidud ja küpsetised,107,2.9,19.2,2.3,0.1,,1.37,0.615,usda_sr_legacy
12655,"Puddings, coconut cream, dry mix, instant, prepared with whole milk",,Magustoidud ja küpsetised,117,2.9,19.1,3.5,0.1,,2.1,0.615,usda_sr_legacy
13395,"Puddings, coconut cream, dry mix, prepared with 2% milk",,Magustoidud ja küpsetised,104,3.1,17.8,2.5,0.2,,1.8,0.408,usda_sr_legacy
12657,"Puddings, coconut cream, dry mix, prepared with whole milk",,Magustoidud ja küpsetised,114,3,17.7,3.8,0.2,,2.57,0.405,usda_sr_legacy
12659,"Puddings, lemon, dry mix",,Magustoidud ja küpsetised,363,0.1,91.8,0.5,0.1,,,1.265,usda_sr_legacy
13434,"Puddings, lemon, dry mix, instant",,Magustoidud ja küpsetised,378,0,95.4,0.7,0,,0.1,3.33,usda_sr_legacy
12614,"Puddings, lemon, dry mix, instant, prepared with 2% milk",,Magustoidud ja küpsetised,107,2.8,20.2,1.7,0,,0.97,0.67,usda_sr_legacy
12658,"Puddings, lemon, dry mix, instant, prepared with whole milk",,Magustoidud ja küpsetised,115,2.7,20.1,2.9,0,,1.74,0.668,usda_sr_legacy
13969,"Puddings, lemon, dry mix, with added oil, potassium",,Magustoidud ja küpsetised,366,0.1,90.3,1.5,0.1,,0.27,2.123,usda_sr_legacy
12610,"Puddings, rice",,Magustoidud ja küpsetised,108,3.2,18.4,2.2,0.3,11.6,1.21,0.243,usda_sr_legacy
12611,"Puddings, rice, dry mix",,Magustoidud ja küpsetised,376,2.7,91.2,0.1,0.7,,,0.915,usda_sr_legacy
13391,"Puddings, rice, dry mix, prepared with 2% milk",,Magustoidud ja küpsetised,111,3.3,20.8,1.6,0.1,,0.97,0.273,usda_sr_legacy
13385,"Puddings, rice, dry mix, prepared with whole milk",,Magustoidud ja küpsetised,121,3.3,20.7,2.8,0.1,,1.68,0.27,usda_sr_legacy
13394,"Puddings, tapioca",,Magustoidud ja küpsetised,130,2,21.7,3.9,0,14.9,0.96,0.363,usda_sr_legacy
13386,"Puddings, tapioca, dry mix",,Magustoidud ja küpsetised,369,0.1,94.3,0.1,0.2,65,,1.193,usda_sr_legacy
13392,"Puddings, tapioca, dry mix, prepared with 2% milk",,Magustoidud ja küpsetised,105,2.9,19.6,1.7,0,,0.99,0.303,usda_sr_legacy
13387,"Puddings, tapioca, dry mix, prepared with whole milk",,Magustoidud ja küpsetised,115,2.8,19.4,2.9,0,,1.72,0.3,usda_sr_legacy
13970,"Puddings, tapioca, dry mix, with no added salt",,Magustoidud ja küpsetised,369,0.1,94.3,0.1,0.2,,,0.02,usda_sr_legacy
12626,"Puddings, tapioca, fat free",,Magustoidud ja küpsetised,94,1.4,21.3,0.4,0,14.2,0.12,0.468,usda_sr_legacy
13388,"Puddings, vanilla",,Magustoidud ja küpsetised,130,1.5,22.6,3.8,0,17,1.02,0.43,usda_sr_legacy
13389,"Puddings, vanilla, dry mix",,Magustoidud ja küpsetised,379,0.3,93.5,0.4,0.6,79.3,0.09,1.533,usda_sr_legacy
12612,"Puddings, vanilla, dry mix, instant",,Magustoidud ja küpsetised,377,0,92.9,0.6,0,92.9,0.43,3.5,usda_sr_legacy
12613,"Puddings, vanilla, dry mix, instant, prepared with whole milk",,Magustoidud ja küpsetised,114,2.7,19.7,2.9,0,18,1.74,0.715,usda_sr_legacy
12616,"Puddings, vanilla, dry mix, prepared with 2% milk",,Magustoidud ja küpsetised,101,2.9,18.5,1.7,0,,1.02,0.398,usda_sr_legacy
13390,"Puddings, vanilla, dry mix, prepared with whole milk",,Magustoidud ja küpsetised,113,2.8,18.9,2.9,0.1,17.1,1.64,0.39,usda_sr_legacy
14371,"Puddings, vanilla, dry mix, with added oil",,Magustoidud ja küpsetised,369,0.3,92.4,1.1,0,,0.2,1.885,usda_sr_legacy
12625,"Puddings, vanilla, fat free",,Magustoidud ja küpsetised,89,2,20.2,0,0,15.1,0,0.478,usda_sr_legacy
676,Red velvet cake,,Magustoidud ja küpsetised,380,5,54,16,0.8,0,,,
12617,"Rennin, chocolate, dry mix, prepared with 2% milk",,Magustoidud ja küpsetised,85,3.2,13.5,2.1,0.5,,1.23,0.13,usda_sr_legacy
13397,"Rennin, chocolate, dry mix, prepared with whole milk",,Magustoidud ja küpsetised,96,3.2,13.3,3.3,0.5,,2,0.128,usda_sr_legacy
12618,"Rennin, vanilla, dry mix, prepared with 2% milk",,Magustoidud ja küpsetised,77,3.1,12.3,1.8,0,,1.06,0.115,usda_sr_legacy
12621,"Rennin, vanilla, dry mix, prepared with whole milk",,Magustoidud ja küpsetised,89,3,12.2,3.1,0,,1.85,0.115,usda_sr_legacy
11827,"SCHIFF, TIGER'S MILK BAR",,Magustoidud ja küpsetised,387,16.8,56.5,14.3,2.3,36.4,2.07,0.42,usda_sr_legacy
11517,"Sherbet, orange",,Magustoidud ja küpsetised,144,1.1,30.4,2,1.3,24.3,1.16,0.115,usda_sr_legacy
11480,"Snacks, fruit leather, pieces",,Magustoidud ja küpsetised,359,1,82.8,2.7,0,57.6,0.65,0.498,usda_sr_legacy
11481,"Snacks, fruit leather, rolls",,Magustoidud ja küpsetised,371,0.1,85.8,3,0,49.2,0.67,0.793,usda_sr_legacy
691,Strawberry cake,,Magustoidud ja küpsetised,310,4,48,11,0.8,0,,,
12661,"Sugars, brown",,Magustoidud ja küpsetised,380,0.1,98.1,0,0,97,0,0.07,usda_sr_legacy
13435,"Sugars, granulated",,Magustoidud ja küpsetised,387,0,100,0,0,99.8,0,0.003,usda_sr_legacy
13438,"Sugars, maple",,Magustoidud ja küpsetised,354,0.1,90.9,0.2,0,84.9,0.04,0.028,usda_sr_legacy
13436,"Sugars, powdered",,Magustoidud ja küpsetised,389,0,99.8,0,0,97.8,0,0.005,usda_sr_legacy
14401,"Sugar, turbinado",,Magustoidud ja küpsetised,399,0,99.8,0,0,99.2,,0.008,usda_sr_legacy
14399,"Sweeteners, for baking, brown, contains sugar and sucralose",,Magustoidud ja küpsetised,388,0,97.1,0,0,45.7,,0.028,usda_sr_legacy
14400,"Sweeteners, for baking, contains sugar and sucralose",,Magustoidud ja küpsetised,398,0,99.5,0,0,47.1,,0.005,usda_sr_legacy
14402,"Sweeteners, sugar substitute, granulated, brown",,Magustoidud ja küpsetised,347,2.1,84.8,0,0.6,4,,1.43,usda_sr_legacy
13437,"Sweeteners, tabletop, aspartame, EQUAL, packets",,Magustoidud ja küpsetised,365,2.2,89.1,0,0,80.7,0,0,usda_sr_legacy
13623,"Sweeteners, tabletop, fructose, dry, powder",,Magustoidud ja küpsetised,368,0,100,0,0,92.7,0,0.03,usda_sr_legacy
11971,"Sweeteners, tabletop, fructose, liquid",,Magustoidud ja küpsetised,279,0,76.1,0,0.1,76,0,0.005,usda_sr_legacy
12852,"Sweeteners, tabletop, saccharin (sodium saccharin)",,Magustoidud ja küpsetised,360,0.9,89.1,0,0,85.2,0,1.07,usda_sr_legacy
13984,"Sweeteners, tabletop, sucralose, SPLENDA packets",,Magustoidud ja küpsetised,336,0,91.2,0,0,80.3,0,0,usda_sr_legacy
14004,"Sweetener, syrup, agave",,Magustoidud ja küpsetised,310,0.1,76.4,0.5,0.2,68,0,0.01,usda_sr_legacy
11624,"Syrup, Cane",,Magustoidud ja küpsetised,269,0,73.1,0,0,73.2,0,0.145,usda_sr_legacy
11838,"Syrup, fruit flavored",,Magustoidud ja küpsetised,261,0,65.1,0,0,65,0,0,usda_sr_legacy
14003,"Syrup, maple, Canadian",,Magustoidud ja küpsetised,270,0,67.4,0,0,59.9,,0.023,usda_sr_legacy
14408,"Syrup, NESTLE, chocolate",,Magustoidud ja küpsetised,269,0,67.2,0,0,60,0,0.375,usda_sr_legacy
12663,"Syrups, chocolate, fudge-type",,Magustoidud ja küpsetised,350,4.6,62.9,8.9,2.8,34.8,3.98,0.865,usda_sr_legacy
12662,"Syrups, chocolate, HERSHEY'S Genuine Chocolate Flavored Lite Syrup",,Magustoidud ja küpsetised,153,1.4,34.6,1,0,28.6,0,0.25,usda_sr_legacy
14404,"Syrups, chocolate, HERSHEY'S Sugar free, Genuine Chocolate Flavored, Lite Syrup",,Magustoidud ja küpsetised,43,2.9,14.2,2,2.9,0.3,0.75,0.858,usda_sr_legacy
12664,"Syrups, corn, dark",,Magustoidud ja küpsetised,286,0,77.6,0,0,77.6,0,0.388,usda_sr_legacy
13439,"Syrups, corn, high-fructose",,Magustoidud ja küpsetised,281,0,76,0,0,75.7,0,0.005,usda_sr_legacy
12665,"Syrups, corn, light",,Magustoidud ja küpsetised,283,0,76.8,0.2,0,76.8,0,0.155,usda_sr_legacy
11924,"Syrups, grenadine",,Magustoidud ja küpsetised,268,0,66.9,0,0,46.6,0,0.068,usda_sr_legacy
13440,"Syrups, malt",,Magustoidud ja küpsetised,318,6.2,71.3,0,0,71.3,0,0.088,usda_sr_legacy
13441,"Syrups, maple",,Magustoidud ja küpsetised,260,0,67,0.1,0,60.5,0.01,0.03,usda_sr_legacy
13442,"Syrups, sorghum",,Magustoidud ja küpsetised,290,0,74.9,0,0,74.9,0,0.02,usda_sr_legacy
13606,"Syrups, sugar free",,Magustoidud ja küpsetised,51,0.8,12,0,0.7,0,0,0.525,usda_sr_legacy
12667,"Syrups, table blends, corn, refiner, and sugar",,Magustoidud ja küpsetised,319,0,83.9,0,0,,0,0.178,usda_sr_legacy
13358,"Syrups, table blends, pancake",,Magustoidud ja küpsetised,234,0,61.5,0,0,21.5,0,0.205,usda_sr_legacy
13357,"Syrups, table blends, pancake, reduced-calorie",,Magustoidud ja küpsetised,165,0,44.6,0,0,32.8,0,0.445,usda_sr_legacy
12666,"Syrups, table blends, pancake, with 2% maple",,Magustoidud ja küpsetised,265,0,69.6,0.1,0,42,0.02,0.153,usda_sr_legacy
14373,"Syrups, table blends, pancake, with 2% maple, with added potassium",,Magustoidud ja küpsetised,265,0,69.6,0.1,0,,0,0.153,usda_sr_legacy
11524,"Syrups, table blends, pancake, with butter",,Magustoidud ja küpsetised,291,0,72.4,0.1,0,72.3,0,0.718,usda_sr_legacy
684,Tiramisu,,Magustoidud ja küpsetised,283,5,27,17,0.4,0,,,
12669,"Toppings, butterscotch or caramel",,Magustoidud ja küpsetised,216,1.2,57,0,0,57,0,0.853,usda_sr_legacy
13444,"Toppings, marshmallow cream",,Magustoidud ja küpsetised,322,0.8,79,0.3,0.1,46.8,0.06,0.2,usda_sr_legacy
11837,"Topping, SMUCKER'S MAGIC SHELL",,Magustoidud ja küpsetised,609,2.9,50.1,44.1,2.9,47.1,20.59,0.073,usda_sr_legacy
13446,"Toppings, nuts in syrup",,Magustoidud ja küpsetised,448,4.5,58.1,22,2.3,36.7,1.96,0.105,usda_sr_legacy
13445,"Toppings, pineapple",,Magustoidud ja küpsetised,253,0.1,66.4,0.1,0.4,21,0.02,0.105,usda_sr_legacy
12586,"Toppings, strawberry",,Magustoidud ja küpsetised,254,0.2,66.3,0.1,0.7,27.4,0.01,0.053,usda_sr_legacy
682,Tres leches cake,,Magustoidud ja küpsetised,340,6,45,15,0.3,0,,,
674,Vanilla cake,,Magustoidud ja küpsetised,358,4,55,14,0.5,0,,,
2012,Cheese omelette,,Munad,195,13.5,1.5,15.5,0,0,,,
2015,Deviled eggs,,Munad,185,11,1.5,15.5,0.2,0,,,
2007,Duck egg,,Munad,185,13,1.4,13.8,0,0,,,
2006,Egg custard,,Munad,134,5.5,15.5,6,0,0,,,
15787,"Egg, duck, whole, fresh, raw",,Munad,185,12.8,1.5,13.8,0,0.9,3.68,0.365,usda_sr_legacy
15788,"Egg, goose, whole, fresh, raw",,Munad,185,13.9,1.4,13.3,0,0.9,3.6,0.345,usda_sr_legacy
2014,Egg mayo salad,,Munad,241,9.5,1.5,22,0.2,0,,,
14922,Eggnog,,Munad,88,4.6,8.1,4.2,0,8.1,2.59,0.135,usda_sr_legacy
15789,"Egg, quail, whole, fresh, raw",,Munad,158,13.1,0.4,11.1,0,0.4,3.56,0.353,usda_sr_legacy
2011,Eggs benedict,,Munad,218,12.5,12,13.5,0.5,0,,,
2005,Egg scramble,,Munad,152,10.5,1.5,11.5,0,0,,,
13631,"Eggs, scrambled, frozen mixture",,Munad,131,13.1,7.5,5.6,0,7.5,1.05,0.405,usda_sr_legacy
16969,"Egg substitute, liquid or frozen, fat free",,Munad,48,10,2,0,0,2,0,0.498,usda_sr_legacy
16936,"Egg substitute, powder",,Munad,444,55.5,21.8,13,0,21.8,3.77,2,usda_sr_legacy
15790,"Egg, turkey, whole, fresh, raw",,Munad,171,13.7,1.2,11.9,0,,3.63,0.378,usda_sr_legacy
1998,Egg white,,Munad,52,10.9,0.7,0.2,0,0,,,
15802,"Egg, white, dried",,Munad,382,81.1,7.8,0,0,5.4,0,3.2,usda_sr_legacy
16933,"Egg, white, dried, flakes, stabilized",,Munad,351,76.9,4.2,0,0,0,0,2.89,usda_sr_legacy
16934,"Egg, white, dried, powder, stabilized",,Munad,376,82.4,4.5,0,0,0,0,3.095,usda_sr_legacy
14622,"Egg, white, dried, stabilized, glucose reduced",,Munad,357,84.1,4.5,0.3,0,0,0.12,3.248,usda_sr_legacy
15781,"Egg, white, raw, fresh",,Munad,52,10.9,0.7,0.2,0,0.7,0,0.415,usda_sr_legacy
15801,"Egg, white, raw, frozen, pasteurized",,Munad,48,10.2,1,0,0,0.3,0,0.423,usda_sr_legacy
16930,"Egg, whole, cooked, fried",,Munad,196,13.6,0.8,14.8,0,0.4,4.32,0.518,usda_sr_legacy
16931,"Egg, whole, cooked, hard-boiled",,Munad,155,12.6,1.1,10.6,0,1.1,3.27,0.31,usda_sr_legacy
15783,"Egg, whole, cooked, omelet",,Munad,154,10.6,0.6,11.7,0,0.3,3.32,0.388,usda_sr_legacy
15784,"Egg, whole, cooked, poached",,Munad,143,12.5,0.7,9.5,0,0.4,3.11,0.743,usda_sr_legacy
15785,"Egg, whole, cooked, scrambled",,Munad,149,10,1.6,11,0,1.4,3.33,0.363,usda_sr_legacy
15786,"Egg, whole, dried",,Munad,592,48.1,1.1,43.9,0,0.6,15.07,1.19,usda_sr_legacy
16932,"Egg, whole, dried, stabilized, glucose reduced",,Munad,615,48.2,2.4,44,0,,13.2,1.37,usda_sr_legacy
14951,"Egg, whole, raw, fresh",,Munad,143,12.6,0.7,9.5,0,0.4,3.13,0.355,usda_sr_legacy
15800,"Egg, whole, raw, frozen, pasteurized",,Munad,147,12.3,1,10,0,0.3,3.38,0.32,usda_sr_legacy
14620,"Egg, whole, raw, frozen, salted",,Munad,138,11,0.8,10.1,0,0.1,3.18,9.158,usda_sr_legacy
1999,Egg yolk,,Munad,322,15.9,0.6,27.7,0,0,,,
16935,"Egg, yolk, dried",,Munad,669,33.6,0.7,59.1,0,0.2,20.33,0.373,usda_sr_legacy
15782,"Egg, yolk, raw, fresh",,Munad,322,15.9,3.6,26.5,0,0.6,9.55,0.12,usda_sr_legacy
16928,"Egg, yolk, raw, frozen, pasteurized",,Munad,296,15.5,0.8,25.6,0,0.2,8.62,0.168,usda_sr_legacy
16943,"Egg, yolk, raw, frozen, salted",,Munad,275,14.1,1.8,22.9,0,0.1,7.16,8.718,usda_sr_legacy
16929,"Egg, yolk, raw, frozen, sugared",,Munad,307,13.9,11,22.8,0,10.3,7.11,0.175,usda_sr_legacy
2000,Fried egg in butter,,Munad,196,13.6,0.4,15.5,0,0,,,
2008,Goose egg,,Munad,185,13.9,1.4,13.3,0,0,,,
2013,Ham omelette,,Munad,172,13.5,1,13,0,0,,,
2001,Hard-boiled egg,,Munad,155,12.6,1.1,10.6,0,0,,,
2004,Poached egg,,Munad,143,12.5,0.7,9.5,0,0,,,
2009,Quail eggs,,Munad,158,13.1,0.4,11.1,0,0,,,
2019,Salted eggs,,Munad,155,12,1.5,10,0,0,,,
2003,Scrambled eggs,,Munad,148,10,1.2,11.5,0,0,,,
2002,Soft-boiled egg,,Munad,143,12.4,0.9,9.5,0,0,,,
2018,Souffle omelette,,Munad,148,9.5,4,11,0,0,,,
2017,Spicy egg,,Munad,162,12,2,11.5,0.2,0,,,
2016,Stuffed eggs with pickles,,Munad,175,10.5,2,14.5,0.3,0,,,
2010,Turkey egg,,Munad,171,13.7,1.4,11.9,0,0,,,
1997,Whole chicken egg,,Munad,143,13,0.6,9.5,0,0,,,
1990,Almond milk,,Piimatooted,24,0.8,3,1.2,0.4,0,,,
12853,"Beverage, instant breakfast powder, chocolate, not reconstituted",,Piimatooted,353,19.9,66.2,1.4,0.4,65.8,0.56,0.963,usda_sr_legacy
13624,"Beverage, instant breakfast powder, chocolate, sugar-free, not reconstituted",,Piimatooted,358,35.8,41,5.1,2,39,2.16,1.793,usda_sr_legacy
1968,Brie cheese,,Piimatooted,334,20.7,0.5,27.7,0,0,,,
1980,Butter,,Piimatooted,717,0.5,0.6,81,0,0,,,
14978,"Butter, Clarified butter (ghee)",,Piimatooted,900,0,0,100,0,0,60,0,usda_sr_legacy
16919,"Butter oil, anhydrous",,Piimatooted,876,0.3,0,99.5,0,0,61.92,0.005,usda_sr_legacy
16917,"Butter, salted",,Piimatooted,717,0.9,0.1,81.1,0,0.1,51.37,1.608,usda_sr_legacy
16918,"Butter, whipped, with salt",,Piimatooted,731,0.5,0,78.3,0,0.1,45.39,1.458,usda_sr_legacy
16937,"Butter, without salt",,Piimatooted,717,0.9,0.1,81.1,0,0.1,50.49,0.028,usda_sr_legacy
1969,Camembert cheese,,Piimatooted,297,19.8,0.5,24.3,0,0,,,
1967,Cheddar cheese,,Piimatooted,402,25,1.3,33,0,0,,,
13628,"Cheese, american cheddar, imitation",,Piimatooted,239,16.7,11.6,14,0,7.7,8.79,3.363,usda_sr_legacy
14590,"Cheese, American, nonfat or fat free",,Piimatooted,126,21.1,10.5,0,0,5.3,0,3.29,usda_sr_legacy
15773,"Cheese, blue",,Piimatooted,353,21.4,2.3,28.7,0,0.5,18.67,2.865,usda_sr_legacy
15774,"Cheese, brick",,Piimatooted,371,23.2,2.8,29.7,0,0.5,18.76,1.4,usda_sr_legacy
15775,"Cheese, brie",,Piimatooted,334,20.8,0.5,27.7,0,0.5,17.41,1.573,usda_sr_legacy
15776,"Cheese, camembert",,Piimatooted,300,19.8,0.5,24.3,0,0.5,15.26,2.105,usda_sr_legacy
16920,"Cheese, caraway",,Piimatooted,376,25.2,3.1,29.2,0,,18.58,1.725,usda_sr_legacy
16921,"Cheese, cheddar",,Piimatooted,403,22.9,3.4,33.3,0,0.5,18.87,1.633,usda_sr_legacy
14959,"Cheese, cheddar, nonfat or fat free",,Piimatooted,157,32.1,7.1,0,0,0,0,2.5,usda_sr_legacy
14956,"Cheese, cheddar, reduced fat",,Piimatooted,316,27.4,2.7,20.4,0,0.3,12.6,1.57,usda_sr_legacy
14626,"Cheese, cheddar, sharp, sliced",,Piimatooted,410,24.3,2.1,33.8,0,0.3,19.37,1.61,usda_sr_legacy
16922,"Cheese, cheshire",,Piimatooted,387,23.4,4.8,30.6,0,,19.48,1.75,usda_sr_legacy
16923,"Cheese, colby",,Piimatooted,394,23.8,2.6,32.1,0,0.5,20.22,1.51,usda_sr_legacy
15777,"Cheese, cottage, creamed, large or small curd",,Piimatooted,98,11.1,3.4,4.3,0,2.7,1.72,0.788,usda_sr_legacy
15778,"Cheese, cottage, creamed, with fruit",,Piimatooted,97,10.7,4.6,3.9,0.2,2.4,2.31,0.86,usda_sr_legacy
16924,"Cheese, cottage, lowfat, 1% milkfat",,Piimatooted,72,12.4,2.7,1,0,2.7,0.65,1.015,usda_sr_legacy
11592,"Cheese, cottage, lowfat, 1% milkfat, lactose reduced",,Piimatooted,74,12.4,3.2,1,0.6,2.6,0.64,0.55,usda_sr_legacy
11948,"Cheese, cottage, lowfat, 1% milkfat, no sodium added",,Piimatooted,72,12.4,2.7,1,0,2.7,0.63,0.033,usda_sr_legacy
11605,"Cheese, cottage, lowfat, 1% milkfat, with vegetables",,Piimatooted,67,10.9,3,1,0,3,0.62,1.008,usda_sr_legacy
15780,"Cheese, cottage, lowfat, 2% milkfat",,Piimatooted,81,10.5,4.8,2.3,0,4,1.24,0.77,usda_sr_legacy
15779,"Cheese, cottage, nonfat, uncreamed, dry",,Piimatooted,72,10.3,6.7,0.3,0,1.9,0.17,0.93,usda_sr_legacy
12858,"Cheese, cottage, with vegetables",,Piimatooted,95,10.9,3,4.2,0.1,0.4,2.65,1.008,usda_sr_legacy
16925,"Cheese, cream",,Piimatooted,350,6.2,5.5,34.4,0,3.8,20.21,0.785,usda_sr_legacy
15805,"Cheese, cream, fat free",,Piimatooted,105,15.7,7.7,1,0,5.5,0.64,1.755,usda_sr_legacy
12859,"Cheese, cream, low fat",,Piimatooted,208,7.9,6.7,16.7,0,3.3,10,0.793,usda_sr_legacy
15820,"Cheese, dry white, queso seco",,Piimatooted,325,24.5,2,24.4,0,0.6,13.72,4.52,usda_sr_legacy
16926,"Cheese, edam",,Piimatooted,357,25,1.4,28.6,0,0,18.67,2.433,usda_sr_legacy
16927,"Cheese, feta",,Piimatooted,265,14.2,3.9,21.5,0,0,13.3,2.848,usda_sr_legacy
14570,"Cheese, fontina",,Piimatooted,389,25.6,1.6,31.1,0,1.6,19.2,2,usda_sr_legacy
14583,"Cheese food, cold pack, American",,Piimatooted,331,19.7,8.3,24.5,0,,15.36,2.415,usda_sr_legacy
14916,"Cheese food, pasteurized process, American, vitamin D fortified",,Piimatooted,330,16.9,8.6,25.6,0,5.6,15.06,3.21,usda_sr_legacy
14955,"Cheese food, pasteurized process, American, without added vitamin D",,Piimatooted,330,16.9,8.6,25.6,0,5.6,15.06,3.603,usda_sr_legacy
14917,"Cheese food, pasteurized process, swiss",,Piimatooted,323,21.9,4.5,24.1,0,,15.49,3.88,usda_sr_legacy
15821,"Cheese, fresh, queso fresco",,Piimatooted,299,18.1,3,23.8,0,2.3,12.94,1.878,usda_sr_legacy
14904,"Cheese, gjetost",,Piimatooted,466,9.7,42.7,29.5,0,,19.16,1.5,usda_sr_legacy
15795,"Cheese, goat, hard type",,Piimatooted,452,30.5,2.2,35.6,0,2.2,24.61,1.058,usda_sr_legacy
16940,"Cheese, goat, semisoft type",,Piimatooted,364,21.6,0.1,29.8,0,0.1,20.64,1.038,usda_sr_legacy
16942,"Cheese, goat, soft type",,Piimatooted,264,18.5,0,21.1,0,0,14.58,1.148,usda_sr_legacy
14905,"Cheese, gouda",,Piimatooted,356,24.9,2.2,27.4,0,2.2,17.61,2.048,usda_sr_legacy
14906,"Cheese, gruyere",,Piimatooted,413,29.8,0.4,32.3,0,0.4,18.91,1.785,usda_sr_legacy
14907,"Cheese, limburger",,Piimatooted,327,20.1,0.5,27.3,0,0.5,16.75,2,usda_sr_legacy
16946,"Cheese, low fat, cheddar or colby",,Piimatooted,173,24.4,1.9,7,0,0.5,4.34,2.183,usda_sr_legacy
16947,"Cheese, low-sodium, cheddar or colby",,Piimatooted,398,24.4,1.9,32.6,0,0.5,20.77,0.053,usda_sr_legacy
14952,"Cheese, Mexican blend",,Piimatooted,384,23.5,0.1,32.1,0,0,16.07,1.518,usda_sr_legacy
15814,"Cheese, Mexican, blend, reduced fat",,Piimatooted,282,24.7,3.4,19.4,0,0.6,11.58,1.94,usda_sr_legacy
15799,"Cheese, mexican, queso anejo",,Piimatooted,373,21.4,4.6,30,0,4.6,19.03,2.828,usda_sr_legacy
16944,"Cheese, mexican, queso asadero",,Piimatooted,356,22.6,4.1,25,0,0,14.85,1.518,usda_sr_legacy
16945,"Cheese, mexican, queso chihuahua",,Piimatooted,374,21.6,5.6,29.7,0,5.6,18.84,1.543,usda_sr_legacy
14625,"Cheese, mexican, queso cotija",,Piimatooted,366,20,4,30,0,0,17.5,3.5,usda_sr_legacy
14571,"Cheese, monterey",,Piimatooted,373,24.5,0.7,30.3,0,0.5,19.07,1.5,usda_sr_legacy
11932,"Cheese, monterey, low fat",,Piimatooted,313,28.2,0.7,21.6,0,0.6,14.04,1.953,usda_sr_legacy
14908,"Cheese, mozzarella, low moisture, part-skim",,Piimatooted,295,23.8,5.6,19.8,0,1.9,11.3,1.665,usda_sr_legacy
14627,"Cheese, mozzarella, low moisture, part-skim, shredded",,Piimatooted,304,23.6,8.1,19.7,0,2.2,11.47,1.705,usda_sr_legacy
11616,"Cheese, mozzarella, low sodium",,Piimatooted,280,27.5,3.1,17.1,0,1.2,10.87,0.04,usda_sr_legacy
12832,"Cheese, mozzarella, nonfat",,Piimatooted,141,31.7,3.5,0,1.8,1.5,0,1.858,usda_sr_legacy
14574,"Cheese, mozzarella, part skim milk",,Piimatooted,254,24.3,2.8,15.9,0,1.1,10.11,1.548,usda_sr_legacy
14572,"Cheese, mozzarella, whole milk",,Piimatooted,299,22.2,2.4,22.1,0,0,13.9,1.215,usda_sr_legacy
14573,"Cheese, mozzarella, whole milk, low moisture",,Piimatooted,318,21.6,2.5,24.6,0,1,15.56,1.775,usda_sr_legacy
14909,"Cheese, muenster",,Piimatooted,368,23.4,1.1,30,0,1.1,19.11,1.57,usda_sr_legacy
12831,"Cheese, muenster, low fat",,Piimatooted,271,24.7,3.5,17.6,0,3.5,10.95,1.5,usda_sr_legacy
14910,"Cheese, neufchatel",,Piimatooted,253,9.2,3.6,22.8,0,3.2,12.79,0.835,usda_sr_legacy
16959,"Cheese, parmesan, dry grated, reduced fat",,Piimatooted,265,20,1.4,20,0,0,13.32,3.823,usda_sr_legacy
14911,"Cheese, parmesan, grated",,Piimatooted,420,28.4,13.9,27.8,0,0.1,15.37,4.51,usda_sr_legacy
14575,"Cheese, parmesan, hard",,Piimatooted,392,35.8,3.2,25,0,0.1,14.85,2.938,usda_sr_legacy
11594,"Cheese, parmesan, low sodium",,Piimatooted,451,41.6,3.7,30,0,0.9,19.05,0.158,usda_sr_legacy
16938,"Cheese, parmesan, shredded",,Piimatooted,415,37.9,3.4,27.3,0,0.9,17.37,4.24,usda_sr_legacy
14580,"Cheese, pasteurized process, American, fortified with vitamin D",,Piimatooted,366,18.1,4.8,30.7,0,2.3,18.06,4.178,usda_sr_legacy
12860,"Cheese, pasteurized process, American, low fat",,Piimatooted,180,24.6,3.5,7,0,0.6,4.41,4.473,usda_sr_legacy
14954,"Cheese, pasteurized process, American, without added vitamin D",,Piimatooted,371,18.1,3.7,31.8,0,2.3,18.06,4.178,usda_sr_legacy
11955,"Cheese, pasteurized process, cheddar or American, low sodium",,Piimatooted,376,22.2,1.6,31.2,0,0.5,19.65,0.018,usda_sr_legacy
14581,"Cheese, pasteurized process, pimento",,Piimatooted,375,22.1,1.7,31.2,0.1,0.6,19.66,2.288,usda_sr_legacy
14582,"Cheese, pasteurized process, swiss",,Piimatooted,334,24.7,2.1,25,0,1.2,16.05,3.425,usda_sr_legacy
14576,"Cheese, port de salut",,Piimatooted,352,23.8,0.6,28.2,0,0.6,16.69,1.335,usda_sr_legacy
16962,"Cheese product, pasteurized process, American, reduced fat, fortified with vitamin D",,Piimatooted,240,17.6,10.6,14.1,0,8,8.85,3.003,usda_sr_legacy
14953,"Cheese product, pasteurized process, American, vitamin D fortified",,Piimatooted,307,16.1,8.9,23.1,0,6.2,12.93,3.198,usda_sr_legacy
14577,"Cheese, provolone",,Piimatooted,351,25.6,2.1,26.6,0,0.6,17.08,1.818,usda_sr_legacy
15813,"Cheese, provolone, reduced fat",,Piimatooted,274,24.7,3.5,17.6,0,0.6,11.3,1.538,usda_sr_legacy
14912,"Cheese, ricotta, part skim milk",,Piimatooted,138,11.4,5.1,7.9,0,0.3,4.93,0.248,usda_sr_legacy
14578,"Cheese, ricotta, whole milk",,Piimatooted,150,7.5,7.3,10.2,0,0.3,6.42,0.275,usda_sr_legacy
14913,"Cheese, romano",,Piimatooted,387,31.8,3.6,26.9,0,0.7,17.12,3.583,usda_sr_legacy
14914,"Cheese, roquefort",,Piimatooted,369,21.5,2,30.6,0,,19.26,4.523,usda_sr_legacy
15798,Cheese sauce,,Piimatooted,197,10.3,5.5,14.9,0.1,0.2,8.03,1.233,usda_sr_legacy
14623,"Cheese spread, American or Cheddar cheese base, reduced fat",,Piimatooted,176,13.4,10.7,8.9,0,7.1,5.65,2.755,usda_sr_legacy
12861,"Cheese spread, cream cheese base",,Piimatooted,295,7.1,3.5,28.6,0,3.5,18.02,1.09,usda_sr_legacy
14918,"Cheese spread, pasteurized process, American",,Piimatooted,290,16.4,8.7,21.2,0,7.3,13.33,4.063,usda_sr_legacy
15796,"Cheese substitute, mozzarella",,Piimatooted,248,11.5,23.7,12.2,0,23.7,3.71,1.713,usda_sr_legacy
14915,"Cheese, swiss",,Piimatooted,393,27,1.4,31,0,0,18.23,0.468,usda_sr_legacy
11970,"Cheese, swiss, low fat",,Piimatooted,179,28.4,3.4,5.1,0,1.3,3.3,0.498,usda_sr_legacy
11958,"Cheese, swiss, low sodium",,Piimatooted,374,28.4,3.4,27.4,0,1.3,17.74,0.035,usda_sr_legacy
14624,"Cheese, Swiss, nonfat or fat free",,Piimatooted,127,28.4,3.4,0,0,1.3,0,2.5,usda_sr_legacy
14579,"Cheese, tilsit",,Piimatooted,340,24.4,1.9,26,0,,16.78,1.883,usda_sr_legacy
15822,"Cheese, white, queso blanco",,Piimatooted,310,20.4,2.5,24.3,0,1.8,13.66,1.76,usda_sr_legacy
1978,Chocolate ice cream,,Piimatooted,216,3.8,26,11,0.5,0,,,
1991,Coconut milk drink,,Piimatooted,45,0.5,7,1.5,0,0,,,
1982,Condensed milk,,Piimatooted,321,7.9,54.4,8.7,0,0,,,
1962,Cottage cheese (0%),,Piimatooted,72,12.5,3.5,0.5,0,0,,,
1961,Cottage cheese (4%),,Piimatooted,98,11,3.5,4.5,0,0,,,
1975,Cream cheese,,Piimatooted,342,6,3.5,34,0,0,,,
14919,"Cream, fluid, half and half",,Piimatooted,131,3.1,4.3,11.5,0,4.1,7.03,0.153,usda_sr_legacy
14586,"Cream, fluid, heavy whipping",,Piimatooted,340,2.8,2.8,36.1,0,2.9,23.03,0.068,usda_sr_legacy
14584,"Cream, fluid, light (coffee cream or table cream)",,Piimatooted,195,3,3.7,19.1,0,3.7,10.18,0.18,usda_sr_legacy
14585,"Cream, fluid, light whipping",,Piimatooted,292,2.2,3,30.9,0,3,19.34,0.085,usda_sr_legacy
15810,"Cream, half and half, fat free",,Piimatooted,59,2.6,9,1.4,0,5,0.84,0.25,usda_sr_legacy
14972,"Cream, half and half, lowfat",,Piimatooted,72,3.3,3.3,5,0,3.3,3.28,0.125,usda_sr_legacy
14921,"Cream, sour, cultured",,Piimatooted,198,2.4,4.6,19.4,0,3.4,10.14,0.078,usda_sr_legacy
14920,"Cream, sour, reduced fat, cultured",,Piimatooted,135,2.9,4.3,12,0,0.2,7.47,0.223,usda_sr_legacy
16960,"Cream substitute, flavored, liquid",,Piimatooted,251,0.7,35.1,13.5,1.1,33,2.64,0.168,usda_sr_legacy
15812,"Cream substitute, flavored, powdered",,Piimatooted,482,0.7,75.4,21.5,1.2,58,19.45,0.308,usda_sr_legacy
11931,"Cream substitute, liquid, light",,Piimatooted,71,0.8,9.1,3.5,0,9.1,0.9,0.15,usda_sr_legacy
14925,"Cream substitute, liquid, with hydrogenated vegetable oil and soy protein",,Piimatooted,136,1,11.4,10,0,11.4,1.94,0.168,usda_sr_legacy
14926,"Cream substitute, liquid, with lauric acid oil and sodium caseinate",,Piimatooted,136,1,11.4,10,0,,9.3,0.198,usda_sr_legacy
14927,"Cream substitute, powdered",,Piimatooted,529,2.5,59.3,32.9,0,7.8,19.15,0.31,usda_sr_legacy
11578,"Cream substitute, powdered, light",,Piimatooted,431,1.9,73.4,15.7,0,73.4,3.8,0.573,usda_sr_legacy
14587,"Cream, whipped, cream topping, pressurized",,Piimatooted,257,3.2,12.5,22.2,0,8,13.83,0.02,usda_sr_legacy
1985,Creme fraiche,,Piimatooted,292,2,3,30,0,0,,,
14592,"Dessert topping, powdered",,Piimatooted,577,4.9,52.5,39.9,0,52.5,36.72,0.305,usda_sr_legacy
14593,"Dessert topping, powdered, 1.5 ounce prepared with 1/2 cup milk",,Piimatooted,194,3.6,17.1,12.7,0,17.1,10.68,0.165,usda_sr_legacy
14594,"Dessert topping, pressurized",,Piimatooted,264,1,16.1,22.3,0,16.1,18.91,0.155,usda_sr_legacy
14595,"Dessert topping, semi solid, frozen",,Piimatooted,318,1.3,23.1,25.3,0,23.1,21.78,0.063,usda_sr_legacy
1983,Dried milk powder,,Piimatooted,496,26.3,38.4,26.7,0,0,,,
16968,Dulce de Leche,,Piimatooted,315,6.8,55.4,7.4,0,49.7,4.53,0.323,usda_sr_legacy
1984,Dulce de leche,,Piimatooted,304,6.8,55.5,7,0,0,,,
1965,Edam cheese,,Piimatooted,357,24.5,1.5,28,0,0,,,
1973,Emmental cheese,,Piimatooted,380,28.5,0.5,29,0,0,,,
16974,"Fat free ice cream, no sugar added, flavors other than chocolate",,Piimatooted,133,4.4,28.9,0,7.4,8.8,0,0.275,usda_sr_legacy
1971,Feta cheese,,Piimatooted,264,14.2,4.1,21.3,0,0,,,
1987,Flavored yogurt,,Piimatooted,95,3.5,15.5,2.5,0,0,,,
1981,Ghee,,Piimatooted,876,0,0,99.5,0,0,,,
1996,Goat cheese,,Piimatooted,364,21.6,0.1,30.5,0,0,,,
1966,Gouda cheese,,Piimatooted,356,24.9,2.2,27.4,0,0,,,
1958,Greek yogurt,,Piimatooted,97,9,3.6,5,0,0,,,
1959,Greek yogurt (0%),,Piimatooted,57,10,4,0.1,0,0,,,
1953,Heavy cream,,Piimatooted,340,2.1,3.3,35,0,0,,,
14969,"Ice cream bar, covered with chocolate and nuts",,Piimatooted,303,5.6,11.9,25.8,1.1,10.8,15.9,0.14,usda_sr_legacy
16973,"Ice cream, bar or stick, chocolate covered",,Piimatooted,331,4.1,24.5,24.1,0.8,18.3,13.2,0.17,usda_sr_legacy
14958,"Ice cream bar, stick or nugget, with crunch coating",,Piimatooted,358,2.1,37.1,25.3,1.1,21.1,17.9,0.21,usda_sr_legacy
15826,"Ice cream cone, chocolate covered, with nuts, flavors other than chocolate",,Piimatooted,354,5.2,34.4,21.9,1,25,11.46,0.235,usda_sr_legacy
15825,Ice cream cookie sandwich,,Piimatooted,240,3.7,39.6,7.4,1.2,21.3,1.66,0.405,usda_sr_legacy
14957,"Ice cream, light, soft serve, chocolate",,Piimatooted,141,3.4,23.2,3.7,0,19.5,2.35,0.16,usda_sr_legacy
14638,"Ice cream, lowfat, no sugar added, cone, added peanuts and chocolate sauce",,Piimatooted,265,5.3,40,9.3,9.3,10.7,6.6,0.283,usda_sr_legacy
15824,Ice cream sandwich,,Piimatooted,237,4.3,37.1,8.6,0,18.6,2.32,0.323,usda_sr_legacy
15827,"Ice cream sandwich, made with light ice cream, vanilla",,Piimatooted,186,4.3,39.6,3,0,17.9,0.82,0.365,usda_sr_legacy
15828,"Ice cream sandwich, vanilla, light, no sugar added",,Piimatooted,200,5.7,42.9,2.9,7.1,6.6,0.82,0.41,usda_sr_legacy
16972,"Ice cream, soft serve, chocolate",,Piimatooted,222,4.1,22.2,13,0.7,21.2,7.46,0.153,usda_sr_legacy
14970,Ice cream sundae cone,,Piimatooted,254,3,28.9,14,1,21.3,2.72,0.288,usda_sr_legacy
11925,"Imitation cheese, american or cheddar, low cholesterol",,Piimatooted,390,25,1,32,0,1,5.82,1.675,usda_sr_legacy
1960,Kefir,,Piimatooted,52,3.5,4.5,2,0,0,,,
14631,"Kefir, lowfat, plain, LIFEWAY",,Piimatooted,43,3.8,4.8,1,0,4.6,0.66,0.1,usda_sr_legacy
14965,"Kefir, lowfat, strawberry, LIFEWAY",,Piimatooted,62,3.4,10.2,0.9,0,9.2,0.53,0.093,usda_sr_legacy
15809,KRAFT BREAKSTONE'S FREE Fat Free Sour Cream,,Piimatooted,91,4.7,15.1,1.3,0,7.2,0.8,0.18,usda_sr_legacy
15808,KRAFT BREAKSTONE'S Reduced Fat Sour Cream,,Piimatooted,152,4.5,6.5,12,0.1,6.4,7.6,0.148,usda_sr_legacy
16953,KRAFT CHEEZ WHIZ LIGHT Pasteurized Process Cheese Product,,Piimatooted,215,16.3,16.2,9.5,0.2,8.2,6.4,4.263,usda_sr_legacy
15807,KRAFT CHEEZ WHIZ Pasteurized Process Cheese Sauce,,Piimatooted,276,12,9.2,21,0.3,6.7,13.1,4.095,usda_sr_legacy
16954,KRAFT FREE Singles American Nonfat Pasteurized Process Cheese Product,,Piimatooted,148,22.7,11.7,1,0.2,6.7,0.7,3.245,usda_sr_legacy
16956,KRAFT VELVEETA LIGHT Reduced Fat Pasteurized Process Cheese Product,,Piimatooted,222,19.6,11.8,10.6,0,8.5,7.1,3.965,usda_sr_legacy
16955,KRAFT VELVEETA Pasteurized Process Cheese Spread,,Piimatooted,303,16.3,9.8,22,0,8.1,14.4,3.748,usda_sr_legacy
1988,Lassi drink,,Piimatooted,76,3.5,12,1.5,0,0,,,
14971,"Light ice cream, Creamsicle",,Piimatooted,165,1.5,32.8,3.1,0,18.5,1.81,0.115,usda_sr_legacy
1964,Mascarpone,,Piimatooted,429,4.5,3.5,44,0,0,,,
14938,"Milk, buttermilk, dried",,Piimatooted,387,34.3,49,5.8,0,49,3.6,1.293,usda_sr_legacy
14601,"Milk, buttermilk, fluid, cultured, lowfat",,Piimatooted,40,3.3,4.8,1.1,0,5.4,0.66,0.37,usda_sr_legacy
11586,"Milk, buttermilk, fluid, cultured, reduced fat",,Piimatooted,56,4.1,5.3,2,0,5.3,1.24,0.263,usda_sr_legacy
15823,"Milk, buttermilk, fluid, whole",,Piimatooted,62,3.2,4.9,3.3,0,4.9,1.9,0.263,usda_sr_legacy
14939,"Milk, canned, condensed, sweetened",,Piimatooted,321,7.9,54.4,8.7,0,54.4,5.49,0.318,usda_sr_legacy
14605,"Milk, canned, evaporated, nonfat, with added vitamin A and vitamin D",,Piimatooted,78,7.6,11.4,0.2,0,11.4,0.12,0.288,usda_sr_legacy
15792,"Milk, canned, evaporated, with added vitamin A",,Piimatooted,134,6.8,10,7.6,0,,4.59,0.265,usda_sr_legacy
14940,"Milk, canned, evaporated, with added vitamin D and without added vitamin A",,Piimatooted,134,6.8,10,7.6,0,10,4.59,0.265,usda_sr_legacy
14941,"Milk, chocolate beverage, hot cocoa, homemade",,Piimatooted,77,3.5,10.7,2.3,1,9.7,1.43,0.11,usda_sr_legacy
14967,"Milk, chocolate, fat free, with added vitamin A and vitamin D",,Piimatooted,67,3.4,13.5,0,0,8.4,0,0.198,usda_sr_legacy
16957,"Milk, chocolate, fluid, commercial, reduced fat",,Piimatooted,78,3,12.1,1.9,0.7,9.6,1.18,0.165,usda_sr_legacy
14607,"Milk, chocolate, fluid, commercial, reduced fat",,Piimatooted,76,3,12.1,1.9,0.7,9.6,1.18,0.165,usda_sr_legacy
14606,"Milk, chocolate, fluid, commercial, whole",,Piimatooted,83,3.2,10.3,3.4,0.8,9.5,2.1,0.15,usda_sr_legacy
14637,"Milk, chocolate, lowfat, reduced sugar",,Piimatooted,57,3.4,7.7,1,0,7.3,0.62,0.165,usda_sr_legacy
14608,"Milk, chocolate, lowfat, with added vitamin A and vitamin D",,Piimatooted,64,3.5,10.2,1.1,0.1,9.9,0.62,0.163,usda_sr_legacy
14617,"Milk dessert bar, frozen, made from lowfat milk",,Piimatooted,147,4.4,32,1.5,6.6,22.1,0.74,0.23,usda_sr_legacy
14937,"Milk, dry, nonfat, calcium reduced",,Piimatooted,354,35.5,51.8,0.2,0,,0.12,5.7,usda_sr_legacy
14936,"Milk, dry, nonfat, instant, with added vitamin A and vitamin D",,Piimatooted,358,35.1,52.2,0.7,0,52.2,0.47,1.373,usda_sr_legacy
15794,"Milk, dry, nonfat, instant, without added vitamin A and vitamin D",,Piimatooted,358,35.1,52.2,0.7,0,52.2,0.47,1.373,usda_sr_legacy
15793,"Milk, dry, nonfat, with added vitamin A and vitamin D",,Piimatooted,362,36.2,52,0.8,0,52,0.5,1.338,usda_sr_legacy
14604,"Milk, dry, nonfat, without added vitamin A and vitamin D",,Piimatooted,362,36.2,52,0.8,0,52,0.5,1.338,usda_sr_legacy
14603,"Milk, dry, whole, with added vitamin D",,Piimatooted,496,26.3,38.4,26.7,0,38.4,16.74,0.928,usda_sr_legacy
16961,"Milk, dry, whole, without added vitamin D",,Piimatooted,496,26.3,38.4,26.7,0,38.4,16.74,0.928,usda_sr_legacy
14966,"Milk, evaporated, 2% fat, with added vitamin A and vitamin D",,Piimatooted,107,6.7,15.7,2,0,6.7,1.2,0.25,usda_sr_legacy
14588,"Milk, filled, fluid, with blend of hydrogenated vegetable oils",,Piimatooted,63,3.3,4.7,3.5,0,,0.77,0.143,usda_sr_legacy
14589,"Milk, filled, fluid, with lauric acid oil",,Piimatooted,63,3.3,4.7,3.4,0,4.7,3.1,0.143,usda_sr_legacy
16948,"Milk, fluid, 1% fat, without added vitamin A and vitamin D",,Piimatooted,42,3.4,5,1,0,5.2,0.63,0.11,usda_sr_legacy
13600,"Milk, fluid, nonfat, calcium fortified (fat free or skim)",,Piimatooted,35,3.4,4.9,0.2,0,4.9,0.12,0.13,usda_sr_legacy
14942,"Milk, goat, fluid, with added vitamin D",,Piimatooted,69,3.6,4.5,4.1,0,4.5,2.67,0.125,usda_sr_legacy
14943,"Milk, human, mature, fluid",,Piimatooted,70,1,6.9,4.4,0,6.9,2.01,0.043,usda_sr_legacy
11614,"Milk, imitation, non-soy",,Piimatooted,46,1.6,5.3,2,0,5.3,0.25,0.138,usda_sr_legacy
14944,"Milk, indian buffalo, fluid",,Piimatooted,97,3.8,5.2,6.9,0,,4.6,0.13,usda_sr_legacy
14932,"Milk, lowfat, fluid, 1% milkfat, protein fortified",,Piimatooted,48,3.9,5.5,1.2,0,,0.73,0.145,usda_sr_legacy
14600,"Milk, lowfat, fluid, 1% milkfat, with added nonfat milk solids",,Piimatooted,43,3.5,5,1,0,,0.6,0.13,usda_sr_legacy
14599,"Milk, lowfat, fluid, 1% milkfat, with added vitamin A and vitamin D",,Piimatooted,42,3.4,5,1,0,5.2,0.63,0.11,usda_sr_legacy
14602,"Milk, low sodium, fluid",,Piimatooted,61,3.1,4.5,3.5,0,4.5,2.15,0.008,usda_sr_legacy
14935,"Milk, nonfat, fluid, protein fortified, with added vitamin A and vitamin D (fat free and skim)",,Piimatooted,41,4,5.6,0.3,0,,0.16,0.148,usda_sr_legacy
14934,"Milk, nonfat, fluid, with added nonfat milk solids, vitamin A and vitamin D (fat free or skim)",,Piimatooted,37,3.6,5,0.3,0,5,0.16,0.133,usda_sr_legacy
14933,"Milk, nonfat, fluid, with added vitamin A and vitamin D (fat free or skim)",,Piimatooted,34,3.4,5,0.1,0,5.1,0.06,0.105,usda_sr_legacy
16939,"Milk, nonfat, fluid, without added vitamin A and vitamin D (fat free or skim)",,Piimatooted,35,3.4,4.9,0.2,0,5.1,0.12,0.105,usda_sr_legacy
1986,Milk porridge,,Piimatooted,72,3,9.5,2.5,0.5,0,,,
14930,"Milk, producer, fluid, 3.7% milkfat",,Piimatooted,64,3.3,4.7,3.7,0,,2.28,0.123,usda_sr_legacy
14598,"Milk, reduced fat, fluid, 2% milkfat, protein fortified",,Piimatooted,56,4,5.5,2,0,5.3,1.23,0.148,usda_sr_legacy
15791,"Milk, reduced fat, fluid, 2% milkfat, with added nonfat milk solids",,Piimatooted,56,4,5.5,2,0,,1.23,0.148,usda_sr_legacy
14597,"Milk, reduced fat, fluid, 2% milkfat, with added nonfat milk solids and vitamin A and vitamin D",,Piimatooted,51,3.5,5,1.9,0,,1.2,0.13,usda_sr_legacy
14931,"Milk, reduced fat, fluid, 2% milkfat, with added vitamin A and vitamin D",,Piimatooted,50,3.3,4.8,2,0,5.1,1.26,0.118,usda_sr_legacy
15803,"Milk, reduced fat, fluid, 2% milkfat, without added vitamin A and vitamin D",,Piimatooted,50,3.3,4.8,2,0,5.1,1.26,0.118,usda_sr_legacy
1993,Milk shake,,Piimatooted,112,3.5,18,3.2,0,0,,,
14610,"Milk shakes, thick chocolate",,Piimatooted,119,3.1,21.2,2.7,0.3,20.9,1.68,0.278,usda_sr_legacy
14611,"Milk shakes, thick vanilla",,Piimatooted,112,3.9,17.8,3,0,17.8,1.89,0.238,usda_sr_legacy
14609,"Milk, sheep, fluid",,Piimatooted,108,6,5.4,7,0,,4.6,0.11,usda_sr_legacy
14928,"Milk substitutes, fluid, with lauric acid oil",,Piimatooted,61,1.8,6.2,3.4,0,,3.04,0.195,usda_sr_legacy
14929,"Milk, whole, 3.25% milkfat, with added vitamin D",,Piimatooted,61,3.2,4.8,3.3,0,5.1,1.87,0.108,usda_sr_legacy
15815,"Milk, whole, 3.25% milkfat, without added vitamin A and vitamin D",,Piimatooted,61,3.2,4.8,3.3,0,5.1,1.87,0.108,usda_sr_legacy
1970,Mozzarella,,Piimatooted,280,18,2.2,22,0,0,,,
14619,"Nutritional supplement for people with diabetes, liquid",,Piimatooted,88,4.4,11.9,3.1,2.2,2.6,0.23,0.23,usda_sr_legacy
1989,Oat milk,,Piimatooted,47,1,8,1,0.5,0,,,
1972,Parmesan cheese,,Piimatooted,431,38.5,3.2,29,0,0,,,
15804,"Parmesan cheese topping, fat free",,Piimatooted,370,40,40,5,0,1.5,3.11,2.875,usda_sr_legacy
1974,Processed cheese,,Piimatooted,290,14,7,22.5,0,0,,,
16967,"Protein supplement, milk based, Muscle Milk Light, powder",,Piimatooted,396,50,22,12,2,4,1.09,0.625,usda_sr_legacy
16966,"Protein supplement, milk based, Muscle Milk, powder",,Piimatooted,411,45.7,18.5,17.1,7.1,5.7,1.55,0.823,usda_sr_legacy
1995,Provolone cheese,,Piimatooted,352,25.6,2.1,26.6,0,0,,,
1994,Quark dessert,,Piimatooted,118,10,9.5,4.5,0,0,,,
15811,Reddi Wip Fat Free Whipped Topping,,Piimatooted,149,3,25,5,0.4,16,2.87,0.18,usda_sr_legacy
1992,Rice milk,,Piimatooted,47,0.3,10.5,0.5,0.2,0,,,
1963,Ricotta,,Piimatooted,174,11,3,13,0,0,,,
1952,Semi-skimmed milk,,Piimatooted,46,3.3,4.9,1.5,0,0,,,
1951,Skimmed milk,,Piimatooted,34,3.4,5,0.1,0,0,,,
1979,Sorbet,,Piimatooted,130,0.5,33,0.1,0.5,0,,,
1955,Sour cream (10%),,Piimatooted,116,3,4.2,10,0,0,,,
1954,Sour cream (20%),,Piimatooted,204,2.8,4,20,0,0,,,
16951,"Sour cream, fat free",,Piimatooted,74,3.1,15.6,0,0,0.4,0,0.353,usda_sr_legacy
14596,"Sour cream, imitation, cultured",,Piimatooted,208,2.4,6.6,19.5,0,6.6,17.79,0.255,usda_sr_legacy
16950,"Sour cream, light",,Piimatooted,136,3.5,7.1,10.6,0,0.2,6.6,0.208,usda_sr_legacy
16949,"Sour cream, reduced fat",,Piimatooted,181,7,7,14.1,0,0.3,8.7,0.175,usda_sr_legacy
14923,"Sour dressing, non-butterfat, cultured, filled cream-type",,Piimatooted,178,3.3,4.7,16.6,0,4.7,13.27,0.12,usda_sr_legacy
1976,Tilsit cheese,,Piimatooted,340,25,1.5,26.5,0,0,,,
1977,Vanilla ice cream,,Piimatooted,207,3.5,24,11,0,0,,,
14945,"Whey, acid, dried",,Piimatooted,339,11.7,73.5,0.5,0,73.5,0.34,2.42,usda_sr_legacy
14612,"Whey, acid, fluid",,Piimatooted,24,0.8,5.1,0.1,0,5.1,0.06,0.12,usda_sr_legacy
14947,"Whey, sweet, dried",,Piimatooted,353,12.9,74.5,1.1,0,74.5,0.68,2.698,usda_sr_legacy
14946,"Whey, sweet, fluid",,Piimatooted,27,0.9,5.1,0.4,0,5.1,0.23,0.135,usda_sr_legacy
13626,"Whipped cream substitute, dietetic, made from powdered mix",,Piimatooted,100,0.9,10.6,6,0,10.6,3.19,0.265,usda_sr_legacy
11577,"Whipped topping, frozen, low fat",,Piimatooted,224,3,23.6,13.1,0,23.6,11.27,0.18,usda_sr_legacy
1950,Whole milk,,Piimatooted,61,3.2,4.8,3.3,0,0,,,
1957,Yogurt (0%),,Piimatooted,45,4,6.5,0.1,0,0,,,
1956,Yogurt (2%),,Piimatooted,63,3.8,7,1.5,0,0,,,
15806,"Yogurt, chocolate, nonfat milk",,Piimatooted,112,3.5,23.5,0,1.2,15,0,0.338,usda_sr_legacy
15819,"Yogurt, chocolate, nonfat milk, fortified with vitamin D",,Piimatooted,112,3.5,23.5,0,1.2,15,0,0.338,usda_sr_legacy
16971,"Yogurt, frozen, flavors not chocolate, nonfat milk, with low-calorie sweetener",,Piimatooted,104,4.4,19.7,0.8,2,12.6,0.49,0.203,usda_sr_legacy
14635,"Yogurt, frozen, flavors other than chocolate, lowfat",,Piimatooted,139,8,21,2.5,0,21,1.51,0.113,usda_sr_legacy
14949,"Yogurt, fruit, low fat, 10 grams protein per 8 ounce",,Piimatooted,102,4.4,19.1,1.1,0,19.1,0.7,0.145,usda_sr_legacy
16964,"Yogurt, fruit, low fat, 10 grams protein per 8 ounce, fortified with vitamin D",,Piimatooted,102,4.4,19.1,1.1,0,19.1,0.7,0.145,usda_sr_legacy
14950,"Yogurt, fruit, low fat, 11g protein/8 oz",,Piimatooted,105,4.9,18.6,1.4,0,,0.91,0.163,usda_sr_legacy
14616,"Yogurt, fruit, low fat, 9 g protein/8 oz",,Piimatooted,99,4,18.6,1.2,0,18.6,0.74,0.133,usda_sr_legacy
16963,"Yogurt, fruit, low fat, 9 grams protein per 8 ounce, fortified with vitamin D",,Piimatooted,99,4,18.6,1.2,0,18.6,0.74,0.133,usda_sr_legacy
16958,"Yogurt, fruit, lowfat, with low calorie sweetener",,Piimatooted,105,4.9,18.6,1.4,0,2.9,0.91,0.145,usda_sr_legacy
15816,"Yogurt, fruit, lowfat, with low calorie sweetener, fortified with vitamin D",,Piimatooted,105,4.9,18.6,1.4,0,2.9,0.91,0.145,usda_sr_legacy
13625,"Yogurt, fruit variety, nonfat",,Piimatooted,95,4.4,19,0.2,0,19,0.12,0.145,usda_sr_legacy
16965,"Yogurt, fruit variety, nonfat, fortified with vitamin D",,Piimatooted,95,4.4,19,0.2,0,19,0.12,0.145,usda_sr_legacy
14591,"Yogurt, Greek, 2% fat, apricot, CHOBANI",,Piimatooted,93,7.2,12.2,1.7,0.6,,1.03,0.1,usda_sr_legacy
14924,"Yogurt, Greek, 2%fat, coconut blend, CHOBANI",,Piimatooted,92,8.1,11,1.7,0.5,,,0.083,usda_sr_legacy
16941,"Yogurt, Greek, 2% fat, key lime blend, CHOBANI",,Piimatooted,92,7.8,11.9,1.5,0.5,,0.87,0.1,usda_sr_legacy
15797,"Yogurt, Greek, 2% fat, mango, CHOBANI",,Piimatooted,93,7.6,11.8,1.7,0.5,,1.02,0.075,usda_sr_legacy
14618,"Yogurt, Greek, 2% fat, mixed berry blend, CHOBANI",,Piimatooted,93,8.3,10.9,1.8,0.6,,1.1,0.103,usda_sr_legacy
14636,"Yogurt, Greek, 2% fat, pineapple, CHOBANI",,Piimatooted,94,7.1,12.3,1.8,0.7,,1.12,0.083,usda_sr_legacy
14639,"Yogurt, Greek, 2% fat, strawberry banana, CHOBANI",,Piimatooted,88,8,10.2,1.7,0.7,,1.03,0.08,usda_sr_legacy
14641,"Yogurt, Greek, Blueberry, CHOBANI",,Piimatooted,82,7.2,12.8,0.2,0.5,10.3,0.04,0.08,usda_sr_legacy
14632,"Yogurt, Greek, fruit, whole milk",,Piimatooted,106,7.3,12.3,3,0,12,1.6,0.093,usda_sr_legacy
14643,"Yogurt, Greek, nonfat, Fruit on Bottom, Blackberry",,Piimatooted,95,7.5,15.4,0.4,0.4,14.9,0.19,0,usda_sr_legacy
14640,"Yogurt, Greek, nonfat, Fruit on Bottom, Pomegranate",,Piimatooted,80,7.5,12.1,0.2,0.8,,0.1,0.078,usda_sr_legacy
14642,"Yogurt, Greek, nonfat, Fruit on Bottom, Strawberry",,Piimatooted,79,7.3,11.9,0.2,0.4,10.4,0.15,0.078,usda_sr_legacy
14974,"Yogurt, Greek, nonfat, lemon blend, CHOBANI",,Piimatooted,78,8.6,10.7,0.2,0.5,,0.09,0.11,usda_sr_legacy
14975,"Yogurt, Greek, nonfat, peach, CHOBANI",,Piimatooted,80,7.8,11.9,0.1,0.7,,0.06,0.08,usda_sr_legacy
14976,"Yogurt, Greek, nonfat, plain, CHOBANI",,Piimatooted,54,9.5,3.4,0.2,0.2,,0.15,0.093,usda_sr_legacy
14977,"Yogurt, Greek, nonfat, raspberry, CHOBANI",,Piimatooted,81,7.7,12,0.2,0.5,,0.13,0.075,usda_sr_legacy
14963,"Yogurt, Greek, nonfat, strawberry, DANNON OIKOS",,Piimatooted,84,8,12.5,0.2,0.4,11.6,0.11,0.083,usda_sr_legacy
14960,"Yogurt, Greek, nonfat, vanilla, CHOBANI",,Piimatooted,71,9.1,8.1,0.2,0.3,7.6,0.18,0.09,usda_sr_legacy
14962,"Yogurt, Greek, nonfat, vanilla, DANNON OIKOS",,Piimatooted,85,8.1,12.7,0.1,0.5,11.4,0.09,0.08,usda_sr_legacy
14630,"Yogurt, Greek, plain, lowfat",,Piimatooted,73,10,3.9,1.9,0,3.6,1.23,0.085,usda_sr_legacy
14621,"Yogurt, Greek, plain, nonfat",,Piimatooted,59,10.2,3.6,0.4,0,3.2,0.12,0.09,usda_sr_legacy
14968,"Yogurt, Greek, plain, whole milk",,Piimatooted,97,9,4,5,0,4,2.4,0.088,usda_sr_legacy
14961,"Yogurt, Greek, strawberry, DANNON OIKOS",,Piimatooted,106,8.3,11.7,2.9,1,11,1.83,0.085,usda_sr_legacy
14964,"Yogurt, Greek, strawberry, lowfat",,Piimatooted,105,8.2,12.3,2.6,1,11.2,1.6,0.083,usda_sr_legacy
14628,"Yogurt, Greek, strawberry, nonfat",,Piimatooted,82,8.1,12.1,0.2,0.6,11.3,0.11,0.083,usda_sr_legacy
14634,"Yogurt, Greek, vanilla, lowfat",,Piimatooted,95,8.6,9.5,2.5,0,9.5,1.47,0.1,usda_sr_legacy
14629,"Yogurt, Greek, vanilla, nonfat",,Piimatooted,78,8.6,10.4,0.2,0.5,9.5,0.13,0.085,usda_sr_legacy
14973,"Yogurt, Greek, whole, plain, CHOBANI",,Piimatooted,82,8.2,3.2,4,0.8,,2.46,0.088,usda_sr_legacy
14613,"Yogurt, plain, low fat",,Piimatooted,63,5.3,7,1.6,0,7,1,0.175,usda_sr_legacy
14614,"Yogurt, plain, skim milk",,Piimatooted,56,5.7,7.7,0.2,0,7.7,0.12,0.193,usda_sr_legacy
14948,"Yogurt, plain, whole milk",,Piimatooted,61,3.5,4.7,3.3,0,4.7,2.1,0.115,usda_sr_legacy
16970,"Yogurt, vanilla flavor, lowfat milk, sweetened with low calorie sweetener",,Piimatooted,86,4.9,13.8,1.3,0,5.4,0.75,0.165,usda_sr_legacy
14615,"Yogurt, vanilla, low fat.",,Piimatooted,85,4.9,13.8,1.3,0,13.8,0.81,0.165,usda_sr_legacy
15817,"Yogurt, vanilla, low fat, fortified with vitamin D",,Piimatooted,85,4.9,13.8,1.3,0,13.8,0.81,0.165,usda_sr_legacy
14633,"Yogurt, vanilla, non-fat",,Piimatooted,78,2.9,17,0,0,5.9,0,0.118,usda_sr_legacy
16952,"Yogurt, vanilla or lemon flavor, nonfat milk, sweetened with low-calorie sweetener",,Piimatooted,43,3.9,7.5,0.2,0,7.5,0.12,0.148,usda_sr_legacy
15818,"Yogurt, vanilla or lemon flavor, nonfat milk, sweetened with low-calorie sweetener, fortified with vitamin D",,Piimatooted,43,3.9,7.5,0.2,0,7.5,0.12,0.148,usda_sr_legacy
11663,"Abiyuch, raw",,Puuviljad ja marjad,69,1.5,17.6,0.1,5.3,8.6,0.01,0.05,usda_sr_legacy
15285,"Acerola juice, raw",,Puuviljad ja marjad,23,0.4,4.8,0.3,0.3,4.5,0.07,0.008,usda_sr_legacy
15284,"Acerola, (west indian cherry), raw",,Puuviljad ja marjad,32,0.4,7.7,0.3,1.1,,0.07,0.018,usda_sr_legacy
328,Apple (Fuji),,Puuviljad ja marjad,54,0.3,14.5,0.1,2.2,0,,,
329,Apple (Gala),,Puuviljad ja marjad,51,0.3,13.7,0.2,2.3,0,,,
327,Apple (green / Granny Smith),,Puuviljad ja marjad,58,0.4,15.2,0.2,2.8,0,,,
11652,"Apple juice, canned or bottled, unsweetened, with added ascorbic acid",,Puuviljad ja marjad,46,0.1,11.3,0.1,0.2,9.6,0.02,0.01,usda_sr_legacy
11681,"Apple juice, canned or bottled, unsweetened, with added ascorbic acid, calcium",,Puuviljad ja marjad,48,0.1,11.5,0.2,0.3,9.5,0.03,0.013,usda_sr_legacy
17355,"Apple juice, canned or bottled, unsweetened, without added ascorbic acid",,Puuviljad ja marjad,46,0.1,11.3,0.1,0.2,9.6,0.02,0.01,usda_sr_legacy
11656,"Apple juice, frozen concentrate, unsweetened, diluted with 3 volume water, with added ascorbic acid",,Puuviljad ja marjad,47,0.1,11.5,0.1,0.1,,0.02,0.018,usda_sr_legacy
17357,"Apple juice, frozen concentrate, unsweetened, diluted with 3 volume water without added ascorbic acid",,Puuviljad ja marjad,47,0.1,11.5,0.1,0.1,10.9,0.02,0.018,usda_sr_legacy
12016,"Apple juice, frozen concentrate, unsweetened, undiluted, with added ascorbic acid",,Puuviljad ja marjad,166,0.5,41,0.4,0,38.8,0.06,0.063,usda_sr_legacy
17356,"Apple juice, frozen concentrate, unsweetened, undiluted, without added ascorbic acid",,Puuviljad ja marjad,166,0.5,41,0.4,0.4,38.8,0.06,0.063,usda_sr_legacy
326,Apple (red),,Puuviljad ja marjad,52,0.3,14,0.2,2.4,0,,,
15294,"Applesauce, canned, sweetened, without salt",,Puuviljad ja marjad,68,0.2,17.5,0.2,1.2,14.7,0.03,0.005,usda_sr_legacy
11654,"Applesauce, canned, sweetened, with salt",,Puuviljad ja marjad,76,0.2,19.9,0.2,1.2,,0.03,0.07,usda_sr_legacy
11653,"Applesauce, canned, unsweetened, with added ascorbic acid",,Puuviljad ja marjad,42,0.2,11.3,0.1,1.1,9.4,0.01,0.005,usda_sr_legacy
15293,"Applesauce, canned, unsweetened, without added ascorbic acid",,Puuviljad ja marjad,42,0.2,11.3,0.1,1.1,9.4,0.01,0.005,usda_sr_legacy
17352,"Apples, canned, sweetened, sliced, drained",,Puuviljad ja marjad,67,0.2,16.8,0.4,2,14.8,0.07,0.008,usda_sr_legacy
15288,"Apples, dehydrated (low moisture), sulfured, stewed",,Puuviljad ja marjad,74,0.3,19.9,0.1,2.6,,0.02,0.065,usda_sr_legacy
17353,"Apples, dehydrated (low moisture), sulfured, uncooked",,Puuviljad ja marjad,346,1.3,93.5,0.6,12.4,81.1,0.1,0.31,usda_sr_legacy
15291,"Apples, dried, sulfured, stewed, with added sugar",,Puuviljad ja marjad,83,0.2,20.7,0.1,1.9,,0.01,0.048,usda_sr_legacy
15290,"Apples, dried, sulfured, stewed, without added sugar",,Puuviljad ja marjad,57,0.2,15.3,0.1,2,13.3,0.01,0.05,usda_sr_legacy
15289,"Apples, dried, sulfured, uncooked",,Puuviljad ja marjad,243,0.9,65.9,0.3,8.7,57.2,0.05,0.218,usda_sr_legacy
17354,"Apples, frozen, unsweetened, heated",,Puuviljad ja marjad,47,0.3,12,0.3,1.3,,0.05,0.008,usda_sr_legacy
15292,"Apples, frozen, unsweetened, unheated",,Puuviljad ja marjad,48,0.3,12.3,0.3,1.3,10.1,0.05,0.008,usda_sr_legacy
11674,"Apples, raw, fuji, with skin",,Puuviljad ja marjad,63,0.2,15.2,0.2,2.1,11.7,,0.003,usda_sr_legacy
12032,"Apples, raw, gala, with skin",,Puuviljad ja marjad,57,0.3,13.7,0.1,2.3,10.4,,0.003,usda_sr_legacy
12030,"Apples, raw, golden delicious, with skin",,Puuviljad ja marjad,57,0.3,13.6,0.2,2.4,10,,0.005,usda_sr_legacy
12031,"Apples, raw, granny smith, with skin",,Puuviljad ja marjad,58,0.4,13.6,0.2,2.8,9.6,,0.003,usda_sr_legacy
12029,"Apples, raw, red delicious, with skin",,Puuviljad ja marjad,59,0.3,14.1,0.2,2.3,10.5,,0.003,usda_sr_legacy
15287,"Apples, raw, without skin",,Puuviljad ja marjad,48,0.3,12.8,0.1,1.3,10.1,0.02,0,usda_sr_legacy
17350,"Apples, raw, without skin, cooked, boiled",,Puuviljad ja marjad,53,0.3,13.6,0.4,2.4,11,0.06,0.003,usda_sr_legacy
17351,"Apples, raw, without skin, cooked, microwave",,Puuviljad ja marjad,56,0.3,14.4,0.4,2.8,11.6,0.07,0.003,usda_sr_legacy
15286,"Apples, raw, with skin",,Puuviljad ja marjad,52,0.3,13.8,0.2,2.4,10.4,0.03,0.003,usda_sr_legacy
344,Apricot,,Puuviljad ja marjad,48,1.4,11.1,0.4,2,0,,,
15302,"Apricot nectar, canned, with added ascorbic acid",,Puuviljad ja marjad,56,0.2,13.6,0.5,0.1,12.8,0.03,0.02,usda_sr_legacy
15299,"Apricots, canned, extra heavy syrup pack, without skin, solids and liquids",,Puuviljad ja marjad,96,0.6,24.9,0,1.6,,0,0.033,usda_sr_legacy
17360,"Apricots, canned, extra light syrup pack, with skin, solids and liquids",,Puuviljad ja marjad,49,0.6,12.5,0.1,1.6,,0.01,0.005,usda_sr_legacy
11649,"Apricots, canned, heavy syrup, drained",,Puuviljad ja marjad,83,0.6,21.3,0.1,2.7,18.7,0.01,0.01,usda_sr_legacy
15298,"Apricots, canned, heavy syrup pack, without skin, solids and liquids",,Puuviljad ja marjad,83,0.5,21.5,0.1,1.6,,0.01,0.028,usda_sr_legacy
15297,"Apricots, canned, heavy syrup pack, with skin, solids and liquids",,Puuviljad ja marjad,83,0.5,21.5,0.1,1.6,19.9,0.01,0.01,usda_sr_legacy
17359,"Apricots, canned, juice pack, with skin, solids and liquids",,Puuviljad ja marjad,48,0.6,12.3,0,1.6,10.7,0,0.01,usda_sr_legacy
17361,"Apricots, canned, light syrup pack, with skin, solids and liquids",,Puuviljad ja marjad,63,0.5,16.5,0.1,1.6,14.9,0,0.01,usda_sr_legacy
17358,"Apricots, canned, water pack, without skin, solids and liquids",,Puuviljad ja marjad,22,0.7,5.5,0,1.1,,0,0.028,usda_sr_legacy
15296,"Apricots, canned, water pack, with skin, solids and liquids",,Puuviljad ja marjad,27,0.7,6.4,0.2,1.6,4.8,0.01,0.008,usda_sr_legacy
17362,"Apricots, dehydrated (low-moisture), sulfured, stewed",,Puuviljad ja marjad,126,1.9,32.6,0.2,0,,0.02,0.013,usda_sr_legacy
15300,"Apricots, dehydrated (low-moisture), sulfured, uncooked",,Puuviljad ja marjad,320,4.9,82.9,0.6,0,,0.04,0.033,usda_sr_legacy
17365,"Apricots, dried, sulfured, stewed, with added sugar",,Puuviljad ja marjad,113,1.2,29.3,0.2,4.1,,0.01,0.008,usda_sr_legacy
17364,"Apricots, dried, sulfured, stewed, without added sugar",,Puuviljad ja marjad,85,1.2,22.2,0.2,2.6,19.6,0.01,0.01,usda_sr_legacy
17363,"Apricots, dried, sulfured, uncooked",,Puuviljad ja marjad,241,3.4,62.6,0.5,7.3,53.4,0.02,0.025,usda_sr_legacy
15301,"Apricots, frozen, sweetened",,Puuviljad ja marjad,98,0.7,25.1,0.1,2.2,,0.01,0.01,usda_sr_legacy
15295,"Apricots, raw",,Puuviljad ja marjad,48,1.4,11.1,0.4,2,9.2,0.03,0.003,usda_sr_legacy
15303,"Avocados, raw",,Puuviljad ja marjad,160,2,8.5,14.7,6.7,0.7,2.13,0.018,usda_sr_legacy
15304,"Avocados, raw, California",,Puuviljad ja marjad,167,2,8.6,15.4,6.8,0.3,2.13,0.02,usda_sr_legacy
15305,"Avocados, raw, Florida",,Puuviljad ja marjad,120,2.2,7.8,10.1,5.6,2.4,1.96,0.005,usda_sr_legacy
330,Banana,,Puuviljad ja marjad,89,1.1,23,0.3,2.6,0,,,
17367,"Bananas, dehydrated, or banana powder",,Puuviljad ja marjad,346,3.9,88.3,1.8,9.9,47.3,0.7,0.008,usda_sr_legacy
17366,"Bananas, raw",,Puuviljad ja marjad,89,1.1,22.8,0.3,2.6,12.2,0.11,0.003,usda_sr_legacy
11687,Baobab powder,,Puuviljad ja marjad,250,3.7,79.7,0.5,44.5,,0.24,0.025,usda_sr_legacy
15307,"Blackberries, canned, heavy syrup, solids and liquids",,Puuviljad ja marjad,92,1.3,23.1,0.1,3.4,19.7,0.01,0.008,usda_sr_legacy
15308,"Blackberries, frozen, unsweetened",,Puuviljad ja marjad,64,1.2,15.7,0.4,5,10.7,0.02,0.003,usda_sr_legacy
17368,"Blackberries, raw",,Puuviljad ja marjad,43,1.4,9.6,0.5,5.3,4.9,0.01,0.003,usda_sr_legacy
17369,"Blackberry juice, canned",,Puuviljad ja marjad,38,0.3,7.8,0.6,0.1,7.7,0.02,0.003,usda_sr_legacy
336,Blood orange,,Puuviljad ja marjad,50,1,12.5,0.2,2.2,0,,,
17370,"Blueberries, canned, heavy syrup, solids and liquids",,Puuviljad ja marjad,88,0.7,22.1,0.3,1.6,20.5,0.03,0.008,usda_sr_legacy
12007,"Blueberries, canned, light syrup, drained",,Puuviljad ja marjad,88,1,22.7,0.4,2.6,17.5,0.03,0.008,usda_sr_legacy
11986,"Blueberries, dried, sweetened",,Puuviljad ja marjad,317,2.5,80,2.5,7.5,67.5,0.2,0.008,usda_sr_legacy
17373,"Blueberries, frozen, sweetened",,Puuviljad ja marjad,85,0.4,22,0.1,2.2,19.7,0.01,0.003,usda_sr_legacy
17372,"Blueberries, frozen, unsweetened",,Puuviljad ja marjad,51,0.4,12.2,0.6,2.7,8.5,0.05,0.003,usda_sr_legacy
15309,"Blueberries, raw",,Puuviljad ja marjad,57,0.7,14.5,0.3,2.4,10,0.03,0.003,usda_sr_legacy
12008,"Blueberries, wild, canned, heavy syrup, drained",,Puuviljad ja marjad,107,0.6,28.3,0.3,4.9,19.3,,0.003,usda_sr_legacy
17371,"Blueberries, wild, frozen",,Puuviljad ja marjad,57,0,13.9,0.2,4.4,,0.03,0.008,usda_sr_legacy
15310,"Boysenberries, canned, heavy syrup",,Puuviljad ja marjad,88,1,22.3,0.1,2.6,,0,0.008,usda_sr_legacy
15311,"Boysenberries, frozen, unsweetened",,Puuviljad ja marjad,50,1.1,12.2,0.3,5.3,6.9,0.01,0.003,usda_sr_legacy
15312,"Breadfruit, raw",,Puuviljad ja marjad,103,1.1,27.1,0.2,4.9,11,0.05,0.005,usda_sr_legacy
11662,Candied fruit,,Puuviljad ja marjad,322,0.3,82.7,0.1,1.6,80.7,0.01,0.245,usda_sr_legacy
15313,"Carambola, (starfruit), raw",,Puuviljad ja marjad,31,1,6.7,0.3,2.8,4,0.02,0.005,usda_sr_legacy
17374,"Carissa, (natal-plum), raw",,Puuviljad ja marjad,62,0.5,13.6,1.3,0,,,0.008,usda_sr_legacy
17375,"Cherimoya, raw",,Puuviljad ja marjad,75,1.6,17.7,0.7,3,12.9,0.23,0.018,usda_sr_legacy
11650,"Cherries, sour, canned, water pack, drained",,Puuviljad ja marjad,42,0.7,10.5,0.2,1.2,7,,0.01,usda_sr_legacy
15315,"Cherries, sour, red, canned, extra heavy syrup pack",,Puuviljad ja marjad,114,0.7,29.2,0.1,0.8,,0.02,0.018,usda_sr_legacy
15314,"Cherries, sour, red, canned, heavy syrup pack",,Puuviljad ja marjad,91,0.7,23.3,0.1,1.1,22.2,0.02,0.018,usda_sr_legacy
17378,"Cherries, sour, red, canned, light syrup pack",,Puuviljad ja marjad,75,0.7,19.3,0.1,0.8,,0.02,0.018,usda_sr_legacy
17377,"Cherries, sour, red, canned, water pack",,Puuviljad ja marjad,36,0.8,8.9,0.1,1.1,7.6,0.02,0.018,usda_sr_legacy
15316,"Cherries, sour, red, frozen, unsweetened",,Puuviljad ja marjad,46,0.9,11,0.4,1.6,9,0.1,0.003,usda_sr_legacy
17376,"Cherries, sour, red, raw",,Puuviljad ja marjad,50,1,12.2,0.3,1.6,8.5,0.07,0.008,usda_sr_legacy
15318,"Cherries, sweet, canned, extra heavy syrup pack, solids and liquids",,Puuviljad ja marjad,102,0.6,26.2,0.2,1.5,,0.03,0.008,usda_sr_legacy
17380,"Cherries, sweet, canned, juice pack, solids and liquids",,Puuviljad ja marjad,54,0.9,13.8,0,1.5,12.3,0,0.008,usda_sr_legacy
17381,"Cherries, sweet, canned, light syrup pack, solids and liquids",,Puuviljad ja marjad,67,0.6,17.3,0.2,1.5,15.8,0.03,0.008,usda_sr_legacy
11651,"Cherries, sweet, canned, pitted, heavy syrup",,Puuviljad ja marjad,83,0.7,21.1,0.2,2.3,16.2,0.04,0.008,usda_sr_legacy
17382,"Cherries, sweet, canned, pitted, heavy syrup pack",,Puuviljad ja marjad,83,0.6,21.3,0.2,1.4,16.2,0.03,0.008,usda_sr_legacy
17379,"Cherries, sweet, canned, water pack, solids and liquids",,Puuviljad ja marjad,46,0.8,11.8,0.1,1.5,10.3,0.03,0.003,usda_sr_legacy
15317,"Cherries, sweet, raw",,Puuviljad ja marjad,63,1.1,16,0.2,2.1,12.8,0.04,0,usda_sr_legacy
15306,"Cherries, tart, dried, sweetened",,Puuviljad ja marjad,333,1.3,80.5,0.7,2.5,67.2,0.15,0.033,usda_sr_legacy
11688,"Cherry juice, tart",,Puuviljad ja marjad,59,0.3,13.7,0.5,0,12.2,,0.01,usda_sr_legacy
346,Cherry (sour),,Puuviljad ja marjad,50,1,12.8,0.3,1.6,0,,,
345,Cherry (sweet),,Puuviljad ja marjad,63,1.1,16,0.2,2.1,0,,,
12023,"Clementines, raw",,Puuviljad ja marjad,47,0.9,12,0.2,1.7,9.2,,0.003,usda_sr_legacy
15319,"Crabapples, raw",,Puuviljad ja marjad,76,0.4,20,0.3,0,,0.05,0.003,usda_sr_legacy
15321,"Cranberries, dried, sweetened",,Puuviljad ja marjad,308,0.2,82.8,1.1,5.3,72.6,0.09,0.013,usda_sr_legacy
15320,"Cranberries, raw",,Puuviljad ja marjad,46,0.5,12,0.1,3.6,4.3,0.01,0.005,usda_sr_legacy
12040,"Cranberry juice blend, 100% juice, bottled, with added vitamin C and calcium",,Puuviljad ja marjad,45,0.3,10.9,0.1,0.1,9.8,0,0.015,usda_sr_legacy
11951,"Cranberry juice, unsweetened",,Puuviljad ja marjad,46,0.4,12.2,0.1,0.1,12.1,0.01,0.005,usda_sr_legacy
17384,"Cranberry-orange relish, canned",,Puuviljad ja marjad,178,0.3,46.2,0.1,0,,0.01,0.08,usda_sr_legacy
17383,"Cranberry sauce, canned, sweetened",,Puuviljad ja marjad,159,0.9,40.4,0.2,1.1,31.8,0.01,0.013,usda_sr_legacy
11685,"Cranberry sauce, jellied, canned, OCEAN SPRAY",,Puuviljad ja marjad,160,1.1,40.6,0,1,32.2,0.01,0.013,usda_sr_legacy
11684,"Cranberry sauce, whole, canned, OCEAN SPRAY",,Puuviljad ja marjad,158,0.8,40.4,0.1,1.2,31.3,0.01,0.013,usda_sr_legacy
17385,"Currants, european black, raw",,Puuviljad ja marjad,63,1.4,15.4,0.4,0,,0.03,0.005,usda_sr_legacy
17386,"Currants, red and white, raw",,Puuviljad ja marjad,56,1.4,13.8,0.2,4.3,7.4,0.02,0.003,usda_sr_legacy
15322,"Currants, zante, dried",,Puuviljad ja marjad,290,3.4,77,0.2,4.4,62.3,0.09,0.108,usda_sr_legacy
15323,"Custard-apple, (bullock's-heart), raw",,Puuviljad ja marjad,101,1.7,25.2,0.6,2.4,,0.23,0.01,usda_sr_legacy
15324,"Dates, deglet noor",,Puuviljad ja marjad,282,2.5,75,0.4,8,63.4,0.03,0.005,usda_sr_legacy
12019,"Dates, medjool",,Puuviljad ja marjad,277,1.8,75,0.2,6.7,66.5,,0.003,usda_sr_legacy
12020,"Durian, raw or frozen",,Puuviljad ja marjad,147,1.5,27.1,5.3,3.8,,,0.005,usda_sr_legacy
15325,"Elderberries, raw",,Puuviljad ja marjad,73,0.7,18.4,0.5,7,,0.02,0.015,usda_sr_legacy
12004,"Feijoa, raw",,Puuviljad ja marjad,61,0.7,15.2,0.4,6.4,8.2,0.1,0.008,usda_sr_legacy
16540,"Figs, canned, extra heavy syrup pack, solids and liquids",,Puuviljad ja marjad,107,0.4,27.9,0.1,0,,0.02,0.003,usda_sr_legacy
16539,"Figs, canned, heavy syrup pack, solids and liquids",,Puuviljad ja marjad,88,0.4,22.9,0.1,2.2,20.7,0.02,0.003,usda_sr_legacy
16538,"Figs, canned, light syrup pack, solids and liquids",,Puuviljad ja marjad,69,0.4,18,0.1,1.8,16.2,0.02,0.003,usda_sr_legacy
16537,"Figs, canned, water pack, solids and liquids",,Puuviljad ja marjad,53,0.4,14,0.1,2.2,11.8,0.02,0.003,usda_sr_legacy
18088,"Figs, dried, stewed",,Puuviljad ja marjad,107,1.4,27.6,0.4,4.2,23.4,0.06,0.01,usda_sr_legacy
18087,"Figs, dried, uncooked",,Puuviljad ja marjad,249,3.3,63.9,0.9,9.8,47.9,0.14,0.025,usda_sr_legacy
16536,"Figs, raw",,Puuviljad ja marjad,74,0.8,19.2,0.3,2.9,16.3,0.06,0.003,usda_sr_legacy
12006,"Fruit cocktail, canned, heavy syrup, drained",,Puuviljad ja marjad,70,0.5,18.8,0.1,1.7,17.1,0.01,0.015,usda_sr_legacy
16544,"Fruit cocktail, (peach and pineapple and pear and grape and cherry), canned, extra heavy syrup, solids and liquids",,Puuviljad ja marjad,88,0.4,22.9,0.1,1.1,,0.01,0.015,usda_sr_legacy
16541,"Fruit cocktail, (peach and pineapple and pear and grape and cherry), canned, extra light syrup, solids and liquids",,Puuviljad ja marjad,45,0.4,11.6,0.1,1.1,,0.01,0.01,usda_sr_legacy
16543,"Fruit cocktail, (peach and pineapple and pear and grape and cherry), canned, heavy syrup, solids and liquids",,Puuviljad ja marjad,73,0.4,18.9,0.1,1,17.9,0.01,0.015,usda_sr_legacy
18090,"Fruit cocktail, (peach and pineapple and pear and grape and cherry), canned, juice pack, solids and liquids",,Puuviljad ja marjad,46,0.5,11.9,0,1,10.9,0,0.01,usda_sr_legacy
16542,"Fruit cocktail, (peach and pineapple and pear and grape and cherry), canned, light syrup, solids and liquids",,Puuviljad ja marjad,57,0.4,14.9,0.1,1,13.9,0.01,0.015,usda_sr_legacy
18089,"Fruit cocktail, (peach and pineapple and pear and grape and cherry), canned, water pack, solids and liquids",,Puuviljad ja marjad,32,0.4,8.5,0.1,1,7.5,0.01,0.01,usda_sr_legacy
11678,"Fruit juice smoothie, BOLTHOUSE FARMS, BERRY BOOST",,Puuviljad ja marjad,46,0.6,10.9,0,0,9.3,0,0.01,usda_sr_legacy
11679,"Fruit juice smoothie, BOLTHOUSE FARMS, GREEN GOODNESS",,Puuviljad ja marjad,56,0.6,13,0.3,0.6,11.5,0.07,0.028,usda_sr_legacy
11680,"Fruit juice smoothie, BOLTHOUSE FARMS, strawberry banana",,Puuviljad ja marjad,52,0.4,12.4,0.3,0.6,10.3,0.06,0.013,usda_sr_legacy
12034,"Fruit juice smoothie, NAKED JUICE, BLUE MACHINE",,Puuviljad ja marjad,71,0.4,16.7,0,2.9,12.1,0,0.01,usda_sr_legacy
11677,"Fruit juice smoothie, NAKED JUICE, GREEN MACHINE",,Puuviljad ja marjad,53,0.6,12.5,0.3,0.7,11.2,0.05,0.015,usda_sr_legacy
11676,"Fruit juice smoothie, NAKED JUICE, MIGHTY MANGO",,Puuviljad ja marjad,63,0.4,15,0,0,12.5,0,0.01,usda_sr_legacy
12042,"Fruit juice smoothie, NAKED JUICE, strawberry banana",,Puuviljad ja marjad,50,0.5,11.7,0.3,0.6,10.1,0.06,0.005,usda_sr_legacy
12036,"Fruit juice smoothie, ODWALLA, ORIGINAL SUPERFOOD",,Puuviljad ja marjad,50,0.6,11.5,0.4,0.6,10.2,0.11,0.008,usda_sr_legacy
12041,"Fruit juice smoothie, ODWALLA, strawberry banana",,Puuviljad ja marjad,48,0.5,11.1,0.3,0.6,9.9,0.06,0.005,usda_sr_legacy
18094,"Fruit salad, (peach and pear and apricot and pineapple and cherry), canned, extra heavy syrup, solids and liquids",,Puuviljad ja marjad,88,0.3,22.8,0.1,1,,0.01,0.013,usda_sr_legacy
18092,"Fruit salad, (peach and pear and apricot and pineapple and cherry), canned, juice pack, solids and liquids",,Puuviljad ja marjad,50,0.5,13.1,0,1,,0,0.013,usda_sr_legacy
18093,"Fruit salad, (peach and pear and apricot and pineapple and cherry), canned, light syrup, solids and liquids",,Puuviljad ja marjad,58,0.3,15.1,0.1,1,,0.01,0.015,usda_sr_legacy
18091,"Fruit salad, (peach and pear and apricot and pineapple and cherry), canned, water pack, solids and liquids",,Puuviljad ja marjad,30,0.4,7.9,0.1,1,,0.01,0.008,usda_sr_legacy
11645,"Fruit salad, (pineapple and papaya and banana and guava), tropical, canned, heavy syrup",,Puuviljad ja marjad,86,0.4,22.4,0.1,1.3,,0.02,0.005,usda_sr_legacy
16547,"Goji berries, dried",,Puuviljad ja marjad,349,14.3,77.1,0.4,13,45.6,0,0.745,usda_sr_legacy
16546,"Gooseberries, canned, light syrup pack, solids and liquids",,Puuviljad ja marjad,73,0.7,18.8,0.2,2.4,,0.01,0.005,usda_sr_legacy
16545,"Gooseberries, raw",,Puuviljad ja marjad,44,0.9,10.2,0.6,4.3,,0.04,0.003,usda_sr_legacy
333,Grapefruit,,Puuviljad ja marjad,42,0.8,11,0.1,1.6,0,,,
16553,"Grapefruit juice, pink or red, with added calcium",,Puuviljad ja marjad,39,0.5,7.7,0.7,0.3,8,0.17,0.005,usda_sr_legacy
11655,"Grapefruit juice, pink, raw",,Puuviljad ja marjad,39,0.5,9.2,0.1,0,,0.01,0.003,usda_sr_legacy
12017,"Grapefruit juice, white, bottled, unsweetened, OCEAN SPRAY",,Puuviljad ja marjad,37,0.5,7.5,0.6,0.6,7.7,,0.005,usda_sr_legacy
18100,"Grapefruit juice, white, canned or bottled, unsweetened",,Puuviljad ja marjad,37,0.6,7.5,0.7,0.6,7.7,0.08,0.005,usda_sr_legacy
18101,"Grapefruit juice, white, canned, sweetened",,Puuviljad ja marjad,46,0.6,11.1,0.1,0.1,11,0.01,0.005,usda_sr_legacy
18103,"Grapefruit juice, white, frozen concentrate, unsweetened, diluted with 3 volume water",,Puuviljad ja marjad,41,0.6,9.7,0.1,0.1,9.6,0.02,0.003,usda_sr_legacy
18102,"Grapefruit juice, white, frozen concentrate, unsweetened, undiluted",,Puuviljad ja marjad,146,2,34.6,0.5,0.4,34.2,0.06,0.008,usda_sr_legacy
16554,"Grapefruit juice, white, raw",,Puuviljad ja marjad,39,0.5,9.2,0.1,0.1,9.1,0.01,0.003,usda_sr_legacy
18095,"Grapefruit, raw, pink and red, all areas",,Puuviljad ja marjad,42,0.8,10.7,0.1,1.6,6.9,0.02,0,usda_sr_legacy
16548,"Grapefruit, raw, pink and red and white, all areas",,Puuviljad ja marjad,32,0.6,8.1,0.1,1.1,7,0.01,0,usda_sr_legacy
18096,"Grapefruit, raw, pink and red, California and Arizona",,Puuviljad ja marjad,37,0.5,9.7,0.1,0,,0.01,0.003,usda_sr_legacy
18097,"Grapefruit, raw, pink and red, Florida",,Puuviljad ja marjad,30,0.6,7.5,0.1,1.1,,0.01,0,usda_sr_legacy
18098,"Grapefruit, raw, white, all areas",,Puuviljad ja marjad,33,0.7,8.4,0.1,1.1,7.3,0.01,0,usda_sr_legacy
18099,"Grapefruit, raw, white, California",,Puuviljad ja marjad,37,0.9,9.1,0.1,0,,0.01,0,usda_sr_legacy
16549,"Grapefruit, raw, white, Florida",,Puuviljad ja marjad,32,0.6,8.2,0.1,0,,0.01,0,usda_sr_legacy
16551,"Grapefruit, sections, canned, juice pack, solids and liquids",,Puuviljad ja marjad,37,0.7,9.2,0.1,0.4,8.8,0.01,0.018,usda_sr_legacy
16552,"Grapefruit, sections, canned, light syrup pack, solids and liquids",,Puuviljad ja marjad,60,0.6,15.4,0.1,0.4,15,0.01,0.005,usda_sr_legacy
16550,"Grapefruit, sections, canned, water pack, solids and liquids",,Puuviljad ja marjad,36,0.6,9.2,0.1,0.4,8.8,0.01,0.005,usda_sr_legacy
349,Grape (green),,Puuviljad ja marjad,67,0.6,17.5,0.2,0.9,0,,,
16556,"Grape juice, canned or bottled, unsweetened, with added ascorbic acid",,Puuviljad ja marjad,60,0.4,14.8,0.1,0.2,14.2,0.03,0.013,usda_sr_legacy
12035,"Grape juice, canned or bottled, unsweetened, with added ascorbic acid and calcium",,Puuviljad ja marjad,62,0.4,14.8,0.1,0.2,14.2,0.03,0.013,usda_sr_legacy
16557,"Grape juice, canned or bottled, unsweetened, without added ascorbic acid",,Puuviljad ja marjad,60,0.4,14.8,0.1,0.2,14.2,0.03,0.013,usda_sr_legacy
348,Grape (red),,Puuviljad ja marjad,69,0.7,18.1,0.2,0.9,0,,,
18104,"Grapes, american type (slip skin), raw",,Puuviljad ja marjad,67,0.6,17.2,0.4,0.9,16.3,0.11,0.005,usda_sr_legacy
18107,"Grapes, canned, thompson seedless, heavy syrup pack, solids and liquids",,Puuviljad ja marjad,76,0.5,19.7,0.1,0.6,19.1,0.03,0.013,usda_sr_legacy
18106,"Grapes, canned, thompson seedless, water pack, solids and liquids",,Puuviljad ja marjad,40,0.5,10.3,0.1,0.6,9.7,0.04,0.015,usda_sr_legacy
16555,"Grapes, muscadine, raw",,Puuviljad ja marjad,57,0.8,13.9,0.5,3.9,,,0.003,usda_sr_legacy
18105,"Grapes, red or green (European type, such as Thompson seedless), raw",,Puuviljad ja marjad,69,0.7,18.1,0.2,0.9,15.5,0.05,0.005,usda_sr_legacy
16558,"Groundcherries, (cape-gooseberries or poha), raw",,Puuviljad ja marjad,53,1.9,11.2,0.7,0,,,,usda_sr_legacy
12024,"Guanabana nectar, canned",,Puuviljad ja marjad,59,0.1,14.9,0.2,0.1,13.1,0.03,0.02,usda_sr_legacy
11665,"Guava nectar, canned, with added ascorbic acid",,Puuviljad ja marjad,63,0.1,16.3,0.1,1,13,0.02,0.015,usda_sr_legacy
12038,"Guava nectar, with sucralose, canned",,Puuviljad ja marjad,48,0.3,13.3,0.1,1.2,10.2,0.02,0.015,usda_sr_legacy
18108,"Guava sauce, cooked",,Puuviljad ja marjad,36,0.3,9.5,0.1,3.6,5.9,0.04,0.01,usda_sr_legacy
16559,"Guavas, common, raw",,Puuviljad ja marjad,68,2.6,14.3,1,5.4,8.9,0.27,0.005,usda_sr_legacy
16560,"Guavas, strawberry, raw",,Puuviljad ja marjad,69,0.6,17.4,0.6,5.4,,0.17,0.093,usda_sr_legacy
11672,Horned melon (Kiwano),,Puuviljad ja marjad,44,1.8,7.6,1.3,0,,,0.005,usda_sr_legacy
12018,"Jackfruit, canned, syrup pack",,Puuviljad ja marjad,92,0.4,23.9,0.1,0.9,,,0.028,usda_sr_legacy
18109,"Jackfruit, raw",,Puuviljad ja marjad,95,1.7,23.3,0.6,1.5,19.1,0.2,0.005,usda_sr_legacy
11978,"Java-plum, (jambolan), raw",,Puuviljad ja marjad,60,0.7,15.6,0.2,0,,,0.035,usda_sr_legacy
12025,"Juice, apple and grape blend, with added ascorbic acid",,Puuviljad ja marjad,50,0.2,12.5,0.1,0.2,10.9,0.02,0.018,usda_sr_legacy
12026,"Juice, apple, grape and pear blend, with added ascorbic acid and calcium",,Puuviljad ja marjad,52,0.2,13,0.1,0.2,10,0.02,0.013,usda_sr_legacy
11980,"Jujube, Chinese, fresh, dried",,Puuviljad ja marjad,281,4.7,72.5,0.5,6,,,0.013,usda_sr_legacy
11979,"Jujube, raw",,Puuviljad ja marjad,79,1.2,20.2,0.2,0,,,0.008,usda_sr_legacy
11981,"Kiwifruit, green, raw",,Puuviljad ja marjad,61,1.1,14.7,0.5,3,9,0.03,0.008,usda_sr_legacy
12039,"Kiwifruit, ZESPRI SunGold, raw",,Puuviljad ja marjad,63,1,15.8,0.3,1.4,12.3,0.07,0.008,usda_sr_legacy
339,Kumquat,,Puuviljad ja marjad,71,1.9,15.9,0.9,6.5,0,,,
11982,"Kumquats, raw",,Puuviljad ja marjad,71,1.9,15.9,0.9,6.5,9.4,0.1,0.025,usda_sr_legacy
334,Lemon,,Puuviljad ja marjad,29,1.1,9.3,0.3,2.8,0,,,
11682,"Lemon juice from concentrate, bottled, CONCORD",,Puuviljad ja marjad,24,0.4,5.4,0.1,0,1.4,,0.073,usda_sr_legacy
11683,"Lemon juice from concentrate, bottled, REAL LEMON",,Puuviljad ja marjad,17,0.5,5.7,0.1,0.7,1.6,0.03,0.065,usda_sr_legacy
11629,"Lemon juice from concentrate, canned or bottled",,Puuviljad ja marjad,17,0.5,5.6,0.1,0.7,1.5,0.03,0.06,usda_sr_legacy
11628,"Lemon juice, raw",,Puuviljad ja marjad,22,0.4,6.9,0.2,0.3,2.5,0.04,0.003,usda_sr_legacy
11630,"Lemon peel, raw",,Puuviljad ja marjad,47,1.5,16,0.3,10.6,4.2,0.04,0.015,usda_sr_legacy
11627,"Lemons, raw, without peel",,Puuviljad ja marjad,29,1.1,9.3,0.3,2.8,2.5,0.04,0.005,usda_sr_legacy
335,Lime,,Puuviljad ja marjad,30,0.7,10.5,0.2,2.8,0,,,
11985,"Lime juice, canned or bottled, unsweetened",,Puuviljad ja marjad,21,0.3,6.7,0.2,0.4,1.4,0.03,0.04,usda_sr_legacy
11984,"Lime juice, raw",,Puuviljad ja marjad,25,0.4,8.4,0.1,0.4,1.7,0.01,0.005,usda_sr_legacy
11983,"Limes, raw",,Puuviljad ja marjad,30,0.7,10.5,0.2,2.8,1.7,0.02,0.005,usda_sr_legacy
12867,"Litchis, dried",,Puuviljad ja marjad,277,3.8,70.7,1.2,4.6,66.1,0.27,0.008,usda_sr_legacy
12866,"Litchis, raw",,Puuviljad ja marjad,66,0.8,16.5,0.4,1.3,15.2,0.1,0.003,usda_sr_legacy
12868,"Loganberries, frozen",,Puuviljad ja marjad,55,1.5,13,0.3,5.3,7.7,0.01,0.003,usda_sr_legacy
13634,"Longans, dried",,Puuviljad ja marjad,286,4.9,74,0.4,0,,,0.12,usda_sr_legacy
12869,"Longans, raw",,Puuviljad ja marjad,60,1.3,15.1,0.1,1.1,,,0,usda_sr_legacy
13635,"Loquats, raw",,Puuviljad ja marjad,47,0.4,12.1,0.2,1.7,,0.04,0.003,usda_sr_legacy
13636,"Mammy-apple, (mamey), raw",,Puuviljad ja marjad,51,0.5,12.5,0.5,3,,0.14,0.038,usda_sr_legacy
332,Mandarin / Clementine,,Puuviljad ja marjad,53,0.8,13.3,0.3,1.8,0,,,
12871,"Mango, dried, sweetened",,Puuviljad ja marjad,319,2.5,78.6,1.2,2.4,66.3,0.29,0.405,usda_sr_legacy
11666,"Mango nectar, canned",,Puuviljad ja marjad,51,0.1,13.1,0.1,0.3,12.5,0.01,0.013,usda_sr_legacy
13637,"Mangos, raw",,Puuviljad ja marjad,60,0.8,15,0.4,1.6,13.7,0.09,0.003,usda_sr_legacy
12870,"Mangosteen, canned, syrup pack",,Puuviljad ja marjad,73,0.4,17.9,0.6,1.8,,,0.018,usda_sr_legacy
11647,"Maraschino cherries, canned, drained",,Puuviljad ja marjad,165,0.2,42,0.2,3.2,38.8,0.04,0.01,usda_sr_legacy
13639,"Melon balls, frozen",,Puuviljad ja marjad,33,0.8,7.9,0.3,0.7,,0.06,0.078,usda_sr_legacy
12872,"Melons, cantaloupe, raw",,Puuviljad ja marjad,34,0.8,8.2,0.2,0.9,7.9,0.05,0.04,usda_sr_legacy
12873,"Melons, casaba, raw",,Puuviljad ja marjad,28,1.1,6.6,0.1,0.9,5.7,0.03,0.023,usda_sr_legacy
13638,"Melons, honeydew, raw",,Puuviljad ja marjad,36,0.5,9.1,0.1,0.8,8.1,0.04,0.045,usda_sr_legacy
13640,"Mulberries, raw",,Puuviljad ja marjad,43,1.4,9.8,0.4,1.7,8.1,0.03,0.025,usda_sr_legacy
11669,"Nance, canned, syrup, drained",,Puuviljad ja marjad,95,0.6,22.8,1.3,7,15.7,,0.02,usda_sr_legacy
11670,"Nance, frozen, unsweetened",,Puuviljad ja marjad,73,0.7,17,1.2,7.5,8.3,,0.008,usda_sr_legacy
11671,"Naranjilla (lulo) pulp, frozen, unsweetened",,Puuviljad ja marjad,25,0.4,5.9,0.2,1.1,3.7,,0.01,usda_sr_legacy
342,Nectarine,,Puuviljad ja marjad,44,1.1,10.6,0.3,1.7,0,,,
13641,"Nectarines, raw",,Puuviljad ja marjad,44,1.1,10.6,0.3,1.7,7.9,0.03,0,usda_sr_legacy
13642,"Oheloberries, raw",,Puuviljad ja marjad,28,0.4,6.8,0.2,0,,,0.003,usda_sr_legacy
12876,"Olives, pickled, canned or bottled, green",,Puuviljad ja marjad,145,1,3.8,15.3,3.3,0.5,2.03,3.89,usda_sr_legacy
12875,"Olives, ripe, canned (jumbo-super colossal)",,Puuviljad ja marjad,81,1,5.6,6.9,2.5,0,0.91,1.838,usda_sr_legacy
12874,"Olives, ripe, canned (small-extra large)",,Puuviljad ja marjad,116,0.8,6,10.9,1.6,0,2.28,1.838,usda_sr_legacy
331,Orange,,Puuviljad ja marjad,47,0.9,12,0.1,2.4,0,,,
12884,"Orange-grapefruit juice, canned or bottled, unsweetened",,Puuviljad ja marjad,43,0.6,10.3,0.1,0.1,10.2,0.01,0.008,usda_sr_legacy
12879,"Orange juice, canned, unsweetened",,Puuviljad ja marjad,47,0.7,11,0.2,0.3,8.8,0.02,0.01,usda_sr_legacy
12880,"Orange juice, chilled",,Puuviljad ja marjad,49,0.7,11.5,0.1,0.3,8.3,0.01,0.005,usda_sr_legacy
13647,"Orange juice, chilled, with added calcium",,Puuviljad ja marjad,47,0.7,11.3,0.1,0.3,8.3,0.01,0.005,usda_sr_legacy
12881,"Orange juice, chilled, with added calcium and vitamin D",,Puuviljad ja marjad,47,0.7,11.3,0.1,0.3,8.3,0.01,0.005,usda_sr_legacy
11675,"Orange juice, chilled, with added calcium and vitamins A, D, E",,Puuviljad ja marjad,49,0.7,11.5,0.1,0.3,8.3,0.01,0.005,usda_sr_legacy
12882,"Orange juice, frozen concentrate, unsweetened, diluted with 3 volume water",,Puuviljad ja marjad,37,0.6,8.8,0.1,0.2,7.4,0.02,0.01,usda_sr_legacy
13648,"Orange juice, frozen concentrate, unsweetened, diluted with 3 volume water, with added calcium",,Puuviljad ja marjad,37,0.6,8.5,0.1,0.2,7.4,0.02,0.01,usda_sr_legacy
13650,"Orange juice, frozen concentrate, unsweetened, undiluted",,Puuviljad ja marjad,148,2.4,35.2,0.3,1,29.7,0.06,0.018,usda_sr_legacy
13649,"Orange juice, frozen concentrate, unsweetened, undiluted, with added calcium",,Puuviljad ja marjad,147,2.4,33.9,0.3,1,29.7,0.06,0.018,usda_sr_legacy
12878,"Orange juice, raw",,Puuviljad ja marjad,45,0.7,10.4,0.2,0.2,8.4,0.02,0.003,usda_sr_legacy
12883,"Orange peel, raw",,Puuviljad ja marjad,97,1.5,25,0.2,10.6,,0.02,0.008,usda_sr_legacy
11673,Orange Pineapple Juice Blend,,Puuviljad ja marjad,51,0.4,12.2,0.1,0.2,10.6,0.01,0.01,usda_sr_legacy
12877,"Oranges, raw",,Puuviljad ja marjad,47,0.9,11.8,0.1,2.4,9.4,0.02,0,usda_sr_legacy
13643,"Oranges, raw, California, valencias",,Puuviljad ja marjad,49,1,11.9,0.3,2.5,,0.04,0,usda_sr_legacy
13645,"Oranges, raw, Florida",,Puuviljad ja marjad,46,0.7,11.5,0.2,2.4,9.1,0.03,0,usda_sr_legacy
13644,"Oranges, raw, navels",,Puuviljad ja marjad,49,0.9,12.5,0.2,2.2,8.5,0.02,0.003,usda_sr_legacy
13646,"Oranges, raw, with peel",,Puuviljad ja marjad,63,1.3,15.5,0.3,4.5,,0.04,0.005,usda_sr_legacy
13654,"Papaya, canned, heavy syrup, drained",,Puuviljad ja marjad,206,0.1,55.8,0.6,1.5,52.2,0.27,0.023,usda_sr_legacy
12887,"Papaya nectar, canned",,Puuviljad ja marjad,57,0.2,14.5,0.2,0.6,13.9,0.05,0.013,usda_sr_legacy
13653,"Papayas, raw",,Puuviljad ja marjad,43,0.5,10.8,0.3,1.7,7.8,0.08,0.02,usda_sr_legacy
12888,"Passion-fruit, (granadilla), purple, raw",,Puuviljad ja marjad,97,2.2,23.4,0.7,10.4,11.2,0.06,0.07,usda_sr_legacy
12889,"Passion-fruit juice, purple, raw",,Puuviljad ja marjad,51,0.4,13.6,0.1,0.2,13.4,0,0.015,usda_sr_legacy
12890,"Passion-fruit juice, yellow, raw",,Puuviljad ja marjad,60,0.7,14.5,0.2,0.2,14.3,0.02,0.015,usda_sr_legacy
341,Peach,,Puuviljad ja marjad,39,0.9,10,0.3,1.5,0,,,
12893,"Peaches, canned, extra heavy syrup pack, solids and liquids",,Puuviljad ja marjad,96,0.5,26.1,0,1,,0,0.02,usda_sr_legacy
13658,"Peaches, canned, extra light syrup, solids and liquids",,Puuviljad ja marjad,42,0.4,11.1,0.1,1,,0.01,0.013,usda_sr_legacy
12009,"Peaches, canned, heavy syrup, drained",,Puuviljad ja marjad,72,0.5,18.4,0.2,1.2,14.7,0.01,0.015,usda_sr_legacy
12892,"Peaches, canned, heavy syrup pack, solids and liquids",,Puuviljad ja marjad,74,0.5,19.9,0.1,1.3,18.6,0.01,0.015,usda_sr_legacy
13657,"Peaches, canned, juice pack, solids and liquids",,Puuviljad ja marjad,44,0.6,11.6,0,1.3,10.3,0,0.01,usda_sr_legacy
12891,"Peaches, canned, light syrup pack, solids and liquids",,Puuviljad ja marjad,54,0.5,14.6,0,1.3,13.3,0,0.013,usda_sr_legacy
13656,"Peaches, canned, water pack, solids and liquids",,Puuviljad ja marjad,24,0.4,6.1,0.1,1.3,4.8,0.01,0.008,usda_sr_legacy
13660,"Peaches, dehydrated (low-moisture), sulfured, stewed",,Puuviljad ja marjad,133,2,34.1,0.4,0,,0.05,0.01,usda_sr_legacy
13659,"Peaches, dehydrated (low-moisture), sulfured, uncooked",,Puuviljad ja marjad,325,4.9,83.2,1,0,,0.11,0.025,usda_sr_legacy
12895,"Peaches, dried, sulfured, stewed, with added sugar",,Puuviljad ja marjad,103,1.1,26.6,0.2,2.4,,0.02,0.005,usda_sr_legacy
13662,"Peaches, dried, sulfured, stewed, without added sugar",,Puuviljad ja marjad,77,1.2,19.7,0.3,2.7,17,0.03,0.005,usda_sr_legacy
13661,"Peaches, dried, sulfured, uncooked",,Puuviljad ja marjad,239,3.6,61.3,0.8,8.2,41.7,0.08,0.018,usda_sr_legacy
12896,"Peaches, frozen, sliced, sweetened",,Puuviljad ja marjad,94,0.6,24,0.1,1.8,22.2,0.01,0.015,usda_sr_legacy
12894,"Peaches, spiced, canned, heavy syrup pack, solids and liquids",,Puuviljad ja marjad,75,0.4,20.1,0.1,1.3,18.8,0.01,0.01,usda_sr_legacy
13655,"Peaches, yellow, raw",,Puuviljad ja marjad,39,0.9,9.5,0.3,1.5,8.4,0.02,0,usda_sr_legacy
12013,"Peach nectar, canned, with added ascorbic acid",,Puuviljad ja marjad,50,0.2,11.9,0.5,0.1,11.2,0.22,0.02,usda_sr_legacy
12897,"Peach nectar, canned, with sucralose, without added ascorbic acid",,Puuviljad ja marjad,49,0.1,11.6,0.6,0.1,12.1,0.04,0.028,usda_sr_legacy
340,Pear,,Puuviljad ja marjad,57,0.4,15.2,0.1,3.1,0,,,
12014,"Pear nectar, canned, with added ascorbic acid",,Puuviljad ja marjad,60,0.1,15.8,0,0.6,15.2,0,0.01,usda_sr_legacy
13667,"Pear nectar, canned, without added ascorbic acid",,Puuviljad ja marjad,60,0.1,15.8,0,0.6,15.2,0,0.01,usda_sr_legacy
12005,"Pears, asian, raw",,Puuviljad ja marjad,42,0.5,10.7,0.2,3.6,7.1,0.01,0,usda_sr_legacy
12900,"Pears, canned, extra heavy syrup pack, solids and liquids",,Puuviljad ja marjad,97,0.2,25.3,0.1,1.6,,0.01,0.013,usda_sr_legacy
13664,"Pears, canned, extra light syrup pack, solids and liquids",,Puuviljad ja marjad,47,0.3,12.2,0.1,1.6,,0.01,0.005,usda_sr_legacy
12010,"Pears, canned, heavy syrup, drained",,Puuviljad ja marjad,74,0.2,19.1,0.2,2.7,16.4,0.01,0.013,usda_sr_legacy
13666,"Pears, canned, heavy syrup pack, solids and liquids",,Puuviljad ja marjad,74,0.2,19.2,0.1,1.6,15.2,0.01,0.013,usda_sr_legacy
13663,"Pears, canned, juice pack, solids and liquids",,Puuviljad ja marjad,50,0.3,12.9,0.1,1.6,9.7,0,0.01,usda_sr_legacy
13665,"Pears, canned, light syrup pack, solids and liquids",,Puuviljad ja marjad,57,0.2,15.2,0,1.6,12.1,0,0.013,usda_sr_legacy
12899,"Pears, canned, water pack, solids and liquids",,Puuviljad ja marjad,29,0.2,7.8,0,1.6,6.1,0,0.005,usda_sr_legacy
12903,"Pears, dried, sulfured, stewed, with added sugar",,Puuviljad ja marjad,140,0.9,37.1,0.3,5.8,,0.02,0.008,usda_sr_legacy
12902,"Pears, dried, sulfured, stewed, without added sugar",,Puuviljad ja marjad,127,0.9,33.8,0.3,6.4,27.4,0.02,0.008,usda_sr_legacy
12901,"Pears, dried, sulfured, uncooked",,Puuviljad ja marjad,262,1.9,69.7,0.6,7.5,62.2,0.04,0.015,usda_sr_legacy
12898,"Pears, raw",,Puuviljad ja marjad,57,0.4,15.2,0.1,3.1,9.8,0.02,0.003,usda_sr_legacy
11657,"Pears, raw, bartlett",,Puuviljad ja marjad,63,0.4,15,0.2,3.1,9.7,,0.003,usda_sr_legacy
11659,"Pears, raw, bosc",,Puuviljad ja marjad,67,0.4,16.1,0.1,3.1,10.2,,0.003,usda_sr_legacy
11660,"Pears, raw, green anjou",,Puuviljad ja marjad,66,0.4,15.8,0.1,3.1,9.7,,0.003,usda_sr_legacy
11658,"Pears, raw, red anjou",,Puuviljad ja marjad,62,0.3,14.9,0.1,3,9.5,,0.003,usda_sr_legacy
13669,"Persimmons, japanese, dried",,Puuviljad ja marjad,274,1.4,73.4,0.6,14.5,,,0.005,usda_sr_legacy
13668,"Persimmons, japanese, raw",,Puuviljad ja marjad,70,0.6,18.6,0.2,3.6,12.5,0.02,0.003,usda_sr_legacy
13670,"Persimmons, native, raw",,Puuviljad ja marjad,127,0.8,33.5,0.4,0,,,0.003,usda_sr_legacy
13672,"Pineapple, canned, extra heavy syrup pack, solids and liquids",,Puuviljad ja marjad,83,0.3,21.5,0.1,0.8,,0.01,0.003,usda_sr_legacy
13671,"Pineapple, canned, heavy syrup pack, solids and liquids",,Puuviljad ja marjad,78,0.4,20.2,0.1,0.8,16.9,0.01,0.003,usda_sr_legacy
11648,"Pineapple, canned, juice pack, drained",,Puuviljad ja marjad,60,0.5,15.6,0.1,1.3,14.3,0.01,0.003,usda_sr_legacy
12906,"Pineapple, canned, juice pack, solids and liquids",,Puuviljad ja marjad,60,0.4,15.7,0.1,0.8,14.5,0.01,0.003,usda_sr_legacy
12907,"Pineapple, canned, light syrup pack, solids and liquids",,Puuviljad ja marjad,52,0.4,13.5,0.1,0.8,12.7,0.01,0.003,usda_sr_legacy
12905,"Pineapple, canned, water pack, solids and liquids",,Puuviljad ja marjad,32,0.4,8.3,0.1,0.8,7.5,0.01,0.003,usda_sr_legacy
13673,"Pineapple, frozen, chunks, sweetened",,Puuviljad ja marjad,86,0.4,22.2,0.1,1.1,21.1,0.01,0.005,usda_sr_legacy
12033,"Pineapple juice, canned, not from concentrate, unsweetened, with added vitamins A",,Puuviljad ja marjad,50,0.4,12.2,0.1,0.2,10,0,0.008,usda_sr_legacy
12015,"Pineapple juice, canned or bottled, unsweetened, with added ascorbic acid",,Puuviljad ja marjad,53,0.4,12.9,0.1,0.2,10,0.01,0.005,usda_sr_legacy
13674,"Pineapple juice, canned or bottled, unsweetened, without added ascorbic acid",,Puuviljad ja marjad,53,0.4,12.9,0.1,0.2,10,0.01,0.005,usda_sr_legacy
12908,"Pineapple juice, frozen concentrate, unsweetened, diluted with 3 volume water",,Puuviljad ja marjad,51,0.4,12.7,0,0.2,12.5,0,0.003,usda_sr_legacy
13675,"Pineapple juice, frozen concentrate, unsweetened, undiluted",,Puuviljad ja marjad,179,1.3,44.3,0.1,0.7,43.6,0.01,0.008,usda_sr_legacy
12904,"Pineapple, raw",,Puuviljad ja marjad,50,0.5,13.1,0.1,1.4,9.9,0.01,0.003,usda_sr_legacy
12022,"Pineapple, raw, extra sweet variety",,Puuviljad ja marjad,51,0.5,13.5,0.1,1.4,10.3,,0.003,usda_sr_legacy
12021,"Pineapple, raw, traditional varieties",,Puuviljad ja marjad,45,0.6,11.8,0.1,0,8.3,,0.003,usda_sr_legacy
12909,"Pitanga, (surinam-cherry), raw",,Puuviljad ja marjad,33,0.8,7.5,0.4,0,,,0.008,usda_sr_legacy
12044,"Plantains, green, boiled",,Puuviljad ja marjad,121,1.1,29.2,0.1,2.6,2.3,0.07,0.005,usda_sr_legacy
12027,"Plantains, green, fried",,Puuviljad ja marjad,309,1.5,49.2,11.8,3.5,3.6,3.69,0.005,usda_sr_legacy
12043,"Plantains, green, raw",,Puuviljad ja marjad,152,1.3,36.7,0.1,2.2,2.3,0.12,0.005,usda_sr_legacy
12911,"Plantains, yellow, baked",,Puuviljad ja marjad,155,1.5,41.4,0.2,2.2,21.3,0,0.005,usda_sr_legacy
12028,"Plantains, yellow, fried, Latino restaurant",,Puuviljad ja marjad,236,1.4,40.8,7.5,3.2,21.8,1.82,0.015,usda_sr_legacy
12910,"Plantains, yellow, raw",,Puuviljad ja marjad,122,1.3,31.9,0.4,1.7,17.5,0,0.01,usda_sr_legacy
343,Plum,,Puuviljad ja marjad,46,0.7,11.4,0.3,1.4,0,,,
12011,"Plums, canned, heavy syrup, drained",,Puuviljad ja marjad,89,0.4,23.1,0.1,1.5,21.6,0.01,0.048,usda_sr_legacy
12913,"Plums, canned, purple, extra heavy syrup pack, solids and liquids",,Puuviljad ja marjad,101,0.4,26.3,0.1,1,,0.01,0.048,usda_sr_legacy
12912,"Plums, canned, purple, heavy syrup pack, solids and liquids",,Puuviljad ja marjad,89,0.4,23.2,0.1,0.9,22.3,0.01,0.048,usda_sr_legacy
13678,"Plums, canned, purple, juice pack, solids and liquids",,Puuviljad ja marjad,58,0.5,15.2,0,0.9,14.2,0,0.003,usda_sr_legacy
13679,"Plums, canned, purple, light syrup pack, solids and liquids",,Puuviljad ja marjad,63,0.4,16.3,0.1,0.9,15.4,0.01,0.05,usda_sr_legacy
13677,"Plums, canned, purple, water pack, solids and liquids",,Puuviljad ja marjad,41,0.4,11,0,0.9,10.1,0,0.003,usda_sr_legacy
11633,"Plums, dried (prunes), stewed, with added sugar",,Puuviljad ja marjad,124,1.1,32.9,0.2,3.8,,0.02,0.005,usda_sr_legacy
11632,"Plums, dried (prunes), stewed, without added sugar",,Puuviljad ja marjad,107,1,28.1,0.2,3.1,25,0.01,0.003,usda_sr_legacy
11990,"Plums, dried (prunes), uncooked",,Puuviljad ja marjad,240,2.2,63.9,0.4,7.1,38.1,0.09,0.005,usda_sr_legacy
13676,"Plums, raw",,Puuviljad ja marjad,46,0.7,11.4,0.3,1.4,9.9,0.02,0,usda_sr_legacy
11668,"Pomegranate juice, bottled",,Puuviljad ja marjad,54,0.2,13.1,0.3,0.1,12.7,0.08,0.023,usda_sr_legacy
12914,"Pomegranates, raw",,Puuviljad ja marjad,83,1.7,18.7,1.2,4,13.7,0.12,0.008,usda_sr_legacy
11631,"Prickly pears, raw",,Puuviljad ja marjad,41,0.7,9.6,0.5,3.6,,0.07,0.013,usda_sr_legacy
11634,"Prune juice, canned",,Puuviljad ja marjad,71,0.6,17.5,0,1,16.5,0,0.01,usda_sr_legacy
11661,Prune puree,,Puuviljad ja marjad,257,2.1,65.1,0.2,3.3,39,0.02,0.058,usda_sr_legacy
11987,"Prunes, canned, heavy syrup pack, solids and liquids",,Puuviljad ja marjad,105,0.9,27.8,0.2,3.8,,0.02,0.008,usda_sr_legacy
11989,"Prunes, dehydrated (low-moisture), stewed",,Puuviljad ja marjad,113,1.2,29.7,0.2,0,,0.02,0.005,usda_sr_legacy
11988,"Prunes, dehydrated (low-moisture), uncooked",,Puuviljad ja marjad,339,3.7,89.1,0.7,0,,0.06,0.013,usda_sr_legacy
11635,"Pummelo, raw",,Puuviljad ja marjad,38,0.8,9.6,0,1,,,0.003,usda_sr_legacy
347,Quince,,Puuviljad ja marjad,57,0.4,15.3,0.1,1.9,0,,,
11991,"Quinces, raw",,Puuviljad ja marjad,57,0.4,15.3,0.1,1.9,,0.01,0.01,usda_sr_legacy
11993,"Raisins, dark, seedless",,Puuviljad ja marjad,299,3.3,79.3,0.3,4.5,65.2,0.09,0.065,usda_sr_legacy
11992,"Raisins, golden, seedless",,Puuviljad ja marjad,301,3.3,80,0.2,3.3,65.7,0.07,0.06,usda_sr_legacy
11994,"Raisins, seeded",,Puuviljad ja marjad,296,2.5,78.5,0.5,6.8,,0.18,0.07,usda_sr_legacy
11995,"Rambutan, canned, syrup pack",,Puuviljad ja marjad,82,0.7,20.9,0.2,0.9,,,0.028,usda_sr_legacy
11637,"Raspberries, canned, red, heavy syrup pack, solids and liquids",,Puuviljad ja marjad,91,0.8,23.4,0.1,3.3,20.1,0.01,0.008,usda_sr_legacy
11638,"Raspberries, frozen, red, sweetened",,Puuviljad ja marjad,103,0.7,26.2,0.2,4.4,21.8,0.01,0.003,usda_sr_legacy
12037,"Raspberries, frozen, red, unsweetened",,Puuviljad ja marjad,56,1.2,12.6,0.8,4.3,6.5,0.06,0.01,usda_sr_legacy
11689,"Raspberries, puree, seedless",,Puuviljad ja marjad,41,1,8,0.9,0.9,6,0.06,0.01,usda_sr_legacy
11690,"Raspberries, puree, with seeds",,Puuviljad ja marjad,55,1.1,11.5,1,4.3,6.6,0.06,0.01,usda_sr_legacy
11636,"Raspberries, raw",,Puuviljad ja marjad,52,1.2,11.9,0.7,6.5,4.4,0.02,0.003,usda_sr_legacy
12045,Raspberry juice concentrate,,Puuviljad ja marjad,221,3,53.2,1.3,1.1,38.2,0.06,0.025,usda_sr_legacy
11997,"Rhubarb, frozen, cooked, with sugar",,Puuviljad ja marjad,116,0.4,31.2,0.1,2,28.7,0.01,0.003,usda_sr_legacy
11996,"Rhubarb, frozen, uncooked",,Puuviljad ja marjad,21,0.6,5.1,0.1,1.8,1.1,0.03,0.005,usda_sr_legacy
11639,"Rhubarb, raw",,Puuviljad ja marjad,21,0.9,4.5,0.2,1.8,1.1,0.05,0.01,usda_sr_legacy
11999,"Rose-apples, raw",,Puuviljad ja marjad,25,0.6,5.7,0.3,0,,,0,usda_sr_legacy
11998,"Roselle, raw",,Puuviljad ja marjad,49,1,11.3,0.6,0,,,0.015,usda_sr_legacy
11664,"Rowal, raw",,Puuviljad ja marjad,111,2.3,23.9,2,6.2,14.1,0.25,0.01,usda_sr_legacy
11686,"Ruby Red grapefruit juice blend (grapefruit, grape, apple), OCEAN SPRAY, bottled",,Puuviljad ja marjad,44,0.5,10.5,0.1,0.2,10.3,0.01,0.02,usda_sr_legacy
11640,"Sapodilla, raw",,Puuviljad ja marjad,83,0.4,20,1.1,5.3,,0.19,0.03,usda_sr_legacy
11641,"Sapote, mamey, raw",,Puuviljad ja marjad,124,1.5,32.1,0.5,5.4,20.1,0.17,0.018,usda_sr_legacy
11642,"Soursop, raw",,Puuviljad ja marjad,66,1,16.8,0.3,3.3,13.5,0.05,0.035,usda_sr_legacy
12000,"Strawberries, canned, heavy syrup pack, solids and liquids",,Puuviljad ja marjad,92,0.6,23.5,0.3,1.7,21.8,0.01,0.01,usda_sr_legacy
12002,"Strawberries, frozen, sweetened, sliced",,Puuviljad ja marjad,96,0.5,25.9,0.1,1.9,24,0.01,0.008,usda_sr_legacy
12001,"Strawberries, frozen, unsweetened",,Puuviljad ja marjad,35,0.4,9.1,0.1,2.1,4.6,0.01,0.005,usda_sr_legacy
11643,"Strawberries, raw",,Puuviljad ja marjad,32,0.7,7.7,0.3,2,4.9,0.02,0.003,usda_sr_legacy
350,Strawberry,,Puuviljad ja marjad,32,0.7,7.7,0.3,2,0,,,
12003,"Sugar-apples, (sweetsop), raw",,Puuviljad ja marjad,94,2.1,23.6,0.3,4.4,,0.05,0.023,usda_sr_legacy
11667,"Tamarind nectar, canned",,Puuviljad ja marjad,57,0.1,14.7,0.1,0.5,12.7,,0.018,usda_sr_legacy
11644,"Tamarinds, raw",,Puuviljad ja marjad,239,2.8,62.5,0.6,5.1,38.8,0.27,0.07,usda_sr_legacy
338,Tangelo,,Puuviljad ja marjad,47,0.8,12.2,0.1,2,0,,,
13652,"Tangerine juice, raw",,Puuviljad ja marjad,43,0.5,10.1,0.2,0.2,9.9,0.02,0.003,usda_sr_legacy
12886,"Tangerines, (mandarin oranges), canned, juice pack",,Puuviljad ja marjad,37,0.6,9.6,0,0.7,8.9,0,0.013,usda_sr_legacy
12012,"Tangerines, (mandarin oranges), canned, juice pack, drained",,Puuviljad ja marjad,38,0.8,9.4,0,1.2,8.3,0,0.013,usda_sr_legacy
13651,"Tangerines, (mandarin oranges), canned, light syrup pack",,Puuviljad ja marjad,61,0.5,16.2,0.1,0.7,15.5,0.01,0.015,usda_sr_legacy
12885,"Tangerines, (mandarin oranges), raw",,Puuviljad ja marjad,53,0.8,13.3,0.3,1.8,10.6,0.04,0.005,usda_sr_legacy
337,Ugli fruit,,Puuviljad ja marjad,45,0.7,11.8,0.1,1.9,0,,,
11646,"Watermelon, raw",,Puuviljad ja marjad,30,0.6,7.6,0.2,0.4,6.2,0.02,0.003,usda_sr_legacy
428,Almond,,Pähklid ja seemned,579,21.2,21.6,49.9,12.5,0,,,
440,Almond (blanched),,Pähklid ja seemned,578,21.2,19.9,50.6,11.5,0,,,
446,Almond butter,,Pähklid ja seemned,614,21,18.8,55.5,10.3,0,,,
441,Almond (roasted),,Pähklid ja seemned,598,21,21.4,52.5,11.8,0,,,
434,Brazil nut,,Pähklid ja seemned,656,14.3,12.3,66.4,7.5,0,,,
469,Candied nuts,,Pähklid ja seemned,551,9,53,34,4,0,,,
460,Caraway seeds,,Pähklid ja seemned,333,19.8,49.9,14.6,38,0,,,
430,Cashew,,Pähklid ja seemned,553,18.2,30.2,43.9,3.3,0,,,
447,Cashew butter,,Pähklid ja seemned,587,17.6,28,49.4,3.5,0,,,
437,Chestnut,,Pähklid ja seemned,213,2.4,45.5,2.2,8.1,0,,,
455,Chia seeds,,Pähklid ja seemned,486,16.5,42.1,30.7,34.4,0,,,
439,Coconut flakes,,Pähklid ja seemned,592,5.6,25.2,55,14.5,0,,,
454,Flax seeds,,Pähklid ja seemned,534,18.3,28.9,42.2,27.3,0,,,
473,Granola (with nuts),,Pähklid ja seemned,471,9,58.4,22.5,5.5,0,,,
435,Hazelnut / Filbert,,Pähklid ja seemned,628,14.9,16.7,60.8,9.7,0,,,
448,Hazelnut spread (Nutella-style),,Pähklid ja seemned,547,6.3,57.9,31.8,3,0,,,
457,Hemp seeds,,Pähklid ja seemned,553,31.6,8.7,48.8,4,0,,,
467,Honey roasted nuts,,Pähklid ja seemned,592,14,28.3,49.5,5.8,0,,,
433,Macadamia nut,,Pähklid ja seemned,718,7.9,13.8,75.8,8.6,0,,,
443,"Macadamia (roasted, salted)",,Pähklid ja seemned,737,7.8,13.7,77,8,0,,,
471,Marzipan,,Pähklid ja seemned,459,8,62,21.5,4,0,,,
465,Mixed nuts (salted),,Pähklid ja seemned,607,16.5,20.8,52.5,6.8,0,,,
466,Mixed nuts (unsalted),,Pähklid ja seemned,607,16.5,20.8,52.5,6.8,0,,,
464,Mixed roasted seeds,,Pähklid ja seemned,545,22,22,45.5,12,0,,,
459,Nigella seeds,,Pähklid ja seemned,345,16,44.2,22.3,14.9,0,,,
14293,"Nuts, acorn flour, full fat",,Pähklid ja seemned,501,7.5,54.7,30.2,0,,3.92,0,usda_sr_legacy
14292,"Nuts, acorns, dried",,Pähklid ja seemned,509,8.1,53.7,31.4,0,,4.08,0,usda_sr_legacy
13884,"Nuts, acorns, raw",,Pähklid ja seemned,387,6.2,40.8,23.9,0,,3.1,0,usda_sr_legacy
12416,"Nuts, almond butter, plain, without salt added",,Pähklid ja seemned,614,21,18.8,55.5,10.3,4.4,4.15,0.018,usda_sr_legacy
12431,"Nuts, almond butter, plain, with salt added",,Pähklid ja seemned,614,21,18.8,55.5,10.3,6.3,6.55,0.568,usda_sr_legacy
13887,"Nuts, almond paste",,Pähklid ja seemned,458,9,47.8,27.7,4.8,36.3,2.63,0.023,usda_sr_legacy
14294,"Nuts, almonds",,Pähklid ja seemned,579,21.2,21.6,49.9,12.5,4.4,3.8,0.003,usda_sr_legacy
14295,"Nuts, almonds, blanched",,Pähklid ja seemned,590,21.4,18.7,52.5,9.9,4.6,3.95,0.048,usda_sr_legacy
13885,"Nuts, almonds, dry roasted, without salt added",,Pähklid ja seemned,598,21,21,52.5,10.9,4.9,4.09,0.008,usda_sr_legacy
12424,"Nuts, almonds, dry roasted, with salt added",,Pähklid ja seemned,598,21,21,52.5,10.9,4.9,4.09,0.585,usda_sr_legacy
12420,"Nuts, almonds, honey roasted, unblanched",,Pähklid ja seemned,594,18.2,27.9,49.9,13.7,,4.73,0.325,usda_sr_legacy
12430,"Nuts, almonds, oil roasted, lightly salted",,Pähklid ja seemned,607,21.2,17.7,55.2,10.5,4.6,4.21,0.358,usda_sr_legacy
13886,"Nuts, almonds, oil roasted, without salt added",,Pähklid ja seemned,607,21.2,17.7,55.2,10.5,4.6,4.21,0.003,usda_sr_legacy
13199,"Nuts, almonds, oil roasted, with salt added",,Pähklid ja seemned,607,21.2,17.7,55.2,10.5,4.6,4.21,0.848,usda_sr_legacy
13200,"Nuts, almonds, oil roasted, with salt added, smoke flavor",,Pähklid ja seemned,607,21.4,17.9,55.9,10.7,3.6,3.57,1.37,usda_sr_legacy
13888,"Nuts, beechnuts, dried",,Pähklid ja seemned,576,6.2,33.5,50,0,,5.72,0.095,usda_sr_legacy
14296,"Nuts, brazilnuts, dried, unblanched",,Pähklid ja seemned,659,14.3,11.7,67.1,7.5,2.3,16.13,0.008,usda_sr_legacy
14297,"Nuts, butternuts, dried",,Pähklid ja seemned,612,24.9,12.1,57,4.7,,1.31,0.003,usda_sr_legacy
13890,"Nuts, cashew butter, plain, without salt added",,Pähklid ja seemned,587,17.6,27.6,49.4,2,,9.76,0.038,usda_sr_legacy
12425,"Nuts, cashew butter, plain, with salt added",,Pähklid ja seemned,609,12.1,30.3,53,3,9.1,10.61,0.738,usda_sr_legacy
14298,"Nuts, cashew nuts, dry roasted, without salt added",,Pähklid ja seemned,574,15.3,32.7,46.4,3,5,9.16,0.04,usda_sr_legacy
13201,"Nuts, cashew nuts, dry roasted, with salt added",,Pähklid ja seemned,574,15.3,32.7,46.4,3,5,9.16,1.6,usda_sr_legacy
14299,"Nuts, cashew nuts, oil roasted, without salt added",,Pähklid ja seemned,580,16.8,29.9,47.8,3.3,5,8.48,0.033,usda_sr_legacy
13202,"Nuts, cashew nuts, oil roasted, with salt added",,Pähklid ja seemned,581,16.8,30.2,47.8,3.3,5,8.48,0.77,usda_sr_legacy
13889,"Nuts, cashew nuts, raw",,Pähklid ja seemned,553,18.2,30.2,43.9,3.3,5.9,7.78,0.03,usda_sr_legacy
13893,"Nuts, chestnuts, chinese, boiled and steamed",,Pähklid ja seemned,153,2.9,33.6,0.8,0,,0.11,0.005,usda_sr_legacy
13892,"Nuts, chestnuts, chinese, dried",,Pähklid ja seemned,363,6.8,79.8,1.8,0,,0.27,0.013,usda_sr_legacy
13891,"Nuts, chestnuts, chinese, raw",,Pähklid ja seemned,224,4.2,49.1,1.1,0,,0.16,0.008,usda_sr_legacy
14300,"Nuts, chestnuts, chinese, roasted",,Pähklid ja seemned,239,4.5,52.4,1.2,0,,0.18,0.01,usda_sr_legacy
13895,"Nuts, chestnuts, european, boiled and steamed",,Pähklid ja seemned,131,2,27.8,1.4,0,,0.26,0.068,usda_sr_legacy
13894,"Nuts, chestnuts, european, dried, peeled",,Pähklid ja seemned,369,5,78.4,3.9,0,,0.74,0.093,usda_sr_legacy
14303,"Nuts, chestnuts, european, dried, unpeeled",,Pähklid ja seemned,374,6.4,77.3,4.5,11.7,,0.84,0.093,usda_sr_legacy
14302,"Nuts, chestnuts, european, raw, peeled",,Pähklid ja seemned,196,1.6,44.2,1.3,0,,0.24,0.005,usda_sr_legacy
14301,"Nuts, chestnuts, european, raw, unpeeled",,Pähklid ja seemned,213,2.4,45.5,2.3,8.1,,0.43,0.008,usda_sr_legacy
13917,"Nuts, chestnuts, european, roasted",,Pähklid ja seemned,245,3.2,53,2.2,5.1,10.6,0.41,0.005,usda_sr_legacy
12417,"Nuts, chestnuts, japanese, boiled and steamed",,Pähklid ja seemned,56,0.8,12.6,0.2,0,,0.03,0.013,usda_sr_legacy
13188,"Nuts, chestnuts, japanese, dried",,Pähklid ja seemned,360,5.3,81.4,1.2,0,,0.18,0.085,usda_sr_legacy
13193,"Nuts, chestnuts, japanese, raw",,Pähklid ja seemned,154,2.3,34.9,0.5,0,,0.08,0.035,usda_sr_legacy
12418,"Nuts, chestnuts, japanese, roasted",,Pähklid ja seemned,201,3,45.1,0.8,0,,0.12,0.048,usda_sr_legacy
13898,"Nuts, coconut cream, canned, sweetened",,Pähklid ja seemned,357,1.2,53.2,16.3,0.2,51.5,15.47,0.09,usda_sr_legacy
14307,"Nuts, coconut cream, raw (liquid expressed from grated meat)",,Pähklid ja seemned,330,3.6,6.7,34.7,2.2,,30.75,0.01,usda_sr_legacy
12413,"Nuts, coconut meat, dried (desiccated), creamed",,Pähklid ja seemned,684,5.3,21.5,69.1,0,,61.26,0.093,usda_sr_legacy
13897,"Nuts, coconut meat, dried (desiccated), not sweetened",,Pähklid ja seemned,660,6.9,23.7,64.5,16.3,7.4,57.22,0.093,usda_sr_legacy
14305,"Nuts, coconut meat, dried (desiccated), sweetened, flaked",,Pähklid ja seemned,443,3.4,40.9,31.7,4.5,,28.1,0.05,usda_sr_legacy
14304,"Nuts, coconut meat, dried (desiccated), sweetened, flaked",,Pähklid ja seemned,456,3.1,51.9,28,9.9,36.8,26.4,0.713,usda_sr_legacy
12414,"Nuts, coconut meat, dried (desiccated), sweetened, shredded",,Pähklid ja seemned,501,2.9,47.7,35.5,4.5,43.2,31.47,0.655,usda_sr_legacy
14306,"Nuts, coconut meat, dried (desiccated), toasted",,Pähklid ja seemned,592,5.3,44.4,47,0,,41.68,0.093,usda_sr_legacy
13896,"Nuts, coconut meat, raw",,Pähklid ja seemned,354,3.3,15.2,33.5,9,6.2,29.7,0.05,usda_sr_legacy
13900,"Nuts, coconut milk, canned (liquid expressed from grated meat and water)",,Pähklid ja seemned,197,2,2.8,21.3,0,,18.92,0.033,usda_sr_legacy
13189,"Nuts, coconut milk, frozen (liquid expressed from grated meat and water)",,Pähklid ja seemned,202,1.6,5.6,20.8,0,,18.45,0.03,usda_sr_legacy
13899,"Nuts, coconut milk, raw (liquid expressed from grated meat and water)",,Pähklid ja seemned,230,2.3,5.5,23.8,2.2,3.3,21.14,0.038,usda_sr_legacy
13901,"Nuts, coconut water (liquid from coconuts)",,Pähklid ja seemned,19,0.7,3.7,0.2,1.1,2.6,0.18,0.263,usda_sr_legacy
13191,"Nuts, formulated, wheat-based, all flavors except macadamia, without salt",,Pähklid ja seemned,647,13.1,20.8,62.3,5.2,,9.37,0.228,usda_sr_legacy
13907,"Nuts, formulated, wheat-based, unflavored, with salt added",,Pähklid ja seemned,622,13.8,23.7,57.7,5.2,,8.7,1.263,usda_sr_legacy
13903,"Nuts, ginkgo nuts, canned",,Pähklid ja seemned,111,2.3,22.1,1.6,9.3,,0.31,0.768,usda_sr_legacy
13902,"Nuts, ginkgo nuts, dried",,Pähklid ja seemned,348,10.4,72.5,2,0,,0.38,0.033,usda_sr_legacy
14311,"Nuts, ginkgo nuts, raw",,Pähklid ja seemned,182,4.3,37.6,1.7,0,,0.32,0.018,usda_sr_legacy
14308,"Nuts, hazelnuts or filberts",,Pähklid ja seemned,628,15,16.7,60.8,9.7,4.3,4.46,0,usda_sr_legacy
14309,"Nuts, hazelnuts or filberts, blanched",,Pähklid ja seemned,629,13.7,17,61.2,11,3.5,4.67,0,usda_sr_legacy
14310,"Nuts, hazelnuts or filberts, dry roasted, without salt added",,Pähklid ja seemned,646,15,17.6,62.4,9.4,4.9,4.51,0,usda_sr_legacy
13904,"Nuts, hickorynuts, dried",,Pähklid ja seemned,657,12.7,18.3,64.4,6.4,,7.04,0.003,usda_sr_legacy
13906,"Nuts, macadamia nuts, dry roasted, without salt added",,Pähklid ja seemned,718,7.8,13.4,76.1,8,4.1,11.95,0.01,usda_sr_legacy
12426,"Nuts, macadamia nuts, dry roasted, with salt added",,Pähklid ja seemned,716,7.8,12.8,76.1,8,4.1,11.95,0.883,usda_sr_legacy
13905,"Nuts, macadamia nuts, raw",,Pähklid ja seemned,718,7.9,13.8,75.8,8.6,4.6,12.06,0.013,usda_sr_legacy
13908,"Nuts, mixed nuts, dry roasted, with peanuts, salt added",,Pähklid ja seemned,608,18,24.6,53.2,7.1,3.9,7.02,0.283,usda_sr_legacy
14313,"Nuts, mixed nuts, dry roasted, with peanuts, salt added",,Pähklid ja seemned,572,23.3,23.1,47.5,8.1,4.5,6.71,0.58,usda_sr_legacy
14312,"Nuts, mixed nuts, dry roasted, with peanuts, without salt added",,Pähklid ja seemned,607,19.5,22.4,53.5,6.4,5,8.01,0.01,usda_sr_legacy
12427,"Nuts, mixed nuts, dry roasted, with peanuts, with salt added",,Pähklid ja seemned,594,17.3,25.4,51.5,9,4.8,6.5,0.863,usda_sr_legacy
13208,"Nuts, mixed nuts, oil roasted, without peanuts, lightly salted",,Pähklid ja seemned,607,17.9,25,50,7.1,5.2,7.14,0.358,usda_sr_legacy
14315,"Nuts, mixed nuts, oil roasted, without peanuts, without salt added",,Pähklid ja seemned,615,15.5,22.3,56.2,5.5,,9.09,0.028,usda_sr_legacy
13203,"Nuts, mixed nuts, oil roasted, without peanuts, with salt added",,Pähklid ja seemned,615,15.5,22.3,56.2,5.5,4.4,9.09,0.765,usda_sr_legacy
13207,"Nuts, mixed nuts, oil roasted, with peanuts, lightly salted",,Pähklid ja seemned,607,20,21.1,54,7,4.2,8.71,0.403,usda_sr_legacy
14314,"Nuts, mixed nuts, oil roasted, with peanuts, without salt added",,Pähklid ja seemned,607,20,21.1,54,7,4.2,8.71,0.013,usda_sr_legacy
12428,"Nuts, mixed nuts, oil roasted, with peanuts, with salt added",,Pähklid ja seemned,607,20,21.1,54,7,4.2,8.71,0.683,usda_sr_legacy
13909,"Nuts, pecans",,Pähklid ja seemned,691,9.2,13.9,72,9.6,4,6.18,0,usda_sr_legacy
13910,"Nuts, pecans, dry roasted, without salt added",,Pähklid ja seemned,710,9.5,13.6,74.3,9.4,4.1,6.28,0.003,usda_sr_legacy
13204,"Nuts, pecans, dry roasted, with salt added",,Pähklid ja seemned,710,9.5,13.6,74.3,9.4,4.1,6.28,0.958,usda_sr_legacy
14316,"Nuts, pecans, oil roasted, without salt added",,Pähklid ja seemned,715,9.2,13,75.2,9.5,4,7.24,0.003,usda_sr_legacy
13205,"Nuts, pecans, oil roasted, with salt added",,Pähklid ja seemned,715,9.2,13,75.2,9.5,4,7.24,0.983,usda_sr_legacy
14317,"Nuts, pilinuts, dried",,Pähklid ja seemned,719,10.8,4,79.6,0,,31.18,0.008,usda_sr_legacy
14318,"Nuts, pine nuts, dried",,Pähklid ja seemned,673,13.7,13.1,68.4,3.7,3.6,4.9,0.005,usda_sr_legacy
14319,"Nuts, pine nuts, pinyon, dried",,Pähklid ja seemned,629,11.6,19.3,61,10.7,,9.38,0.18,usda_sr_legacy
13912,"Nuts, pistachio nuts, dry roasted, without salt added",,Pähklid ja seemned,572,21.1,28.3,45.8,10.3,7.7,5.65,0.015,usda_sr_legacy
13206,"Nuts, pistachio nuts, dry roasted, with salt added",,Pähklid ja seemned,569,21.1,27.6,45.8,10.3,7.7,5.65,1.07,usda_sr_legacy
13911,"Nuts, pistachio nuts, raw",,Pähklid ja seemned,560,20.2,27.2,45.3,10.6,7.7,5.91,0.003,usda_sr_legacy
13913,"Nuts, walnuts, black, dried",,Pähklid ja seemned,619,24.1,9.6,59.3,6.8,1.1,3.48,0.005,usda_sr_legacy
14321,"Nuts, walnuts, dry roasted, with salt added",,Pähklid ja seemned,643,14.3,17.9,60.7,7.1,3.6,5.36,1.608,usda_sr_legacy
13914,"Nuts, walnuts, english",,Pähklid ja seemned,654,15.2,13.7,65.2,6.7,2.6,6.13,0.005,usda_sr_legacy
14320,"Nuts, walnuts, glazed",,Pähklid ja seemned,500,8.3,47.6,35.7,3.6,32.1,3.57,1.115,usda_sr_legacy
438,Peanut,,Pähklid ja seemned,567,25.8,16.1,49.2,8.5,0,,,
445,Peanut butter (crunchy),,Pähklid ja seemned,587,24.1,21,49.9,6.5,0,,,
444,Peanut butter (smooth),,Pähklid ja seemned,588,25,20.1,50.4,6,0,,,
451,Peanut butter (unsalted),,Pähklid ja seemned,588,25,20.1,50.4,6,0,,,
431,Pecan,,Pähklid ja seemned,691,9.2,13.9,72,9.6,0,,,
436,Pine nut,,Pähklid ja seemned,673,13.7,13.1,68.4,3.7,0,,,
432,Pistachio,,Pähklid ja seemned,562,20.2,27.7,45.4,10.3,0,,,
442,Pistachio (salted),,Pähklid ja seemned,568,20,27.7,45.8,10.3,0,,,
458,Poppy seeds,,Pähklid ja seemned,525,17.9,28.1,41.6,19.5,0,,,
470,Praline,,Pähklid ja seemned,489,8,58,26,3.5,0,,,
461,Psyllium husk,,Pähklid ja seemned,200,3,80,1,78,0,,,
453,Pumpkin seeds (pepitas),,Pähklid ja seemned,559,30.2,10.7,49.1,6,0,,,
463,Roasted pumpkin seeds,,Pähklid ja seemned,574,29.8,14.7,47.4,5.5,0,,,
462,Roasted sunflower seeds,,Pähklid ja seemned,589,20.3,19.8,52,8.4,0,,,
13872,"Seeds, breadfruit seeds, boiled",,Pähklid ja seemned,168,5.3,32,2.3,4.8,,0.62,0.058,usda_sr_legacy
13871,"Seeds, breadfruit seeds, raw",,Pähklid ja seemned,191,7.4,29.2,5.6,5.2,,1.51,0.063,usda_sr_legacy
14322,"Seeds, breadfruit seeds, roasted",,Pähklid ja seemned,207,6.2,40.1,2.7,6,,0.73,0.07,usda_sr_legacy
14280,"Seeds, breadnut tree seeds, dried",,Pähklid ja seemned,367,8.6,79.4,1.7,14.9,,0.45,0.133,usda_sr_legacy
14279,"Seeds, breadnut tree seeds, raw",,Pähklid ja seemned,217,6,46.3,1,0,,0.27,0.078,usda_sr_legacy
14281,"Seeds, chia seeds, dried",,Pähklid ja seemned,486,16.5,42.1,30.7,34.4,,3.33,0.04,usda_sr_legacy
13873,"Seeds, cottonseed flour, low fat (glandless)",,Pähklid ja seemned,332,49.8,36.1,1.4,0,,0.31,0.088,usda_sr_legacy
14282,"Seeds, cottonseed flour, partially defatted (glandless)",,Pähklid ja seemned,359,41,40.5,6.2,3,,1.59,0.088,usda_sr_legacy
14323,"Seeds, cottonseed kernels, roasted (glandless)",,Pähklid ja seemned,506,32.6,21.9,36.3,5.5,,9.7,0.063,usda_sr_legacy
13874,"Seeds, cottonseed meal, partially defatted (glandless)",,Pähklid ja seemned,367,49.1,38.4,4.8,0,,1.21,0.093,usda_sr_legacy
13194,"Seeds, flaxseed",,Pähklid ja seemned,534,18.3,28.9,42.2,27.3,1.6,3.66,0.075,usda_sr_legacy
13875,"Seeds, hemp seed, hulled",,Pähklid ja seemned,553,31.6,8.7,48.8,4,1.5,4.6,0.013,usda_sr_legacy
13876,"Seeds, lotus seeds, dried",,Pähklid ja seemned,332,15.4,64.5,2,0,,0.33,0.013,usda_sr_legacy
12419,"Seeds, lotus seeds, raw",,Pähklid ja seemned,89,4.1,17.3,0.5,0,,0.09,0.003,usda_sr_legacy
14283,"Seeds, pumpkin and squash seed kernels, dried",,Pähklid ja seemned,559,30.2,10.7,49.1,6,1.4,8.66,0.018,usda_sr_legacy
14284,"Seeds, pumpkin and squash seed kernels, roasted, without salt",,Pähklid ja seemned,574,29.8,14.7,49.1,6.5,1.3,8.54,0.045,usda_sr_legacy
13195,"Seeds, pumpkin and squash seed kernels, roasted, with salt added",,Pähklid ja seemned,574,29.8,14.7,49.1,6.5,1.3,8.54,0.64,usda_sr_legacy
13915,"Seeds, pumpkin and squash seeds, whole, roasted, without salt",,Pähklid ja seemned,446,18.6,53.8,19.4,18.4,,3.67,0.045,usda_sr_legacy
12429,"Seeds, pumpkin and squash seeds, whole, roasted, with salt added",,Pähklid ja seemned,446,18.6,53.8,19.4,18.4,,3.67,6.353,usda_sr_legacy
14285,"Seeds, safflower seed kernels, dried",,Pähklid ja seemned,517,16.2,34.3,38.5,0,,3.68,0.008,usda_sr_legacy
14286,"Seeds, safflower seed meal, partially defatted",,Pähklid ja seemned,342,35.6,48.7,2.4,0,,0.21,0.008,usda_sr_legacy
13918,"Seeds, sesame butter, paste",,Pähklid ja seemned,586,18.1,24.1,50.9,5.5,,7.12,0.03,usda_sr_legacy
13190,"Seeds, sesame butter, tahini, from raw and stone ground kernels",,Pähklid ja seemned,570,17.8,26.2,48,9.3,,6.72,0.185,usda_sr_legacy
13916,"Seeds, sesame butter, tahini, from roasted and toasted kernels (most common type)",,Pähklid ja seemned,595,17,21.2,53.8,9.3,0.5,7.53,0.288,usda_sr_legacy
13186,"Seeds, sesame butter, tahini, from unroasted kernels (non-chemically removed seed coat)",,Pähklid ja seemned,607,18,17.9,56.4,9.3,,7.9,0.003,usda_sr_legacy
12432,"Seeds, sesame butter, tahini, type of kernels unspecified",,Pähklid ja seemned,592,17.4,21.5,53,4.7,,7.42,0.088,usda_sr_legacy
13919,"Seeds, sesame flour, high-fat",,Pähklid ja seemned,526,30.8,26.6,37.1,0,,5.2,0.103,usda_sr_legacy
14287,"Seeds, sesame flour, low-fat",,Pähklid ja seemned,333,50.1,35.5,1.8,0,,0.2,0.098,usda_sr_legacy
13880,"Seeds, sesame flour, partially defatted",,Pähklid ja seemned,382,40.3,35.1,11.9,0,,1.63,0.103,usda_sr_legacy
14288,"Seeds, sesame meal, partially defatted",,Pähklid ja seemned,567,17,26,48,0,,6.72,0.098,usda_sr_legacy
13192,"Seeds, sesame seed kernels, dried (decorticated)",,Pähklid ja seemned,631,20.5,11.7,61.2,11.6,0.5,9.06,0.118,usda_sr_legacy
13879,"Seeds, sesame seed kernels, toasted, without salt added (decorticated)",,Pähklid ja seemned,567,17,26,48,16.9,0.5,6.72,0.098,usda_sr_legacy
13196,"Seeds, sesame seed kernels, toasted, with salt added (decorticated)",,Pähklid ja seemned,567,17,26,48,16.9,0.5,6.72,1.47,usda_sr_legacy
13877,"Seeds, sesame seeds, whole, dried",,Pähklid ja seemned,573,17.7,23.5,49.7,11.8,0.3,6.96,0.028,usda_sr_legacy
13878,"Seeds, sesame seeds, whole, roasted and toasted",,Pähklid ja seemned,565,17,25.7,48,14,,6.72,0.028,usda_sr_legacy
12415,"Seeds, sisymbrium sp. seeds, whole, dried",,Pähklid ja seemned,318,12.1,58.3,4.6,0,,0.9,0.23,usda_sr_legacy
13882,"Seeds, sunflower seed butter, without salt",,Pähklid ja seemned,617,17.3,23.3,55.2,5.7,10.5,4.68,0.008,usda_sr_legacy
12423,"Seeds, sunflower seed butter, with salt added",,Pähklid ja seemned,617,17.3,23.3,55.2,5.7,10.5,4.68,0.828,usda_sr_legacy
13883,"Seeds, sunflower seed flour, partially defatted",,Pähklid ja seemned,326,48.1,35.8,1.6,5.2,,0.14,0.008,usda_sr_legacy
14289,"Seeds, sunflower seed kernels, dried",,Pähklid ja seemned,584,20.8,20,51.5,8.6,2.6,4.46,0.023,usda_sr_legacy
14290,"Seeds, sunflower seed kernels, dry roasted, without salt",,Pähklid ja seemned,582,19.3,24.1,49.8,11.1,2.7,5.22,0.008,usda_sr_legacy
13198,"Seeds, sunflower seed kernels, dry roasted, with salt added",,Pähklid ja seemned,582,19.3,24.1,49.8,9,2.7,5.22,1.638,usda_sr_legacy
13197,"Seeds, sunflower seed kernels from shell, dry roasted, with salt added",,Pähklid ja seemned,546,19.3,15.3,49.8,9,2.7,5.22,15.02,usda_sr_legacy
14291,"Seeds, sunflower seed kernels, oil roasted, without salt",,Pähklid ja seemned,592,20.1,22.9,51.3,10.6,3.1,7.07,0.008,usda_sr_legacy
12421,"Seeds, sunflower seed kernels, oil roasted, with salt added",,Pähklid ja seemned,592,20.1,22.9,51.3,10.6,3.1,7.07,0.758,usda_sr_legacy
13881,"Seeds, sunflower seed kernels, toasted, without salt",,Pähklid ja seemned,619,17.2,20.6,56.8,11.5,,5.95,0.008,usda_sr_legacy
12422,"Seeds, sunflower seed kernels, toasted, with salt added",,Pähklid ja seemned,619,17.2,20.6,56.8,11.5,,5.95,1.533,usda_sr_legacy
13187,"Seeds, watermelon seed kernels, dried",,Pähklid ja seemned,557,28.3,15.3,47.4,0,,9.78,0.248,usda_sr_legacy
456,Sesame seeds,,Pähklid ja seemned,573,17.7,23.5,49.7,11.8,0,,,
472,Spiced nuts,,Pähklid ja seemned,568,15.5,22.5,50,6,0,,,
450,Sunflower seed butter,,Pähklid ja seemned,617,20,18.9,54,8.5,0,,,
452,Sunflower seeds,,Pähklid ja seemned,584,20.8,20,51.5,8.6,0,,,
449,Tahini,,Pähklid ja seemned,595,17,21.2,53.8,9.3,0,,,
468,Trail mix,,Pähklid ja seemned,462,11,49,26,5.8,0,,,
429,Walnut,,Pähklid ja seemned,654,15.2,13.7,65.2,6.7,0,,,
15860,"Animal fat, bacon grease",,Rasvad ja õlid,897,0,0,99.5,0,0,39,0.375,usda_sr_legacy
533,Avocado oil,,Rasvad ja õlid,884,0,0,100,0,0,,,
15859,"Butter, light, stick, without salt",,Rasvad ja õlid,499,3.3,0,55.1,0,0,34.32,0.09,usda_sr_legacy
17003,"Butter, light, stick, with salt",,Rasvad ja õlid,499,3.3,0,55.1,0,0,34.32,1.125,usda_sr_legacy
13621,"Butter replacement, without fat, powder",,Rasvad ja õlid,373,2,89,1,0,5.3,0.59,3,usda_sr_legacy
530,Canola / rapeseed oil,,Rasvad ja õlid,884,0,0,100,0,0,,,
532,Coconut oil,,Rasvad ja õlid,862,0,0,100,0,0,,,
539,Corn oil,,Rasvad ja õlid,884,0,0,100,0,0,,,
11574,"Creamy dressing, made with sour cream and/or buttermilk and oil, reduced calorie",,Rasvad ja õlid,160,1.5,7,14,0,5.7,2.12,2.083,usda_sr_legacy
11934,"Creamy dressing, made with sour cream and/or buttermilk and oil, reduced calorie, cholesterol-free",,Rasvad ja õlid,140,1,16,8,0,3.3,1.36,2.33,usda_sr_legacy
11933,"Creamy dressing, made with sour cream and/or buttermilk and oil, reduced calorie, fat-free",,Rasvad ja õlid,107,1.4,20,2.7,0,5.4,0.49,2.243,usda_sr_legacy
14710,"Dressing, honey mustard, fat-free",,Rasvad ja õlid,169,1.1,38.4,1.5,1.2,17.8,0.35,2.51,usda_sr_legacy
14998,"Fat, beef tallow",,Rasvad ja õlid,902,0,0,100,0,0,49.8,0,usda_sr_legacy
16986,"Fat, chicken",,Rasvad ja õlid,900,0,0,99.8,0,0,29.8,0,usda_sr_legacy
16994,"Fat, goose",,Rasvad ja õlid,900,0,0,99.8,0,,27.7,0,usda_sr_legacy
16993,"Fat, turkey",,Rasvad ja õlid,900,0,0,99.8,0,0,29.4,0,usda_sr_legacy
16999,"Fish oil, cod liver",,Rasvad ja õlid,902,0,0,100,0,,22.61,0,usda_sr_legacy
15855,"Fish oil, herring",,Rasvad ja õlid,902,0,0,100,0,,21.29,0,usda_sr_legacy
15856,"Fish oil, menhaden",,Rasvad ja õlid,902,0,0,100,0,,30.43,0,usda_sr_legacy
15857,"Fish oil, menhaden, fully hydrogenated",,Rasvad ja õlid,902,0,0,100,0,,95.6,0,usda_sr_legacy
15858,"Fish oil, salmon",,Rasvad ja õlid,902,0,0,100,0,,19.87,0,usda_sr_legacy
17000,"Fish oil, sardine",,Rasvad ja õlid,902,0,0,100,0,,29.89,0,usda_sr_legacy
537,Flaxseed oil,,Rasvad ja õlid,884,0,0,100,0,0,,,
538,Grapeseed oil,,Rasvad ja õlid,884,0,0,100,0,0,,,
14999,Lard,,Rasvad ja õlid,902,0,0,100,0,0,39.2,0,usda_sr_legacy
17007,"Margarine, 80% fat, composite, stick, without salt",,Rasvad ja õlid,717,0.2,0.7,80.7,0,0,15.19,0.005,usda_sr_legacy
14704,"Margarine, 80% fat, composite, stick, without salt",,Rasvad ja õlid,717,0.2,0.7,80.7,0,0,15.19,0.005,usda_sr_legacy
15033,"Margarine, 80% fat, composite, stick, with salt",,Rasvad ja õlid,717,0.2,0.7,80.7,0,0,15.19,1.878,usda_sr_legacy
15861,"Margarine, 80% fat, composite, stick, with salt",,Rasvad ja õlid,717,0.2,0.7,80.7,0,0,15.19,1.878,usda_sr_legacy
15864,"Margarine, 80% fat, composite, tub, without salt",,Rasvad ja õlid,713,0.2,0.8,80.2,0,0,14.22,0.07,usda_sr_legacy
15862,"Margarine, 80% fat, composite, tub, with salt",,Rasvad ja õlid,713,0.2,0.8,80.2,0,0,14.22,1.643,usda_sr_legacy
15034,"Margarine, 80% fat, composite, tub, with salt",,Rasvad ja õlid,713,0.2,0.8,80.2,0,0,14.22,1.643,usda_sr_legacy
17009,"Margarine, 80% fat, stick",,Rasvad ja õlid,717,0.2,0.7,80.7,0,,15.19,1.635,usda_sr_legacy
15030,"Margarine, 80% fat, tub, CANOLA HARVEST Soft Spread (canola, palm and palm kernel oils)",,Rasvad ja õlid,730,0.4,1.4,80.3,0,,11.65,1.785,usda_sr_legacy
14682,"Margarine, hard, soybean (hydrogenated)",,Rasvad ja õlid,719,0.9,0.9,80.5,0,0,16.7,2.358,usda_sr_legacy
12833,"Margarine-like, butter-margarine blend, 80% fat, stick, without salt",,Rasvad ja õlid,718,0.9,0.6,80.7,0,0,26.9,0.07,usda_sr_legacy
15854,"Margarine-like, margarine-butter blend, soybean oil and butter",,Rasvad ja õlid,727,0.3,0.8,80.3,0,0,14.2,1.798,usda_sr_legacy
17021,"Margarine-like shortening, soy (partially hydrogenated), cottonseed, and soy, principal use flaky pastries",,Rasvad ja õlid,628,0,0,71,0,0,22.87,2.16,usda_sr_legacy
14699,"Margarine-like spread, BENECOL Light Spread",,Rasvad ja õlid,357,0,5.7,38.7,0,,4.77,1.675,usda_sr_legacy
15887,"Margarine-like spread, SMART BALANCE Light Buttery Spread",,Rasvad ja õlid,337,0,2,36.4,0,,10.09,1.45,usda_sr_legacy
17032,"Margarine-like spread, SMART BALANCE Omega Plus Spread (with plant sterols & fish oil)",,Rasvad ja õlid,605,0.1,0.2,71,0,0,19.83,1.823,usda_sr_legacy
15886,"Margarine-like spread, SMART BALANCE Regular Buttery Spread with flax oil",,Rasvad ja õlid,583,0.1,0.1,64.6,0,0,16.69,1.615,usda_sr_legacy
17031,"Margarine-like spread, SMART BEAT Smart Squeeze",,Rasvad ja õlid,47,0,7.1,2.1,0,1,0.31,2.073,usda_sr_legacy
17030,"Margarine-like spread, SMART BEAT Super Light without saturated fat",,Rasvad ja õlid,158,0,0,17.1,0,0,2.22,1.888,usda_sr_legacy
15867,"Margarine-like spread with yogurt, 70% fat, stick, with salt",,Rasvad ja õlid,630,0.3,0.5,70,0,0,13.3,1.475,usda_sr_legacy
17008,"Margarine-like spread with yogurt, approximately 40% fat, tub, with salt",,Rasvad ja õlid,330,2,2,35,0,0,7,1.575,usda_sr_legacy
12834,"Margarine-like, vegetable oil-butter spread, reduced calorie, tub, with salt",,Rasvad ja õlid,450,1,1,50,0,0,16.67,1.518,usda_sr_legacy
17002,"Margarine-like, vegetable oil-butter spread, tub, with salt",,Rasvad ja õlid,362,1,1,40,0,0,7.24,1.965,usda_sr_legacy
15870,"Margarine-like, vegetable oil spread, 20% fat, without salt",,Rasvad ja õlid,175,0,0.4,19.5,0,0,2.87,0,usda_sr_legacy
15869,"Margarine-like, vegetable oil spread, 20% fat, with salt",,Rasvad ja õlid,175,0,0.4,19.5,0,0,2.87,1.833,usda_sr_legacy
14705,"Margarine-like, vegetable oil spread, 60% fat, stick/tub/bottle, without salt",,Rasvad ja õlid,542,0.2,0.9,59.8,0,0,12.09,0.005,usda_sr_legacy
15865,"Margarine-like, vegetable oil spread, 60% fat, stick/tub/bottle, without salt",,Rasvad ja õlid,533,0.2,0.9,59.8,0,0,12.09,0.005,usda_sr_legacy
17005,"Margarine-like, vegetable oil spread, 60% fat, stick/tub/bottle, with salt",,Rasvad ja õlid,526,0.6,0,59.2,0,0,10.04,1.75,usda_sr_legacy
15035,"Margarine-like, vegetable oil spread, 60% fat, stick, with salt",,Rasvad ja õlid,537,0.1,0.7,60.4,0,0,10.88,1.963,usda_sr_legacy
15863,"Margarine-like, vegetable oil spread, 60% fat, stick, with salt",,Rasvad ja õlid,537,0.1,0.7,60.4,0,0,10.88,1.963,usda_sr_legacy
17004,"Margarine-like, vegetable oil spread, 60% fat, tub, with salt",,Rasvad ja õlid,533,0.2,0.9,59.8,0,0,12.09,1.538,usda_sr_legacy
14702,"Margarine-like, vegetable oil spread, 60% fat, tub, with salt",,Rasvad ja õlid,533,0.2,0.9,59.8,0,0,12.09,1.963,usda_sr_legacy
15032,"Margarine-like, vegetable oil spread, approximately 37% fat, with salt, with added vitamin D",,Rasvad ja õlid,339,0.5,0.7,37.8,0,0,8.64,1.473,usda_sr_legacy
15866,"Margarine-like, vegetable oil spread, fat free, liquid, with salt",,Rasvad ja õlid,43,1.5,2.5,3,0,0,0.42,2.083,usda_sr_legacy
15868,"Margarine-like, vegetable oil spread, fat-free, tub",,Rasvad ja õlid,44,0.1,4.3,3,0,0,2.13,1.45,usda_sr_legacy
13594,"Margarine-like, vegetable oil spread, stick or tub, sweetened",,Rasvad ja õlid,534,0,16.7,52,0,16.7,8.35,1.355,usda_sr_legacy
14703,"Margarine-like vegetable-oil spread, stick/tub/bottle, 60% fat, with added vitamin D",,Rasvad ja õlid,535,0.6,0,59.2,0,0,10.04,1.963,usda_sr_legacy
15029,"Margarine, margarine-like vegetable oil spread, 67-70% fat, tub",,Rasvad ja õlid,606,0.1,0.6,68.3,0,,16.69,1.34,usda_sr_legacy
17010,"Margarine, margarine-type vegetable oil spread, 70% fat, soybean and partially hydrogenated soybean, stick",,Rasvad ja õlid,628,0.3,1.5,70.2,0,,13.63,1.75,usda_sr_legacy
17027,"Margarine, non-dairy, cottonseed, soy oil (partially hydrogenated ), for flaky pastries",,Rasvad ja õlid,714,1.9,0,80.2,0,0,20.44,2.198,usda_sr_legacy
15884,"Margarine, soy and partially hydrogenated soy oil, use for baking, sauces and candy",,Rasvad ja õlid,714,0.2,0.7,80,0,0,16.32,2.215,usda_sr_legacy
15013,"Margarine, spread, 35-39% fat, tub",,Rasvad ja õlid,349,0.2,1.5,38,0,0,8.66,1.46,usda_sr_legacy
17011,"Margarine Spread, 40-49% fat, tub",,Rasvad ja õlid,401,0.3,0,44.5,0,,11.06,1.79,usda_sr_legacy
11617,"Mayonnaise dressing, no cholesterol",,Rasvad ja õlid,688,0,0.3,77.8,0,0.3,10.78,1.215,usda_sr_legacy
11949,"Mayonnaise, low sodium, low calorie or diet",,Rasvad ja õlid,231,0.3,16,19.2,0,4.2,3.3,0.275,usda_sr_legacy
11584,"Mayonnaise, made with tofu",,Rasvad ja õlid,322,6,3.1,31.8,1.1,0.9,2.92,1.933,usda_sr_legacy
11928,"Mayonnaise, reduced-calorie or diet, cholesterol-free",,Rasvad ja õlid,333,0.9,6.7,33.3,0,4.2,4.62,1.833,usda_sr_legacy
15041,"Mayonnaise, reduced fat, with olive oil",,Rasvad ja õlid,361,0.4,0,40,0,0,5.37,2,usda_sr_legacy
14695,"Oil, almond",,Rasvad ja õlid,884,0,0,100,0,0,8.2,0,usda_sr_legacy
14696,"Oil, apricot kernel",,Rasvad ja õlid,884,0,0,100,0,0,6.3,0,usda_sr_legacy
16995,"Oil, avocado",,Rasvad ja õlid,884,0,0,100,0,,11.56,0,usda_sr_legacy
15026,"Oil, babassu",,Rasvad ja õlid,884,0,0,100,0,0,81.2,0,usda_sr_legacy
15851,"Oil, canola",,Rasvad ja õlid,884,0,0,100,0,0,7.37,0,usda_sr_legacy
15874,"Oil, canola for salads, woks and light frying",,Rasvad ja õlid,884,0,0,100,0,0,7.76,0,usda_sr_legacy
14706,"Oil, canola, high oleic",,Rasvad ja õlid,900,0,0,100,0,0,6.79,0,usda_sr_legacy
15875,"Oil, canola (partially hydrogenated) oil for deep fat frying",,Rasvad ja õlid,884,0,0,100,0,0,10.12,0,usda_sr_legacy
15873,"Oil, canola with antifoaming agent, principal uses salads, woks and light frying",,Rasvad ja õlid,884,0,0,100,0,0,7.62,0,usda_sr_legacy
15019,"Oil, cocoa butter",,Rasvad ja õlid,884,0,0,100,0,0,59.7,0,usda_sr_legacy
15010,"Oil, coconut",,Rasvad ja õlid,892,0,0,99.1,0,0,82.48,0,usda_sr_legacy
15880,"Oil, coconut, confection fat, typical basis for ice cream coatings",,Rasvad ja õlid,884,0,0,100,0,0,86.5,0.013,usda_sr_legacy
15882,"Oil, coconut (hydrogenated), used for whipped toppings and coffee whiteners",,Rasvad ja õlid,880,0,0,99.5,0,0,93.54,0.018,usda_sr_legacy
17017,"Oil, coconut, principal uses candy coatings, oil sprays, roasting nuts",,Rasvad ja õlid,884,0,0,100,0,0,86,0,usda_sr_legacy
15031,"Oil, cooking and salad, ENOVA, 80% diglycerides",,Rasvad ja õlid,884,0,0,100,0,,4.63,0,usda_sr_legacy
13599,"Oil, corn and canola",,Rasvad ja õlid,884,0,0,100,0,0,8.03,0,usda_sr_legacy
14693,"Oil, corn, industrial and retail, all purpose salad or cooking",,Rasvad ja õlid,900,0,0,100,0,0,12.95,0,usda_sr_legacy
11618,"Oil, corn, peanut, and olive",,Rasvad ja õlid,884,0,0,100,0,0,14.37,0,usda_sr_legacy
15039,"Oil, cottonseed, fully hydrogenated",,Rasvad ja õlid,884,0,0,100,0,0,93.61,0,usda_sr_legacy
14688,"Oil, cottonseed, salad or cooking",,Rasvad ja õlid,884,0,0,100,0,0,25.9,0,usda_sr_legacy
16985,"Oil, cupu assu",,Rasvad ja õlid,884,0,0,100,0,0,53.2,0,usda_sr_legacy
11591,"Oil, flaxseed, cold pressed",,Rasvad ja õlid,884,0.1,0,100,0,0,8.98,0,usda_sr_legacy
15040,"Oil, flaxseed, contains added sliced flaxseed",,Rasvad ja õlid,878,0.4,0.4,99,0,,9.05,0.015,usda_sr_legacy
14692,"Oil, grapeseed",,Rasvad ja õlid,884,0,0,100,0,0,9.6,0,usda_sr_legacy
15025,"Oil, hazelnut",,Rasvad ja õlid,884,0,0,100,0,0,7.4,0,usda_sr_legacy
15872,"Oil, mid-oleic, sunflower",,Rasvad ja õlid,884,0,0,100,0,0,9.01,0,usda_sr_legacy
15852,"Oil, mustard",,Rasvad ja õlid,884,0,0,100,0,,11.58,0,usda_sr_legacy
15850,"Oil, nutmeg butter",,Rasvad ja õlid,884,0,0,100,0,0,90,0,usda_sr_legacy
16998,"Oil, oat",,Rasvad ja õlid,884,0,0,100,0,0,19.62,0,usda_sr_legacy
15011,"Oil, olive, salad or cooking",,Rasvad ja õlid,884,0,0,100,0,0,13.81,0.005,usda_sr_legacy
14679,"Oil, palm",,Rasvad ja õlid,884,0,0,100,0,0,49.3,0,usda_sr_legacy
15883,"Oil, palm and palm kernel, filling fat (non-hydrogenated)",,Rasvad ja õlid,880,0,0,99.5,0,0,71.44,0.015,usda_sr_legacy
17022,"Oil, palm kernel, confection fat, uses similar to high quality cocoa butter",,Rasvad ja õlid,884,0,0,100,0,0,87.56,0.015,usda_sr_legacy
17024,"Oil, palm kernel (hydrogenated), confection fat, intermediate grade product",,Rasvad ja õlid,884,0,0,100,0,0,92.61,0.015,usda_sr_legacy
17023,"Oil, palm kernel (hydrogenated), confection fat, uses similar to 95 degree hard butter",,Rasvad ja õlid,884,0,0,100,0,0,93.7,0.015,usda_sr_legacy
17025,"Oil, palm kernel (hydrogenated), filling fat",,Rasvad ja õlid,884,0,0,100,0,0,88.21,0.015,usda_sr_legacy
15881,"Oil, palm kernel (hydrogenated), used for whipped toppings, non-dairy",,Rasvad ja õlid,884,0,0,100,0,0,88.97,0.015,usda_sr_legacy
15028,"Oil, PAM cooking spray, original",,Rasvad ja õlid,792,0.3,20.7,78.7,0,0,5.03,0.148,usda_sr_legacy
15008,"Oil, peanut, salad or cooking",,Rasvad ja õlid,884,0,0,100,0,0,16.9,0,usda_sr_legacy
15021,"Oil, poppyseed",,Rasvad ja õlid,884,0,0,100,0,0,13.5,0,usda_sr_legacy
14677,"Oil, rice bran",,Rasvad ja õlid,884,0,0,100,0,0,19.7,0,usda_sr_legacy
14691,"Oil, safflower, salad or cooking, high oleic (primary safflower oil of commerce)",,Rasvad ja õlid,884,0,0,100,0,0,7.54,0,usda_sr_legacy
14690,"Oil, safflower, salad or cooking, linoleic, (over 70%)",,Rasvad ja õlid,884,0,0,100,0,0,6.2,0,usda_sr_legacy
14680,"Oil, sesame, salad or cooking",,Rasvad ja õlid,884,0,0,100,0,0,14.2,0,usda_sr_legacy
15027,"Oil, sheanut",,Rasvad ja õlid,884,0,0,100,0,0,46.6,0,usda_sr_legacy
15024,"Oil, soybean lecithin",,Rasvad ja õlid,763,0,0,100,0,0,15.01,0,usda_sr_legacy
15009,"Oil, soybean, salad or cooking",,Rasvad ja õlid,884,0,0,100,0,0,15.65,0,usda_sr_legacy
14676,"Oil, soybean, salad or cooking, (partially hydrogenated)",,Rasvad ja õlid,884,0,0,100,0,0,14.9,0,usda_sr_legacy
16987,"Oil, soybean, salad or cooking, (partially hydrogenated) and cottonseed",,Rasvad ja õlid,884,0,0,100,0,0,18,0,usda_sr_legacy
15038,"Oil, soy, fully hydrogenated",,Rasvad ja õlid,884,0,0,100,0,0,93.97,0,usda_sr_legacy
15036,"Oil, soy, low linolenic",,Rasvad ja õlid,900,0,0,100,0,0,15.08,0,usda_sr_legacy
15877,"Oil, soy ( partially hydrogenated), all purpose",,Rasvad ja õlid,884,0,0,100,0,0,24.75,0,usda_sr_legacy
15879,"Oil, soy (partially hydrogenated)  and cottonseed, principal use as a tortilla shortening",,Rasvad ja õlid,884,0,0,100,0,0,25.88,0,usda_sr_legacy
15878,"Oil, soy (partially hydrogenated ) and soy (winterized), pourable clear fry",,Rasvad ja õlid,884,0,0,100,0,0,15.34,0,usda_sr_legacy
15876,"Oil, soy (partially hydrogenated), multiuse for non-dairy butter flavor",,Rasvad ja õlid,884,0,0,100,0,0,18.1,0,usda_sr_legacy
17026,"Oil, soy (partially hydrogenated ), palm, principal uses icings and fillings",,Rasvad ja õlid,884,0,0,100,0,0,28.42,0,usda_sr_legacy
17018,"Oil, soy (partially hydrogenated), principal uses popcorn and flavoring vegetables",,Rasvad ja õlid,884,0,0,100,0,0,17.68,0,usda_sr_legacy
17020,"Oil, soy, refined, for woks and light frying",,Rasvad ja õlid,884,0,0,100,0,0,15.34,0,usda_sr_legacy
15037,"Oil, soy, ultra low linolenic",,Rasvad ja õlid,884,0,0,100,0,0,14.85,0,usda_sr_legacy
15853,"Oil, sunflower, high oleic (70% and over)",,Rasvad ja õlid,884,0,0,100,0,0,9.86,0,usda_sr_legacy
14689,"Oil, sunflower, linoleic, (approx. 65%)",,Rasvad ja õlid,884,0,0,100,0,0,10.3,0,usda_sr_legacy
14681,"Oil, sunflower, linoleic (less than 60%)",,Rasvad ja õlid,884,0,0,100,0,0,10.1,0,usda_sr_legacy
15843,"Oil, sunflower, linoleic, (partially hydrogenated)",,Rasvad ja õlid,884,0,0,100,0,0,13,0,usda_sr_legacy
15023,"Oil, teaseed",,Rasvad ja õlid,884,0,0,100,0,0,21.1,0,usda_sr_legacy
15022,"Oil, tomatoseed",,Rasvad ja õlid,884,0,0,100,0,0,19.7,0,usda_sr_legacy
16992,"Oil, ucuhuba butter",,Rasvad ja õlid,884,0,0,100,0,0,85.2,0,usda_sr_legacy
14697,"Oil, vegetable, Natreon canola, high stability, non trans",,Rasvad ja õlid,884,0,0,100,0,0,6.51,0,usda_sr_legacy
15885,"Oil, vegetable, soybean, refined",,Rasvad ja õlid,884,0,0,100,0,0,15.25,0,usda_sr_legacy
14694,"Oil, walnut",,Rasvad ja õlid,884,0,0,100,0,0,9.1,0,usda_sr_legacy
14678,"Oil, wheat germ",,Rasvad ja õlid,884,0,0,100,0,0,18.8,0,usda_sr_legacy
528,Olive oil (extra virgin),,Rasvad ja õlid,884,0,0,100,0,0,,,
529,Olive oil (light),,Rasvad ja õlid,884,0,0,100,0,0,,,
542,Palm oil,,Rasvad ja õlid,884,0,0,100,0,0,,,
535,Peanut oil,,Rasvad ja õlid,884,0,0,100,0,0,,,
11593,"Salad dressing, bacon and tomato",,Rasvad ja õlid,326,1.8,2,35,0.2,2,5.44,2.263,usda_sr_legacy
16984,"Salad dressing, blue or roquefort cheese dressing, commercial",,Rasvad ja õlid,484,1.4,4.8,51.1,0.4,3.5,8.28,1.605,usda_sr_legacy
11588,"Salad dressing, blue or roquefort cheese dressing, fat-free",,Rasvad ja õlid,115,1.5,25.6,1,1.8,7.4,0.45,2.035,usda_sr_legacy
11581,"Salad dressing, blue or roquefort cheese dressing, light",,Rasvad ja õlid,86,2.1,13.2,2.7,0,3.6,0.63,2.348,usda_sr_legacy
13604,"Salad dressing, blue or roquefort cheese, low calorie",,Rasvad ja õlid,99,5.1,2.9,7.2,0,2.8,2.58,2.348,usda_sr_legacy
13622,"Salad dressing, buttermilk, lite",,Rasvad ja õlid,202,1.3,21.3,12.4,1.1,3.8,1.25,2.8,usda_sr_legacy
12835,"Salad dressing, caesar dressing",,Rasvad ja õlid,542,2.2,3.3,57.9,0.5,2.8,8.79,3.023,usda_sr_legacy
14709,"Salad dressing, caesar, fat-free",,Rasvad ja õlid,131,1.5,30.7,0.2,0.2,8.8,0.1,3.163,usda_sr_legacy
13605,"Salad dressing, caesar, low calorie",,Rasvad ja õlid,110,0.3,18.6,4.4,0.1,16.3,0.7,2.87,usda_sr_legacy
12836,"Salad dressing, coleslaw",,Rasvad ja õlid,404,0.9,22.4,34.5,0,21.2,5.34,2.125,usda_sr_legacy
11943,"Salad Dressing, coleslaw, reduced fat",,Rasvad ja õlid,329,0,40,20,0.4,38.7,2.98,4,usda_sr_legacy
15017,"Salad dressing, french, cottonseed, oil, home recipe",,Rasvad ja õlid,631,0.1,3.4,70.2,0,,18.2,1.645,usda_sr_legacy
15012,"Salad dressing, french dressing, commercial",,Rasvad ja õlid,419,0.9,18.8,39.1,2.4,17.4,6.09,1.653,usda_sr_legacy
14684,"Salad dressing, french dressing, commercial, without salt",,Rasvad ja õlid,459,0.8,15.6,44.8,0,16,5.65,0,usda_sr_legacy
15018,"Salad dressing, french dressing, fat-free",,Rasvad ja õlid,132,0.2,32.1,0.3,2.2,16.5,0.04,2.133,usda_sr_legacy
11582,"Salad dressing, french dressing, reduced calorie",,Rasvad ja õlid,227,0.4,27,13,0,25.9,1.87,2.01,usda_sr_legacy
15002,"Salad dressing, french dressing, reduced fat",,Rasvad ja õlid,222,0.6,31.2,11.5,1.5,16.9,0.84,2.095,usda_sr_legacy
14685,"Salad dressing, french dressing, reduced fat, without salt",,Rasvad ja õlid,233,0.6,29.3,13.5,1.1,28.5,1.1,0.075,usda_sr_legacy
15014,"Salad dressing, french, home recipe",,Rasvad ja õlid,631,0.1,3.4,70.2,0,,12.6,1.645,usda_sr_legacy
12837,"Salad dressing, green goddess",,Rasvad ja õlid,427,1.9,7.4,43.3,0.1,6.7,5.98,2.168,usda_sr_legacy
15015,"Salad dressing, home recipe, vinegar and oil",,Rasvad ja õlid,449,0,2.5,50.1,0,2.5,9.1,0.003,usda_sr_legacy
14707,"Salad dressing, honey mustard",,Rasvad ja õlid,464,0.9,23.3,40.8,0.4,15.8,5,1.28,usda_sr_legacy
14698,"Salad dressing, honey mustard dressing, reduced calorie",,Rasvad ja õlid,207,1,28.3,10,0.8,18.3,0.83,1.753,usda_sr_legacy
14683,"Salad dressing, italian dressing, commercial",,Rasvad ja õlid,240,0.4,12.1,21.1,0,10.8,2.95,2.483,usda_sr_legacy
15003,"Salad dressing, italian dressing, commercial, reduced fat",,Rasvad ja õlid,102,0.4,10,6.7,0,9.2,0.83,2.228,usda_sr_legacy
14686,"Salad dressing, italian dressing, commercial, without salt",,Rasvad ja õlid,292,0.4,10.4,28.4,0,8.3,4.47,0.075,usda_sr_legacy
17012,"Salad dressing, italian dressing, fat-free",,Rasvad ja õlid,47,1,8.8,0.9,0.6,8.9,0.3,2.823,usda_sr_legacy
11930,"Salad dressing, italian dressing, reduced calorie",,Rasvad ja õlid,200,0.3,6.7,20,0.2,1.9,2.88,2.685,usda_sr_legacy
14687,"Salad dressing, italian dressing, reduced fat, without salt",,Rasvad ja õlid,76,0.5,4.6,6.4,0,4.6,0.45,0.075,usda_sr_legacy
14667,"Salad dressing, KRAFT Mayo Fat Free Mayonnaise Dressing",,Rasvad ja õlid,64,0.2,15.8,0,2,6.8,0,1.875,usda_sr_legacy
14666,"Salad dressing, KRAFT Mayo Light Mayonnaise",,Rasvad ja õlid,334,0.6,8.5,32.9,0.1,4.2,5,1.583,usda_sr_legacy
14668,"Salad dressing, KRAFT MIRACLE WHIP FREE Nonfat Dressing",,Rasvad ja õlid,84,0.2,15.5,2.7,1.9,10.3,0.6,1.97,usda_sr_legacy
14673,"Salad dressing, mayonnaise",,Rasvad ja õlid,680,1,0.6,74.9,0,0.6,11.7,1.588,usda_sr_legacy
11946,"Salad dressing, mayonnaise and mayonnaise-type, low calorie",,Rasvad ja õlid,263,0.9,23.9,19,0,4.3,2.96,2.093,usda_sr_legacy
15005,"Salad dressing, mayonnaise, imitation, milk cream",,Rasvad ja õlid,97,2.1,11.1,5.1,0,,2.8,1.26,usda_sr_legacy
15004,"Salad dressing, mayonnaise, imitation, soybean",,Rasvad ja õlid,232,0.3,16,19.2,0,6,3.3,1.243,usda_sr_legacy
15006,"Salad dressing, mayonnaise, imitation, soybean without cholesterol",,Rasvad ja õlid,482,0.1,15.8,47.7,0,6,7.5,0.883,usda_sr_legacy
17016,"Salad dressing, mayonnaise, light",,Rasvad ja õlid,238,0.4,9.2,22.2,0,3.6,3.45,2.068,usda_sr_legacy
14701,"Salad Dressing, mayonnaise, light, SMART BALANCE, Omega Plus light",,Rasvad ja õlid,333,1.5,9.4,34.2,0.2,5.4,3.29,2.12,usda_sr_legacy
11589,"Salad Dressing, mayonnaise-like, fat-free",,Rasvad ja õlid,84,0.2,15.5,2.7,1.9,10.3,0.6,1.97,usda_sr_legacy
14674,"Salad dressing, mayonnaise, soybean and safflower oil, with salt",,Rasvad ja õlid,717,1.1,2.7,79.4,0,0.5,8.6,1.42,usda_sr_legacy
15016,"Salad dressing, mayonnaise, soybean oil, without salt",,Rasvad ja õlid,717,1.1,2.7,79.4,0,,11.8,0.075,usda_sr_legacy
15042,"Salad dressing, mayonnaise-type, light",,Rasvad ja õlid,158,0.7,16.4,10,0,6.7,1.48,2.083,usda_sr_legacy
15001,"Salad dressing, mayonnaise type, with salt",,Rasvad ja õlid,250,0.7,14.8,21.6,0,10,3.4,1.633,usda_sr_legacy
11927,"Salad dressing, peppercorn dressing, commercial",,Rasvad ja õlid,564,1.2,3.5,61.4,0,2.5,10.53,2.758,usda_sr_legacy
14708,"Salad dressing, poppyseed, creamy",,Rasvad ja õlid,399,0.9,23.7,33.3,0.3,23.4,6.06,2.333,usda_sr_legacy
17014,"Salad dressing, ranch dressing",,Rasvad ja õlid,430,1.3,5.9,44.5,0,4.7,6.96,2.253,usda_sr_legacy
17013,"Salad dressing, ranch dressing, fat-free",,Rasvad ja õlid,119,0.3,26.5,1.9,0.1,5.4,0.45,2.243,usda_sr_legacy
17015,"Salad dressing, ranch dressing, reduced fat",,Rasvad ja õlid,196,1.3,21.3,12.4,1.1,3.8,1.25,2.8,usda_sr_legacy
14669,"Salad dressing, russian dressing",,Rasvad ja õlid,355,0.7,31.9,26.2,0.7,17.7,2.39,2.833,usda_sr_legacy
14671,"Salad dressing, russian dressing, low calorie",,Rasvad ja õlid,141,0.5,27.6,4,0.3,21.9,0.6,2.17,usda_sr_legacy
14670,"Salad dressing, sesame seed dressing",,Rasvad ja õlid,443,3.1,8.6,45.2,1,8.3,6.2,2.5,usda_sr_legacy
14700,"Salad dressing, spray-style dressing, assorted flavors",,Rasvad ja õlid,165,0.2,16.6,10.8,0.3,14.3,1.64,2.755,usda_sr_legacy
13603,"Salad dressing, sweet and sour",,Rasvad ja õlid,15,0.1,3.7,0,0,3.7,0,0.52,usda_sr_legacy
15000,"Salad dressing, thousand island, commercial",,Rasvad ja õlid,379,1.1,14.6,35.1,0.8,15.2,5.09,2.405,usda_sr_legacy
15871,"Salad dressing, thousand island dressing, fat-free",,Rasvad ja õlid,132,0.6,29.3,1.5,3.3,16.8,0.2,1.97,usda_sr_legacy
14672,"Salad dressing, thousand island dressing, reduced fat",,Rasvad ja õlid,195,0.8,24.1,11.3,1.2,17.3,0.75,2.388,usda_sr_legacy
15007,"Sandwich spread, with chopped pickle",,Rasvad ja õlid,389,0.9,22.4,34,0.4,15.2,5.1,2.5,usda_sr_legacy
534,Sesame oil,,Rasvad ja õlid,884,0,0,100,0,0,,,
15844,"Shortening bread, soybean (hydrogenated) and cottonseed",,Rasvad ja õlid,884,0,0,100,0,0,22,0,usda_sr_legacy
15845,"Shortening cake mix, soybean (hydrogenated) and cottonseed (hydrogenated)",,Rasvad ja õlid,884,0,0,100,0,0,27.2,0,usda_sr_legacy
16990,"Shortening confectionery, coconut (hydrogenated) and or palm kernel (hydrogenated)",,Rasvad ja õlid,884,0,0,100,0,0,91.3,0,usda_sr_legacy
15849,"Shortening, confectionery, fractionated palm",,Rasvad ja õlid,884,0,0,100,0,,65.5,0,usda_sr_legacy
16989,"Shortening frying (heavy duty), beef tallow and cottonseed",,Rasvad ja õlid,900,0,0,100,0,,44.9,0,usda_sr_legacy
15846,"Shortening frying (heavy duty), palm (hydrogenated)",,Rasvad ja õlid,884,0,0,100,0,,47.5,0,usda_sr_legacy
15848,"Shortening frying (heavy duty), soybean (hydrogenated), linoleic (less than 1%)",,Rasvad ja õlid,884,0,0,100,0,0,21.1,0,usda_sr_legacy
15842,"Shortening, household, lard and vegetable oil",,Rasvad ja õlid,900,0,0,100,0,0,40.3,0,usda_sr_legacy
15847,Shortening household soybean (hydrogenated) and palm,,Rasvad ja õlid,884,0,0,100,0,,25.02,0,usda_sr_legacy
14675,"Shortening, household, soybean (partially hydrogenated)-cottonseed (partially hydrogenated)",,Rasvad ja õlid,884,0,0,100,0,0,25,0,usda_sr_legacy
16988,"Shortening industrial, lard and vegetable oil",,Rasvad ja õlid,900,0,0,100,0,,35.7,0,usda_sr_legacy
16991,"Shortening industrial, soybean (hydrogenated) and cottonseed",,Rasvad ja õlid,884,0,0,100,0,0,25.6,0,usda_sr_legacy
17001,"Shortening, multipurpose, soybean (hydrogenated) and palm (hydrogenated)",,Rasvad ja õlid,884,0,0,100,0,,30.42,0,usda_sr_legacy
17028,"Shortening, soy (partially hydrogenated ) and corn for frying",,Rasvad ja õlid,884,0,0,100,0,0,17.42,0,usda_sr_legacy
17029,"Shortening, soy (partially hydrogenated ) for baking and confections",,Rasvad ja õlid,884,0,0,100,0,0,18.79,0,usda_sr_legacy
17019,"Shortening, soy (partially hydrogenated), pourable liquid fry shortening",,Rasvad ja õlid,884,0,0,100,0,0,18.36,0,usda_sr_legacy
16997,"Shortening, special purpose for baking, soybean (hydrogenated) palm and cottonseed",,Rasvad ja õlid,884,0,0,100,0,0,28.84,0,usda_sr_legacy
16996,"Shortening, special purpose for cakes and frostings, soybean (hydrogenated)",,Rasvad ja õlid,884,0,0,100,0,0,20,0,usda_sr_legacy
17006,"Shortening, vegetable, household, composite",,Rasvad ja õlid,884,0,0,100,0,0,24.98,0.01,usda_sr_legacy
540,Soybean oil,,Rasvad ja õlid,884,0,0,100,0,0,,,
531,Sunflower oil,,Rasvad ja õlid,884,0,0,100,0,0,,,
541,Vegetable oil blend,,Rasvad ja õlid,884,0,0,100,0,0,,,
11580,"Vegetable oil-butter spread, reduced calorie",,Rasvad ja õlid,465,0,0,53,0,0,17.88,1.453,usda_sr_legacy
15020,"Vegetable oil, palm kernel",,Rasvad ja õlid,862,0,0,100,0,0,81.5,0,usda_sr_legacy
536,Walnut oil,,Rasvad ja õlid,884,0,0,100,0,0,,,
1612,Arugula salad,,Salatid,65,3,5.5,3.5,1.8,0,,,
1615,Asian sesame salad,,Salatid,118,3.5,12.5,6.5,2.2,0,,,
1603,Caesar salad,,Salatid,155,8.5,6.5,11.5,1.5,0,,,
1608,Caprese salad,,Salatid,148,8.5,4.5,11,0.8,0,,,
1605,Cobb salad,,Salatid,175,12.5,5.5,12.5,2.5,0,,,
1609,Garden salad,,Salatid,28,1.5,4.5,0.8,1.8,0,,,
1604,Greek salad,,Salatid,115,3.5,6.5,9,2,0,,,
1602,Green salad,,Salatid,22,1.5,3.5,0.5,1.5,0,,,
1610,House salad,,Salatid,75,2.5,7.5,4.5,1.8,0,,,
1614,Kale salad,,Salatid,85,3.5,9.5,4,2.8,0,,,
1607,Nicoise salad,,Salatid,138,9.5,8.5,8,2.5,0,,,
1613,Spinach salad,,Salatid,72,3.5,6.5,3.5,2.5,0,,,
1616,Thai papaya salad (som tam),,Salatid,52,2,9.5,1,2.5,0,,,
1606,Waldorf salad,,Salatid,145,3.5,12,9.5,2,0,,,
1611,Wedge salad,,Salatid,88,4.5,5.5,6.5,2,0,,,
11615,"Breakfast bar, corn flake crust with fruit",,Snäkid ja suupisted,376,4.4,72.8,7.5,2.1,35.1,1.5,0.843,usda_sr_legacy
12843,"Breakfast bars, oats, sugar, raisins, coconut (include granola bar)",,Snäkid ja suupisted,464,9.8,66.7,17.6,3.1,27.5,12.69,0.628,usda_sr_legacy
12688,"Cheese puffs and twists, corn based, baked, low fat",,Snäkid ja suupisted,432,8.5,72.4,12.1,3.6,7.3,2.1,2.105,usda_sr_legacy
1012,Cheese puffs / Cheetos,,Snäkid ja suupisted,544,7,56,33,1.5,0,,,
1010,Doritos,,Snäkid ja suupisted,490,6,63,24,4,0,,,
1018,Graham cracker,,Snäkid ja suupisted,434,7,73,14,2.5,0,,,
11929,"Granola bar, soft, milk chocolate coated, peanut butter",,Snäkid ja suupisted,536,9.6,54.1,31.2,3.8,23.6,17.07,0.483,usda_sr_legacy
1009,Kettle chips,,Snäkid ja suupisted,540,7,55,34,4.5,0,,,
18072,Milk and cereal bar,,Snäkid ja suupisted,413,6.5,72.1,11,0.4,46,9.11,0.798,usda_sr_legacy
1015,Pepper strips (fried),,Snäkid ja suupisted,320,4,38,17,3,0,,,
1007,Pita chips,,Snäkid ja suupisted,450,10,63,18,3,0,,,
1013,Pocky,,Snäkid ja suupisted,476,8,62,23,1.5,0,,,
11969,"Popcorn, microwave, low fat and sodium",,Snäkid ja suupisted,429,12.6,73.4,9.5,14.2,0.5,1.42,1.225,usda_sr_legacy
16650,"Popcorn, microwave, regular (butter) flavor, made with palm oil",,Snäkid ja suupisted,535,8.4,57.3,30.2,10,0.3,14.6,1.908,usda_sr_legacy
13465,"Popcorn, sugar syrup/caramel, fat-free",,Snäkid ja suupisted,381,2,90.1,1.4,2.5,64.7,0.2,0.715,usda_sr_legacy
1005,Potato chips,,Snäkid ja suupisted,536,7,53,34,4.5,0,,,
13980,"Potato chips, without salt, reduced fat",,Snäkid ja suupisted,487,7.1,67.8,20.8,6.1,0.2,4.16,0.02,usda_sr_legacy
12844,"Pretzels, soft",,Snäkid ja suupisted,338,8.2,69.4,3.1,1.7,0.3,0.7,0.508,usda_sr_legacy
18207,"Pretzels, soft, unsalted",,Snäkid ja suupisted,345,8.2,71,3.1,1.7,0.3,0.7,0.63,usda_sr_legacy
16521,Rice and Wheat cereal bar,,Snäkid ja suupisted,409,9.1,72.7,9.1,1.8,31.8,0,1.07,usda_sr_legacy
1019,Rice cake,,Snäkid ja suupisted,387,8,81,3,1.5,0,,,
11941,"Rice cake, cracker (include hain mini rice cakes)",,Snäkid ja suupisted,392,7.1,81.1,4.3,4.2,0.9,0.88,0.178,usda_sr_legacy
16668,Rice crackers,,Snäkid ja suupisted,416,10,82.6,5,0,0,0,0.583,usda_sr_legacy
1011,Rice crackers (senbei),,Snäkid ja suupisted,387,7,83,2,1.5,0,,,
1017,Ritz cracker,,Snäkid ja suupisted,505,7,62,26,1.5,0,,,
1016,Saltine cracker,,Snäkid ja suupisted,421,9,73,10,2.5,0,,,
16666,"Snack, BALANCE, original bar",,Snäkid ja suupisted,415,28,48.7,12,3.1,34.9,1.15,0.633,usda_sr_legacy
18219,"Snack, Mixed Berry Bar",,Snäkid ja suupisted,383,13.2,58.8,10.5,7.9,26.3,3.85,1.118,usda_sr_legacy
12681,"Snack, potato chips, made from dried potatoes, plain",,Snäkid ja suupisted,545,4.6,55.4,35.3,2.9,0.8,8.64,1.323,usda_sr_legacy
16664,"Snack, Pretzel, hard chocolate coated",,Snäkid ja suupisted,467,7.1,70.1,17.6,3.5,38.8,8.61,1.235,usda_sr_legacy
16658,"Snacks, bagel chips, plain",,Snäkid ja suupisted,451,12.3,66.4,15.1,4.1,6,6.84,0.583,usda_sr_legacy
12677,"Snacks, banana chips",,Snäkid ja suupisted,519,2.3,58.4,33.6,7.7,35.3,28.97,0.015,usda_sr_legacy
11476,"Snacks, beef jerky, chopped and formed",,Snäkid ja suupisted,410,33.2,11,25.6,1.8,9,10.85,4.463,usda_sr_legacy
12678,"Snacks, beef sticks, smoked",,Snäkid ja suupisted,550,21.5,5.4,49.6,0,,20.8,3.828,usda_sr_legacy
16663,"Snacks, brown rice chips",,Snäkid ja suupisted,384,8.2,81.5,2.8,4.2,0.6,0.64,0.815,usda_sr_legacy
18214,"Snacks, candy bits, yogurt covered with vitamin C",,Snäkid ja suupisted,415,0,86.9,7.5,0.2,65,1.39,0.188,usda_sr_legacy
18201,"Snacks, candy rolls, yogurt-covered, fruit flavored with high vitamin C",,Snäkid ja suupisted,359,0.5,74.6,6.5,3.3,39.2,5.1,0.02,usda_sr_legacy
18215,"Snacks, CLIF BAR, mixed flavors",,Snäkid ja suupisted,346,14.7,65.4,5.9,7.4,31.6,1.47,0.488,usda_sr_legacy
11478,"Snacks, corn-based, extruded, chips, barbecue-flavor",,Snäkid ja suupisted,523,7,56.2,32.7,5.2,,4.46,1.908,usda_sr_legacy
13972,"Snacks, corn-based, extruded, chips, barbecue-flavor",,Snäkid ja suupisted,523,7,56.2,32.7,0,,4.46,1.908,usda_sr_legacy
11477,"Snacks, corn-based, extruded, chips, plain",,Snäkid ja suupisted,539,6.2,57.3,33.4,4,0.3,4.33,1.285,usda_sr_legacy
11960,"Snacks, corn-based, extruded, chips, unsalted",,Snäkid ja suupisted,557,6.6,57.4,33.4,4.4,1.4,4.34,0.038,usda_sr_legacy
11479,"Snacks, corn-based, extruded, cones, plain",,Snäkid ja suupisted,510,5.8,62.9,26.9,1.1,,22.75,2.555,usda_sr_legacy
11829,"Snacks, corn-based, extruded, onion-flavor",,Snäkid ja suupisted,499,7.7,65.1,22.6,3.9,4.8,4.34,2.375,usda_sr_legacy
11830,"Snacks, corn-based, extruded, puffs or twists, cheese-flavor",,Snäkid ja suupisted,567,5.5,54.5,36.5,0.8,3.6,3.75,2.32,usda_sr_legacy
13971,"Snacks, corn-based, extruded, puffs or twists, cheese-flavor",,Snäkid ja suupisted,558,5.8,54.1,35.8,2.2,2.8,5.51,2.24,usda_sr_legacy
12685,"Snacks, corn cakes",,Snäkid ja suupisted,387,8.1,83.4,2.4,1.9,23.5,0.42,1.22,usda_sr_legacy
14374,"Snacks, corn cakes, very low sodium",,Snäkid ja suupisted,387,8.1,83.4,2.4,0,,0.42,0.07,usda_sr_legacy
13452,"Snacks, cornnuts, barbecue-flavor",,Snäkid ja suupisted,436,9,71.7,14.3,8.4,,2.58,1.5,usda_sr_legacy
13453,"Snacks, crisped rice bar, almond",,Snäkid ja suupisted,458,7,64.6,20.4,3.6,,3.77,0.585,usda_sr_legacy
11832,"Snacks, crisped rice bar, chocolate chip",,Snäkid ja suupisted,404,5.1,73,13.5,2.2,,5.24,0.695,usda_sr_legacy
12639,"Snacks, FARLEY CANDY, FARLEY Fruit Snacks, with vitamins A, C",,Snäkid ja suupisted,341,4.4,80.9,0,0,,,0.09,usda_sr_legacy
18205,"Snacks, FRITOLAY, SUNCHIPS, multigrain, French onion flavor",,Snäkid ja suupisted,496,8.7,65.5,22.2,7.8,8.8,2.47,1.168,usda_sr_legacy
18206,"Snacks, FRITOLAY, SUNCHIPS, Multigrain Snack, Harvest Cheddar flavor",,Snäkid ja suupisted,491,8.1,64.7,22.2,8.1,7.1,2.89,1.763,usda_sr_legacy
18203,"Snacks, FRITOLAY, SUNCHIPS, Multigrain Snack, original flavor",,Snäkid ja suupisted,491,8,67.3,21.1,8.8,7.2,2.17,1.058,usda_sr_legacy
13416,"Snacks, fruit leather, pieces, with vitamin C",,Snäkid ja suupisted,373,0.1,85.2,3.5,3.5,,0.99,0.793,usda_sr_legacy
12636,"Snacks, GENERAL MILLS, BETTY CROCKER Fruit Roll Ups, berry flavored, with vitamin C",,Snäkid ja suupisted,373,0.1,85.2,3.5,0,38.7,0.99,0.793,usda_sr_legacy
16654,"Snacks, granola bar, chewy, reduced sugar, all flavors",,Snäkid ja suupisted,412,5.6,69.4,12.5,3.1,20.8,5.01,0.78,usda_sr_legacy
12689,"Snacks, granola bar, fruit-filled, nonfat",,Snäkid ja suupisted,342,5.9,77.6,0.9,7.4,45.2,0.2,0.04,usda_sr_legacy
16661,"Snacks, granola bar, GENERAL MILLS, NATURE VALLEY, CHEWY TRAIL MIX",,Snäkid ja suupisted,415,5.7,72.3,11.4,3.8,42.9,1.44,0.463,usda_sr_legacy
18217,"Snacks, granola bar, GENERAL MILLS NATURE VALLEY, SWEET&SALTY NUT, peanut",,Snäkid ja suupisted,487,9.1,61.1,22.9,2.9,33.1,6.86,1.035,usda_sr_legacy
18218,"Snacks, granola bar, GENERAL MILLS, NATURE VALLEY, with yogurt coating",,Snäkid ja suupisted,423,5.7,74.3,11.4,4.4,40,1.37,0.678,usda_sr_legacy
18209,"Snacks, granola bar, KASHI GOLEAN, chewy, mixed flavors",,Snäkid ja suupisted,390,16.7,63.4,7.7,7.7,42.3,3.23,0.803,usda_sr_legacy
16653,"Snacks, granola bar, KASHI GOLEAN, crunchy, mixed flavors",,Snäkid ja suupisted,393,17.9,59.6,9.2,5.9,27.3,4.69,1.215,usda_sr_legacy
18210,"Snacks, granola bar, KASHI TLC Bar, chewy, mixed flavors",,Snäkid ja suupisted,429,18.6,53.3,15.7,11.4,17.1,1.21,0.733,usda_sr_legacy
18213,"Snacks, granola bar, KASHI TLC Bar, crunchy, mixed flavors",,Snäkid ja suupisted,446,15,62.8,15,10,20,1.44,1,usda_sr_legacy
18216,"Snacks, granola bar, QUAKER, chewy, 90 Calorie Bar",,Snäkid ja suupisted,408,4.2,79.2,8.3,4.2,29.2,2.08,0.783,usda_sr_legacy
16662,"Snacks, granola bar, QUAKER, DIPPS, all flavors",,Snäkid ja suupisted,480,7.5,65,20.4,3.2,37.6,8.69,0.673,usda_sr_legacy
11483,"Snacks, granola bars, hard, almond",,Snäkid ja suupisted,495,7.7,62,25.5,4.8,,12.51,0.64,usda_sr_legacy
11833,"Snacks, granola bars, hard, chocolate chip",,Snäkid ja suupisted,438,7.3,72.1,16.3,4.4,,11.41,0.86,usda_sr_legacy
13461,"Snacks, granola bars, hard, peanut butter",,Snäkid ja suupisted,483,9.8,62.3,23.8,2.9,,3.2,0.708,usda_sr_legacy
11482,"Snacks, granola bars, hard, plain",,Snäkid ja suupisted,471,10.1,64.4,19.8,5.3,28.6,2.37,0.735,usda_sr_legacy
18211,"Snacks, granola bars, QUAKER OATMEAL TO GO, all flavors",,Snäkid ja suupisted,389,6.7,75.5,6.7,4.6,31.5,1.3,0.918,usda_sr_legacy
16657,"Snacks, granola bars, soft, almond, confectioners coating",,Snäkid ja suupisted,455,8.6,60.1,20,4.3,34,5.67,1.215,usda_sr_legacy
11485,"Snacks, granola bars, soft, coated, milk chocolate coating",,Snäkid ja suupisted,466,5.8,63.8,24.9,3.4,,14.22,0.5,usda_sr_legacy
11487,"Snacks, granola bars, soft, coated, milk chocolate coating",,Snäkid ja suupisted,508,10.2,53.4,31.1,2.8,23.7,17.01,0.483,usda_sr_legacy
13454,"Snacks, granola bars, soft, uncoated, chocolate chip",,Snäkid ja suupisted,418,5.7,70.2,16.6,3.8,28.9,6.06,0.728,usda_sr_legacy
13455,"Snacks, granola bars, soft, uncoated, chocolate chip",,Snäkid ja suupisted,427,6.1,70.8,15.5,4,,9.18,0.79,usda_sr_legacy
13456,"Snacks, granola bars, soft, uncoated, nut and raisin",,Snäkid ja suupisted,454,8,63.6,20.4,5.6,,9.54,0.635,usda_sr_legacy
11836,"Snacks, granola bars, soft, uncoated, peanut butter",,Snäkid ja suupisted,426,10.5,64.4,15.8,4.3,,3.65,1.023,usda_sr_legacy
11488,"Snacks, granola bars, soft, uncoated, peanut butter and chocolate chip",,Snäkid ja suupisted,432,9.8,62.2,20,4.2,,5.59,0.82,usda_sr_legacy
11835,"Snacks, granola bars, soft, uncoated, plain",,Snäkid ja suupisted,443,7.4,67.3,17.2,4.6,,7.25,0.695,usda_sr_legacy
11484,"Snacks, granola bars, soft, uncoated, raisin",,Snäkid ja suupisted,448,7.6,66.4,17.8,4.2,,9.57,0.705,usda_sr_legacy
13597,"Snacks, granola bar, with coconut, chocolate coated",,Snäkid ja suupisted,531,5.2,55.2,32.2,6.2,34.3,22.72,0.38,usda_sr_legacy
16655,"Snacks, granola bites, mixed flavors",,Snäkid ja suupisted,451,7.2,66.3,17.5,5.7,30,9.89,0.418,usda_sr_legacy
13468,"Snacks, KELLOGG, KELLOGG'S Low Fat Granola Bar, Crunchy Almond/Brown Sugar",,Snäkid ja suupisted,390,8,78,7.4,6.2,,1.1,0.728,usda_sr_legacy
12690,"Snacks, KELLOGG, KELLOGG'S, NUTRI-GRAIN Cereal Bars, fruit",,Snäkid ja suupisted,365,4.2,67.6,8.7,3,29,1.44,0.885,usda_sr_legacy
13467,"Snacks, KELLOGG, KELLOGG'S RICE KRISPIES TREATS Squares",,Snäkid ja suupisted,417,3.4,80.5,9,0,19.4,1.4,0.878,usda_sr_legacy
11831,"Snacks, KRAFT, CORNNUTS, plain",,Snäkid ja suupisted,446,8.5,71.9,15.6,6.9,0.6,2.43,1.41,usda_sr_legacy
11845,"Snacks, M&M MARS, COMBOS Snacks Cheddar Cheese Pretzel",,Snäkid ja suupisted,463,9.9,66.5,16.9,3.6,17.6,9.66,2.793,usda_sr_legacy
13469,"Snacks, M&M MARS, KUDOS Whole Grain Bar, chocolate chip",,Snäkid ja suupisted,420,4.5,72.3,13,2.6,38.8,4.7,0.615,usda_sr_legacy
16648,"Snacks, M&M MARS, KUDOS Whole Grain Bar, M&M's milk chocolate",,Snäkid ja suupisted,415,3.8,73,12,2.4,37.8,6.8,0.853,usda_sr_legacy
16647,"Snacks, M&M MARS, KUDOS Whole Grain Bars, peanut butter",,Snäkid ja suupisted,463,5.9,64.7,20.8,2.6,44.3,10.41,0.67,usda_sr_legacy
16659,"Snacks, NUTRI-GRAIN FRUIT AND NUT BAR",,Snäkid ja suupisted,403,9.4,66.7,10.9,7.5,32.5,1.93,0.488,usda_sr_legacy
11839,"Snacks, oriental mix, rice-based",,Snäkid ja suupisted,506,17.3,51.6,25.6,13.2,3,3.79,1.033,usda_sr_legacy
16665,"Snacks, peas, roasted, wasabi-flavored",,Snäkid ja suupisted,432,14.1,62.2,14.1,3.8,14.1,5.29,0.75,usda_sr_legacy
16656,"Snacks, pita chips, salted",,Snäkid ja suupisted,457,11.8,68.3,15.2,3.8,4.8,1.34,2.135,usda_sr_legacy
16651,"Snacks, plantain chips, salted",,Snäkid ja suupisted,531,2.3,63.8,29.6,3.5,0.9,8.34,0.505,usda_sr_legacy
11840,"Snacks, popcorn, air-popped",,Snäkid ja suupisted,387,12.9,77.8,4.5,14.5,0.9,0.64,0.02,usda_sr_legacy
13973,"Snacks, popcorn, air-popped (Unsalted)",,Snäkid ja suupisted,382,12,77.9,4.2,15.1,,0.57,0.01,usda_sr_legacy
11490,"Snacks, popcorn, cakes",,Snäkid ja suupisted,384,9.7,80.1,3.1,2.9,0.7,0.48,0.72,usda_sr_legacy
11492,"Snacks, popcorn, caramel-coated, without peanuts",,Snäkid ja suupisted,431,3.8,79.1,12.8,5.2,53.2,3.61,0.515,usda_sr_legacy
11491,"Snacks, popcorn, caramel-coated, with peanuts",,Snäkid ja suupisted,400,6.4,80.7,7.8,3.8,45.4,1.04,0.443,usda_sr_legacy
11841,"Snacks, popcorn, cheese-flavor",,Snäkid ja suupisted,526,9.3,51.6,33.2,9.9,0.8,6.41,2.223,usda_sr_legacy
13595,"Snacks, popcorn, home-prepared, oil-popped, unsalted",,Snäkid ja suupisted,500,9,58.1,28.1,10,0.5,5.05,0.008,usda_sr_legacy
16646,"Snacks, popcorn, microwave, 94% fat free",,Snäkid ja suupisted,402,10.7,76,6.1,13.6,0.7,1.18,1.428,usda_sr_legacy
18200,"Snacks, popcorn, microwave, low fat",,Snäkid ja suupisted,424,12.6,72,9.5,14.2,0.9,1.42,1.573,usda_sr_legacy
18204,"Snacks, popcorn, microwave, regular (butter) flavor, made with partially hydrogenated oil",,Snäkid ja suupisted,557,7.5,55.2,34,10,0.6,7.22,1.91,usda_sr_legacy
11489,"Snacks, popcorn, oil-popped, microwave, regular flavor",,Snäkid ja suupisted,583,7.3,45.1,43.6,8.1,0.5,6.82,2.273,usda_sr_legacy
13974,"Snacks, popcorn, oil-popped, white popcorn, salt added",,Snäkid ja suupisted,500,9,57.2,28.1,10,,4.89,2.21,usda_sr_legacy
12679,"Snacks, pork skins, barbecue-flavor",,Snäkid ja suupisted,538,57.9,1.6,31.8,0,,11.56,6.668,usda_sr_legacy
11842,"Snacks, pork skins, plain",,Snäkid ja suupisted,544,61.3,0,31.3,0,0,11.37,4.545,usda_sr_legacy
11843,"Snacks, potato chips, barbecue-flavor",,Snäkid ja suupisted,487,6.5,55.9,31.1,3.8,5.5,4,1.363,usda_sr_legacy
13462,"Snacks, potato chips, cheese-flavor",,Snäkid ja suupisted,496,8.5,57.7,27.2,5.2,,8.6,1.145,usda_sr_legacy
13464,"Snacks, potato chips, fat-free, made with olestra",,Snäkid ja suupisted,274,7.7,65,0.7,6.8,0,0.24,1.385,usda_sr_legacy
13466,"Snacks, potato chips, fat free, salted",,Snäkid ja suupisted,379,9.6,83.8,0.6,7.5,3.7,0.15,1.608,usda_sr_legacy
18221,"Snacks, potato chips, lightly salted",,Snäkid ja suupisted,560,6.7,53.5,35.4,4.2,0.3,5.49,0.468,usda_sr_legacy
13458,"Snacks, potato chips, made from dried potatoes, cheese-flavor",,Snäkid ja suupisted,551,7,50.6,37,3.4,,9.57,1.5,usda_sr_legacy
12692,"Snacks, potato chips, made from dried potatoes, fat-free, made with olestra",,Snäkid ja suupisted,253,5.1,56,0.9,7.3,0.6,0.36,1.073,usda_sr_legacy
18220,"Snacks, potato chips, made from dried potatoes (preformed), multigrain",,Snäkid ja suupisted,505,5.3,65.3,24.7,2.7,4.1,6.31,1.36,usda_sr_legacy
11493,"Snacks, potato chips, made from dried potatoes, reduced fat",,Snäkid ja suupisted,502,4.6,64.8,26.1,3.2,0.6,6.76,1.125,usda_sr_legacy
11494,"Snacks, potato chips, made from dried potatoes, sour-cream and onion-flavor",,Snäkid ja suupisted,547,6.6,51.3,37,1.2,,9.47,1.353,usda_sr_legacy
13975,"Snacks, potato chips, plain, made with partially hydrogenated soybean oil, salted",,Snäkid ja suupisted,536,7,52.9,34.6,4.8,,5.43,1.485,usda_sr_legacy
14375,"Snacks, potato chips, plain, made with partially hydrogenated soybean oil, unsalted",,Snäkid ja suupisted,536,7,52.9,34.6,4.8,,5.43,0.02,usda_sr_legacy
13457,"Snacks, potato chips, plain, salted",,Snäkid ja suupisted,532,6.4,53.8,34,3.1,0.3,3.4,1.318,usda_sr_legacy
14376,"Snacks, potato chips, plain, unsalted",,Snäkid ja suupisted,536,7,52.9,34.6,4.8,0.2,10.96,0.02,usda_sr_legacy
13463,"Snacks, potato chips, reduced fat",,Snäkid ja suupisted,471,7.1,66.9,20.8,5.9,0.2,4.16,1.428,usda_sr_legacy
11844,"Snacks, potato chips, sour-cream-and-onion-flavor",,Snäkid ja suupisted,531,8.1,51.5,33.9,5.2,,8.89,1.373,usda_sr_legacy
12830,"Snacks, potato chips, white, restructured, baked",,Snäkid ja suupisted,469,5,71.4,18.2,4.8,5,2.63,1.34,usda_sr_legacy
12682,"Snacks, potato sticks",,Snäkid ja suupisted,522,6.7,53.3,34.4,3.4,0.2,8.88,1.583,usda_sr_legacy
18222,"Snacks, Pretzels, gluten- free made with cornstarch and potato flour",,Snäkid ja suupisted,389,3.5,78.6,6.7,3.3,4.2,3.31,3.918,usda_sr_legacy
11496,"Snacks, pretzels, hard, confectioner's coating, chocolate-flavor",,Snäkid ja suupisted,457,7.5,70.9,16.7,2.4,38.8,7.68,1.423,usda_sr_legacy
13976,"Snacks, pretzels, hard, plain, made with enriched flour",,Snäkid ja suupisted,381,9.1,79.2,3.5,2.8,2.2,0.75,0.625,usda_sr_legacy
14378,"Snacks, pretzels, hard, plain, made with unenriched flour",,Snäkid ja suupisted,381,9.1,79.2,3.5,2.8,,0.75,0.723,usda_sr_legacy
14377,"Snacks, pretzels, hard, plain, made with unenriched flour",,Snäkid ja suupisted,381,9.1,79.2,3.5,2.8,,0.75,4.288,usda_sr_legacy
11495,"Snacks, pretzels, hard, plain, salted",,Snäkid ja suupisted,384,10,80.4,2.9,3.4,2.2,0.39,3.1,usda_sr_legacy
11846,"Snacks, pretzels, hard, whole-wheat including both salted and unsalted",,Snäkid ja suupisted,362,11.1,81.3,2.6,7.7,,0.56,0.508,usda_sr_legacy
11848,"Snacks, rice cakes, brown rice, buckwheat",,Snäkid ja suupisted,380,9,80.1,3.5,3.8,,0.64,0.29,usda_sr_legacy
13978,"Snacks, rice cakes, brown rice, buckwheat, unsalted",,Snäkid ja suupisted,380,9,80.1,3.5,0,,0.64,0.01,usda_sr_legacy
13459,"Snacks, rice cakes, brown rice, corn",,Snäkid ja suupisted,385,8.4,81.2,3.2,2.9,,0.63,0.418,usda_sr_legacy
13460,"Snacks, rice cakes, brown rice, multigrain",,Snäkid ja suupisted,387,8.5,80.1,3.5,3,,0.56,0.63,usda_sr_legacy
13979,"Snacks, rice cakes, brown rice, multigrain, unsalted",,Snäkid ja suupisted,387,8.5,80.1,3.5,0,,0.56,0.01,usda_sr_legacy
13977,"Snacks, rice cakes, brown rice, plain, unsalted",,Snäkid ja suupisted,387,8.2,81.5,2.8,4.2,0.9,0.57,0.065,usda_sr_legacy
12683,"Snacks, rice cakes, brown rice, rye",,Snäkid ja suupisted,386,8.1,79.9,3.8,4,,0.58,0.275,usda_sr_legacy
11497,"Snacks, rice cakes, brown rice, sesame seed",,Snäkid ja suupisted,392,7.6,81.5,3.8,5.4,,0.54,0.568,usda_sr_legacy
14379,"Snacks, rice cakes, brown rice, sesame seed, unsalted",,Snäkid ja suupisted,392,7.6,81.5,3.8,0,,0.54,0.01,usda_sr_legacy
11847,"Snacks, rice cracker brown rice, plain",,Snäkid ja suupisted,387,8.2,81.5,2.8,4.2,0.9,0.57,0.415,usda_sr_legacy
12684,"Snacks, sesame sticks, wheat-based, salted",,Snäkid ja suupisted,541,10.9,46.5,36.7,2.8,0.2,6.48,3.72,usda_sr_legacy
14380,"Snacks, sesame sticks, wheat-based, unsalted",,Snäkid ja suupisted,541,10.9,46.5,36.7,0,,6.48,0.073,usda_sr_legacy
16667,"Snacks, shrimp cracker",,Snäkid ja suupisted,426,7.1,59.1,17.9,5.6,21.4,5.36,1.428,usda_sr_legacy
16649,"Snacks, soy chips or crisps, salted",,Snäkid ja suupisted,385,26.5,53.2,7.4,3.5,1.8,1.1,2.105,usda_sr_legacy
13415,"Snacks, SUNKIST, SUNKIST Fruit Roll, strawberry, with vitamins A",,Snäkid ja suupisted,342,0.6,82.7,1,7.7,,,0.278,usda_sr_legacy
18202,"Snacks, sweet potato chips, unsalted",,Snäkid ja suupisted,532,2.9,56.8,32.4,8.8,8.8,2.94,0.088,usda_sr_legacy
12693,"Snacks, taro chips",,Snäkid ja suupisted,498,2.3,68.1,24.9,7.2,3.8,6.43,0.855,usda_sr_legacy
11967,"Snacks, tortilla chips, light (baked with less oil)",,Snäkid ja suupisted,465,8.7,73.4,15.2,5.7,0.5,2.84,1,usda_sr_legacy
12691,"Snacks, tortilla chips, low fat, made with olestra, nacho cheese",,Snäkid ja suupisted,318,8.4,65.2,3.5,6.4,2.8,1.05,1.763,usda_sr_legacy
13981,"Snacks, tortilla chips, low fat, unsalted",,Snäkid ja suupisted,416,11,80.1,5.7,5.3,0.9,0.85,0.038,usda_sr_legacy
11499,"Snacks, tortilla chips, nacho cheese",,Snäkid ja suupisted,519,7.4,60.8,27.4,5.1,2.6,3.88,1.728,usda_sr_legacy
13983,"Snacks, tortilla chips, nacho-flavor, made with enriched masa flour",,Snäkid ja suupisted,511,7.8,62.3,25.6,5.3,,4.9,1.77,usda_sr_legacy
12686,"Snacks, tortilla chips, nacho-flavor, reduced fat",,Snäkid ja suupisted,445,8.7,71.6,15.2,4.8,,2.91,2.508,usda_sr_legacy
11498,"Snacks, tortilla chips, plain, white corn, salted",,Snäkid ja suupisted,472,7.1,67.8,20.7,5.4,0.8,2.81,0.82,usda_sr_legacy
11500,"Snacks, tortilla chips, ranch-flavor",,Snäkid ja suupisted,501,7.2,62.7,24.6,4,3,3.54,1.298,usda_sr_legacy
11851,"Snacks, tortilla chips, taco-flavor",,Snäkid ja suupisted,480,7.9,63.1,24.2,5.3,,4.64,1.968,usda_sr_legacy
11950,"Snacks, tortilla chips, unsalted, white corn",,Snäkid ja suupisted,503,7.8,65.3,23.4,5.3,1,2.46,0.038,usda_sr_legacy
11501,"Snacks, trail mix",,Snäkid ja suupisted,462,13.8,44.9,29.4,0,,5.55,0.573,usda_sr_legacy
11849,"Snacks, trail mix, tropical",,Snäkid ja suupisted,442,6.3,65.6,17.1,0,,8.48,0.238,usda_sr_legacy
14381,"Snacks, trail mix, unsalted",,Snäkid ja suupisted,462,13.8,44.9,29.4,0,,5.55,0.025,usda_sr_legacy
11850,"Snacks, trail mix, with chocolate chips, salted nuts and seeds",,Snäkid ja suupisted,484,14.2,44.9,31.9,5,23.9,6.09,0.303,usda_sr_legacy
14382,"Snacks, trail mix, with chocolate chips, unsalted nuts and seeds",,Snäkid ja suupisted,484,14.2,44.9,31.9,0,,6.1,0.068,usda_sr_legacy
18208,"Snacks, vegetable chips, HAIN CELESTIAL GROUP, TERRA CHIPS",,Snäkid ja suupisted,517,4.1,58,29.8,10.9,9.8,1.89,0.615,usda_sr_legacy
18212,"Snacks, vegetable chips, made from garden vegetables",,Snäkid ja suupisted,473,5.3,60.4,23.3,4.7,4,1.76,1.03,usda_sr_legacy
16660,"Snacks, yucca (cassava) chips, salted",,Snäkid ja suupisted,515,1.3,69.2,25.9,3.7,3.4,8.69,0.74,usda_sr_legacy
1014,Sweet potato chips,,Snäkid ja suupisted,476,5,60,24,5,0,,,
1006,Tortilla chips,,Snäkid ja suupisted,489,7,65,23,4.5,0,,,
12687,"Tortilla chips, low fat, baked without fat",,Snäkid ja suupisted,448,11,80.2,5.7,5.3,0.7,0.85,1.293,usda_sr_legacy
16652,"Tortilla chips, yellow, plain, salted",,Snäkid ja suupisted,497,6.6,67.4,22.3,4.7,1.2,2.78,0.775,usda_sr_legacy
1008,Veggie chips,,Snäkid ja suupisted,430,5,55,22,5,0,,,
1518,Beef soup,,Supid,55,5.5,3.2,2,0.6,0,,,
1519,Beef stew,,Supid,95,8.5,7.5,3.5,1.2,0,,,
1516,Chicken noodle soup,,Supid,62,4.8,7.2,1.4,0.5,0,,,
1517,Chicken rice soup,,Supid,58,4.5,7,1.2,0.3,0,,,
1527,Corn chowder,,Supid,108,3.5,15.5,4,1.8,0,,,
1530,Cream of broccoli soup,,Supid,78,3.2,7.5,4.2,1.5,0,,,
1529,Cream of mushroom soup,,Supid,92,2.8,8.5,5.5,0.8,0,,,
1523,French onion soup,,Supid,72,3.5,8.5,2.5,0.8,0,,,
1524,Lobster bisque,,Supid,112,6.5,7,6.5,0.5,0,,,
1526,Manhattan clam chowder,,Supid,62,4.5,8.5,1.5,1.5,0,,,
1521,Minestrone,,Supid,52,2.5,8.5,1.2,2.2,0,,,
1525,New England clam chowder,,Supid,118,5.5,10.5,5.8,0.8,0,,,
17955,"Soup, bean & ham, canned, reduced sodium, prepared with water or ready-to-serve",,Supid,81,4.2,13.7,1,4,3.2,0.25,0.468,usda_sr_legacy
15184,"Soup, bean with bacon, condensed, single brand",,Supid,117,6.5,18,2.1,4.6,,0.6,1.68,usda_sr_legacy
14807,"Soup, bean with frankfurters, canned, condensed",,Supid,142,7.6,16.8,5.3,4.6,,1.61,2.078,usda_sr_legacy
16420,"Soup, bean with frankfurters, canned, prepared with equal volume water",,Supid,75,4,8.8,2.8,0,,0.85,1.093,usda_sr_legacy
14808,"Soup, bean with ham, canned, chunky, ready-to-serve",,Supid,95,5.2,11.2,3.5,4.6,,1.37,1,usda_sr_legacy
14806,"Soup, bean with pork, canned, condensed",,Supid,129,5.9,17,4.4,5.9,3,1.14,1.68,usda_sr_legacy
16419,"Soup, bean with pork, canned, prepared with equal volume water",,Supid,63,2.9,8.3,2.2,2.9,1.5,0.56,0.873,usda_sr_legacy
15209,"Soup, beef and mushroom, low sodium, chunk style",,Supid,69,4.3,9.6,2.3,0.2,0.8,1.62,0.063,usda_sr_legacy
14854,"Soup, beef and vegetables, canned, ready-to-serve",,Supid,48,3.2,6.2,1.2,1.2,1.3,0.41,0.815,usda_sr_legacy
17487,"Soup, beef and vegetables, reduced sodium, canned, ready-to-serve",,Supid,42,3.3,5,1,0.8,1.2,,0.438,usda_sr_legacy
17495,"Soup, beef barley, ready to serve",,Supid,52,2.8,7.9,1,0.9,1.2,0.33,0.743,usda_sr_legacy
15146,"Soup, beef broth bouillon and consomme, canned, condensed",,Supid,11,2.5,0.3,0,0,0,0,1.735,usda_sr_legacy
17979,"Soup, beef broth, bouillon, consomme, prepared with equal volume water",,Supid,12,2.2,0.7,0,0,,0,0.66,usda_sr_legacy
15159,"Soup, beef broth, cubed, dry",,Supid,170,17.3,16.1,4,0,14.5,1.99,60,usda_sr_legacy
16438,"Soup, beef broth, cubed, prepared with water",,Supid,3,0.2,0.3,0.1,0,0.2,0.04,0.65,usda_sr_legacy
16404,"Soup, beef broth, less/reduced sodium, ready to serve",,Supid,6,1.1,0.2,0.1,0,0.2,0.04,0.563,usda_sr_legacy
15136,"Soup, beef broth or bouillon canned, ready-to-serve",,Supid,7,1.1,0,0.2,0,0,0.11,0.93,usda_sr_legacy
15158,"Soup, beef broth or bouillon, powder, dry",,Supid,213,16,17.4,8.9,0,16.7,4.32,65,usda_sr_legacy
16437,"Soup, beef broth or bouillon, powder, prepared with water",,Supid,3,0.2,0.3,0.1,0,0.2,0.04,0.955,usda_sr_legacy
14839,"Soup, beef mushroom, canned, condensed",,Supid,61,4.6,5.2,2.4,0.2,,1.2,1.773,usda_sr_legacy
15170,"Soup, beef mushroom, canned, prepared with equal volume water",,Supid,30,2.4,2.6,1.2,0.1,,0.61,0.965,usda_sr_legacy
15137,"Soup, beef noodle, canned, condensed",,Supid,67,3.9,7.2,2.5,0.6,2.1,0.91,1.633,usda_sr_legacy
16421,"Soup, beef noodle, canned, prepared with equal volume water",,Supid,34,1.9,3.6,1.2,0.3,1,0.46,0.813,usda_sr_legacy
15210,"Soup, beef stroganoff, canned, chunky style, ready-to-serve",,Supid,98,5.1,9,4.6,0.6,1.7,2.32,1.088,usda_sr_legacy
14805,"Soup, black bean, canned, condensed",,Supid,91,4.8,15.4,1.3,6.8,2.5,0.34,2.425,usda_sr_legacy
16418,"Soup, black bean, canned, prepared with equal volume water",,Supid,46,2.4,7.7,0.7,3.4,1.2,0.17,1.218,usda_sr_legacy
15211,"Soup, bouillon cubes and granules, low sodium, dry",,Supid,438,16.7,64.9,13.9,0.2,14.5,3.43,2.668,usda_sr_legacy
14842,"Soup, broccoli cheese, canned, condensed, commercial",,Supid,87,2.1,7.7,5.3,1.8,2.1,1.6,1.653,usda_sr_legacy
15139,"Soup, cheese, canned, condensed",,Supid,82,0.8,11.3,3.9,2.2,3.7,2.45,1.73,usda_sr_legacy
16409,"Soup, cheese, canned, prepared with equal volume milk",,Supid,92,3.8,6.5,5.8,0.4,,3.63,1.015,usda_sr_legacy
17972,"Soup, cheese, canned, prepared with equal volume water",,Supid,63,2.2,4.3,4.2,0.4,,2.7,0.97,usda_sr_legacy
15144,"Soup, chicken and vegetable, canned, ready-to-serve",,Supid,33,2,4.7,0.7,0.9,1,0.12,0.573,usda_sr_legacy
15140,"Soup, chicken broth, canned, condensed",,Supid,31,4.4,0.8,1,0,0.4,0.31,1.553,usda_sr_legacy
17973,"Soup, chicken broth, canned, prepared with equal volume water",,Supid,16,2,0.4,0.6,0,0.3,0.16,0.765,usda_sr_legacy
15161,"Soup, chicken broth cubes, dry",,Supid,198,14.6,23.5,4.7,0,0,1.2,60,usda_sr_legacy
17988,"Soup, chicken broth cubes, dry, prepared with water",,Supid,5,0.4,0.6,0.1,0,,0.03,0.815,usda_sr_legacy
16403,"Soup, chicken broth, less/reduced sodium, ready to serve",,Supid,7,1.4,0.4,0,0,0.2,0,0.578,usda_sr_legacy
15207,"Soup, chicken broth, low sodium, canned",,Supid,16,2,1.2,0.6,0,0.1,0.18,0.075,usda_sr_legacy
15160,"Soup, chicken broth or bouillon, dry",,Supid,267,16.7,18,13.9,0,17.4,3.43,59.688,usda_sr_legacy
16439,"Soup, chicken broth or bouillon, dry, prepared with water",,Supid,4,0.3,0.3,0.2,0,0.3,0.06,1.003,usda_sr_legacy
17958,"Soup, chicken broth, ready-to-serve",,Supid,6,0.6,0.4,0.2,0,0.4,0.01,0.928,usda_sr_legacy
14809,"Soup, chicken, canned, chunky, ready-to-serve",,Supid,71,5.1,6.9,2.6,0.6,0.9,0.79,0.885,usda_sr_legacy
15183,"Soup, chicken corn chowder, chunky, ready-to-serve, single brand",,Supid,99,3.1,7.5,6.3,0.9,,1.75,0.748,usda_sr_legacy
14811,"Soup, chicken gumbo, canned, condensed",,Supid,45,2.1,6.7,1.1,1.6,1.9,0.26,1.733,usda_sr_legacy
16423,"Soup, chicken gumbo, canned, prepared with equal volume water",,Supid,23,1.1,3.4,0.6,0.8,1,0.13,0.978,usda_sr_legacy
17944,"Soup, chicken mushroom, canned, condensed",,Supid,100,1.6,12,4.8,3.2,0.8,1.25,1.673,usda_sr_legacy
15171,"Soup, chicken mushroom, canned, prepared with equal volume water",,Supid,54,1.8,3.8,3.8,0.1,,0.98,0.818,usda_sr_legacy
15141,"Soup, chicken noodle, canned, condensed",,Supid,48,2.4,6.1,1.6,0.9,0,0.39,1.703,usda_sr_legacy
16424,"Soup, chicken noodle, canned, prepared with equal volume water",,Supid,24,1.2,3,0.8,0.5,0,0.19,0.838,usda_sr_legacy
15169,"Soup, chicken noodle, dry, mix",,Supid,377,15.4,62.3,6.5,3.2,1.9,1.97,7.903,usda_sr_legacy
16440,"Soup, chicken noodle, dry, mix, prepared with water",,Supid,23,0.8,3.7,0.6,0.1,0.3,0.12,0.573,usda_sr_legacy
15191,"Soup, chicken noodle, low sodium, canned, prepared with equal volume water",,Supid,25,1.3,3,1,0.2,0.3,0.26,0.433,usda_sr_legacy
17486,"Soup, chicken noodle, reduced sodium, canned, ready-to-serve",,Supid,41,3.3,3.8,1.3,0.8,0.3,0.39,0.465,usda_sr_legacy
15142,"Soup, chicken rice, canned, chunky, ready-to-serve",,Supid,53,5.1,5.4,1.3,0.4,0.6,0.4,0.925,usda_sr_legacy
14813,"Soup, chicken vegetable, canned, condensed",,Supid,61,2.9,7,2.3,0.7,1.3,0.69,1.765,usda_sr_legacy
16407,"Soup, chicken vegetable with potato and cheese, chunky, ready-to-serve",,Supid,65,1.2,5.2,4.5,0.3,0.6,1.64,1.04,usda_sr_legacy
15143,"Soup, chicken with rice, canned, condensed",,Supid,68,1.8,11.6,1.6,0.9,0.2,0.37,1.613,usda_sr_legacy
16425,"Soup, chicken with rice, canned, prepared with equal volume water",,Supid,24,1.5,2.9,0.8,0.3,0.1,0.19,0.595,usda_sr_legacy
14814,"Soup, chili beef, canned, condensed",,Supid,117,5.1,18.9,2.5,2.5,5.1,1.24,1.97,usda_sr_legacy
16426,"Soup, chili beef, canned, prepared with equal volume water",,Supid,57,2.5,9.2,1.2,1.2,2.5,0.61,0.97,usda_sr_legacy
14826,"Soup, chunky beef, canned, ready-to-serve",,Supid,66,4,10.1,1.1,0.6,0.7,0.55,0.845,usda_sr_legacy
14812,"Soup, chunky chicken noodle, canned, ready-to-serve",,Supid,41,3.1,4.5,1.2,0.8,0.4,0.63,0.765,usda_sr_legacy
15157,"Soup, chunky vegetable, canned, ready-to-serve",,Supid,39,1.1,7.9,0.4,1.1,1.6,0.05,0.668,usda_sr_legacy
17493,"Soup, chunky vegetable, reduced sodium, canned, ready-to-serve",,Supid,50,1.2,10.3,0.5,1.1,2.8,0.22,0.345,usda_sr_legacy
14816,"Soup, clam chowder, manhattan, canned, condensed",,Supid,61,1.7,9.7,1.8,1.2,2.7,0.31,1.745,usda_sr_legacy
17976,"Soup, clam chowder, manhattan, canned, prepared with equal volume water",,Supid,30,0.9,4.8,0.9,0.6,1.3,0.15,0.565,usda_sr_legacy
14815,"Soup, clam chowder, manhattan style, canned, chunky",,Supid,56,3,7.8,1.4,1.2,1.7,0.88,1.043,usda_sr_legacy
15145,"Soup, clam chowder, new england, canned, condensed",,Supid,72,3.2,10.3,2.1,0.7,0.4,0.96,1.29,usda_sr_legacy
17961,"Soup, clam chowder, new england, canned, prepared with equal volume low fat (2%) milk",,Supid,61,3.2,7.5,2,0.3,2.8,1.09,0.683,usda_sr_legacy
17977,"Soup, clam chowder, new england, canned, prepared with equal volume water",,Supid,35,1.6,5.1,1,0.3,0.2,0.47,0.635,usda_sr_legacy
17484,"Soup, clam chowder, new england, canned, ready-to-serve",,Supid,79,2.6,8.3,3.9,1,0.2,,0.858,usda_sr_legacy
17485,"Soup, clam chowder, new england, reduced sodium, canned",,Supid,70,2.3,5.7,4.2,0.8,0,0.7,0.485,usda_sr_legacy
15135,"Soup, cream of asparagus, canned, condensed",,Supid,69,1.8,8.5,3.3,0.4,0.7,0.82,1.673,usda_sr_legacy
16406,"Soup, cream of asparagus, canned, prepared with equal volume milk",,Supid,65,2.6,6.6,3.3,0.3,,1.34,1.05,usda_sr_legacy
17971,"Soup, cream of asparagus, canned, prepared with equal volume water",,Supid,35,0.9,4.4,1.7,0.2,,0.43,1.005,usda_sr_legacy
15138,"Soup, cream of celery, canned, condensed",,Supid,72,1.3,7,4.5,0.6,1.4,1.12,1.29,usda_sr_legacy
16408,"Soup, cream of celery, canned, prepared with equal volume milk",,Supid,66,2.3,5.9,3.9,0.3,,1.59,0.68,usda_sr_legacy
16422,"Soup, cream of celery, canned, prepared with equal volume water",,Supid,37,0.7,3.6,2.3,0.3,,0.58,0.635,usda_sr_legacy
14810,"Soup, cream of chicken, canned, condensed",,Supid,90,2.4,7.2,5.8,0,0.5,1.7,1.755,usda_sr_legacy
15200,"Soup, cream of chicken, canned, condensed, reduced sodium",,Supid,58,1.8,9.5,1.3,0.4,0.4,0.5,0.893,usda_sr_legacy
17959,"Soup, cream of chicken, canned, prepared with equal volume milk",,Supid,77,3,6,4.6,0.1,,1.87,0.905,usda_sr_legacy
17975,"Soup, cream of chicken, canned, prepared with equal volume water",,Supid,48,1.4,3.8,3,0.1,,0.85,0.868,usda_sr_legacy
17989,"Soup, cream of chicken, dry, mix, prepared with water",,Supid,41,0.7,5.1,2,0.1,1.6,1.3,1.135,usda_sr_legacy
14819,"Soup, cream of mushroom, canned, condensed",,Supid,79,1.4,6.8,5.3,0.7,0.4,0.96,1.728,usda_sr_legacy
16402,"Soup, cream of mushroom, canned, condensed, reduced sodium",,Supid,52,1.2,8.1,1.7,0.6,2.1,0.53,0.958,usda_sr_legacy
17962,"Soup, cream of mushroom, canned, prepared with equal volume low fat (2%) milk",,Supid,65,2.4,5.8,3.6,0.3,2.8,1.12,0.893,usda_sr_legacy
16430,"Soup, cream of mushroom, canned, prepared with equal volume water",,Supid,39,0.7,3.3,2.6,0.3,0.2,0.47,0.85,usda_sr_legacy
15205,"Soup, cream of mushroom, low sodium, ready-to-serve, canned",,Supid,53,1,4.5,3.7,0.2,1.7,1.01,0.05,usda_sr_legacy
15150,"Soup, cream of onion, canned, condensed",,Supid,88,2.2,10.4,4.2,0.4,3.6,1.17,1.593,usda_sr_legacy
17963,"Soup, cream of onion, canned, prepared with equal volume milk",,Supid,75,2.7,7.4,3.8,0.3,,1.63,1.013,usda_sr_legacy
17981,"Soup, cream of onion, canned, prepared with equal volume water",,Supid,44,1.1,5.2,2.2,0.4,,0.6,0.95,usda_sr_legacy
14822,"Soup, cream of potato, canned, condensed",,Supid,74,1.5,12.8,1.9,1.3,1.4,0.97,1.51,usda_sr_legacy
16412,"Soup, cream of potato, canned, prepared with equal volume milk",,Supid,60,2.3,6.9,2.6,0.2,,1.52,0.575,usda_sr_legacy
16432,"Soup, cream of potato, canned, prepared with equal volume water",,Supid,30,0.7,4.7,1,0.2,,0.5,0.595,usda_sr_legacy
14823,"Soup, cream of shrimp, canned, condensed",,Supid,72,2.2,6.5,4.1,0.2,,2.58,1.713,usda_sr_legacy
16413,"Soup, cream of shrimp, canned, prepared with equal volume low fat (2%) milk",,Supid,61,2.8,5.6,3.2,0.1,2.6,1.93,0.885,usda_sr_legacy
16433,"Soup, cream of shrimp, canned, prepared with equal volume water",,Supid,36,1.1,3.3,2.1,0.1,0.2,1.29,0.978,usda_sr_legacy
14830,"Soup, cream of vegetable, dry, powder",,Supid,446,8,52.1,24.1,3,17.5,6.03,9.643,usda_sr_legacy
18223,"Soup, egg drop, Chinese restaurant",,Supid,27,1.2,4.3,0.6,0.4,0.1,0.17,0.925,usda_sr_legacy
16414,"Soup, HEALTHY CHOICE Chicken and Rice Soup, canned",,Supid,37,2.5,5.7,0.6,0.8,0.4,0.17,0.453,usda_sr_legacy
17967,"Soup, HEALTHY CHOICE Chicken Noodle Soup, canned",,Supid,41,3.7,5.2,0.6,0.8,0.6,0.4,0.488,usda_sr_legacy
16415,"Soup, HEALTHY CHOICE Garden Vegetable Soup, canned",,Supid,51,2.1,10,0.2,1.9,2.1,0.05,0.488,usda_sr_legacy
18224,"Soup, hot and sour, Chinese restaurant",,Supid,39,2.6,4.4,1.2,0.5,0.4,0.23,0.94,usda_sr_legacy
15147,"Soup, lentil with ham, canned, ready-to-serve",,Supid,56,3.7,8.2,1.1,0,,0.45,1.33,usda_sr_legacy
15148,"Soup, minestrone, canned, chunky, ready-to-serve",,Supid,53,2.1,8.6,1.2,2.4,2.2,0.62,0.72,usda_sr_legacy
14817,"Soup, minestrone, canned, condensed",,Supid,68,3.5,9.2,2.1,0.8,1.5,0.44,1.29,usda_sr_legacy
16428,"Soup, minestrone, canned, prepared with equal volume water",,Supid,34,1.8,4.7,1,0.4,,0.23,0.635,usda_sr_legacy
17952,"Soup, minestrone, canned, reduced sodium, ready-to-serve",,Supid,50,2,9,0.8,2.4,2.1,0.14,0.538,usda_sr_legacy
14818,"Soup, mushroom barley, canned, condensed",,Supid,61,1.5,9.6,1.8,0,,0.35,1.433,usda_sr_legacy
16429,"Soup, mushroom barley, canned, prepared with equal volume water",,Supid,30,0.8,4.8,0.9,0.3,,0.18,0.913,usda_sr_legacy
14820,"Soup, mushroom with beef stock, canned, condensed",,Supid,68,2.5,7.4,3.2,0.1,2.3,1.24,1.933,usda_sr_legacy
17980,"Soup, mushroom with beef stock, canned, prepared with equal volume water",,Supid,35,1.3,3.8,1.7,0.3,,0.64,0.993,usda_sr_legacy
15149,"Soup, onion, canned, condensed",,Supid,46,3.1,6.7,1.4,0.7,2.7,0.21,1.29,usda_sr_legacy
14829,"Soup, onion, dry, mix",,Supid,293,7.5,65.1,0.3,6.6,4.7,0.09,20.078,usda_sr_legacy
17990,"Soup, onion, dry, mix, prepared with water",,Supid,12,0.3,2.8,0,0.3,0.2,0,0.865,usda_sr_legacy
15151,"Soup, oyster stew, canned, condensed",,Supid,48,1.7,3.3,3.1,0,,2.04,1.805,usda_sr_legacy
16410,"Soup, oyster stew, canned, prepared with equal volume milk",,Supid,55,2.5,4,3.2,0,,2.06,1.063,usda_sr_legacy
17982,"Soup, oyster stew, canned, prepared with equal volume water",,Supid,24,0.9,1.7,1.6,0,,1.04,1.018,usda_sr_legacy
15152,"Soup, pea, green, canned, condensed",,Supid,125,6.5,20.2,2.2,3.9,6.5,1.07,1.7,usda_sr_legacy
16411,"Soup, pea, green, canned, prepared with equal volume milk",,Supid,94,5,12.7,2.8,1.1,,1.58,0.88,usda_sr_legacy
17983,"Soup, pea, green, canned, prepared with equal volume water",,Supid,61,3.2,9.9,1.1,1.9,3.2,0.52,0.84,usda_sr_legacy
15190,"Soup, pea, low sodium, prepared with equal volume water",,Supid,62,3.2,9.9,1.1,1.9,3.2,0.52,0.025,usda_sr_legacy
15153,"Soup, pea, split with ham, canned, chunky",,Supid,77,4.6,11.2,1.7,1.7,1.9,0.66,0.753,usda_sr_legacy
14821,"Soup, pea, split with ham, canned, condensed",,Supid,141,7.7,20.8,3.3,1.7,,1.31,1.575,usda_sr_legacy
16431,"Soup, pea, split with ham, canned, prepared with equal volume water",,Supid,75,4.1,11.1,1.7,0.9,,0.7,0.995,usda_sr_legacy
14841,"Soup, ramen noodle, any flavor, dry",,Supid,440,10.2,60.3,17.6,2.9,2,8.12,4.638,usda_sr_legacy
15212,"Soup, ramen noodle, beef flavor, dry",,Supid,441,10.1,60.3,17.7,3,2,8.16,4.318,usda_sr_legacy
15213,"Soup, ramen noodle, chicken flavor, dry",,Supid,439,10.2,60.2,17.5,2.9,2,8.1,4.808,usda_sr_legacy
15420,"Soup, ramen noodle, dry, any flavor, reduced fat",,Supid,350,10.9,71,2.5,2.7,0.9,0,3,usda_sr_legacy
17954,"Soup, shark fin, restaurant-prepared",,Supid,46,3.2,3.8,2,0,,0.5,1.253,usda_sr_legacy
16398,"Soup, stock, beef, home-prepared",,Supid,13,2,1.2,0.1,0,0.5,0.04,0.495,usda_sr_legacy
16399,"Soup, stock, chicken, home-prepared",,Supid,36,2.5,3.5,1.2,0,1.6,0.32,0.358,usda_sr_legacy
16400,"Soup, stock, fish, home-prepared",,Supid,16,2.3,0,0.8,0,0,0.2,0.39,usda_sr_legacy
14843,"Soup, SWANSON, beef broth, lower sodium",,Supid,6,1.2,0.2,0.1,0,0.2,0.03,0.45,usda_sr_legacy
14844,"Soup, SWANSON, vegetable broth",,Supid,6,0.2,1,0.1,0,0.6,0.03,0.758,usda_sr_legacy
14824,"Soup, tomato beef with noodle, canned, condensed",,Supid,112,3.6,16.9,3.4,1.2,,1.27,1.828,usda_sr_legacy
16434,"Soup, tomato beef with noodle, canned, prepared with equal volume water",,Supid,56,1.8,8.4,1.7,0.6,0.7,0.64,0.918,usda_sr_legacy
16396,"Soup, tomato bisque, canned, condensed",,Supid,96,1.8,18.5,2,0.8,,0.42,1.745,usda_sr_legacy
16417,"Soup, tomato bisque, canned, prepared with equal volume milk",,Supid,79,2.5,11.7,2.6,0.2,,1.25,1.105,usda_sr_legacy
15172,"Soup, tomato bisque, canned, prepared with equal volume water",,Supid,50,0.9,9.6,1,0.2,,0.22,1.06,usda_sr_legacy
16397,"Soup, tomato, canned, condensed",,Supid,66,1.5,15.2,0.4,1.1,8.2,0.12,0.943,usda_sr_legacy
15185,"Soup, tomato, canned, condensed, reduced sodium",,Supid,65,1.6,13.4,0.6,1.2,8.1,0.16,0.055,usda_sr_legacy
17968,"Soup, tomato, canned, prepared with equal volume low fat (2%) milk",,Supid,55,2.4,9.8,1.2,0.5,6.6,0.71,0.515,usda_sr_legacy
14840,"Soup, tomato, canned, prepared with equal volume water, commercial",,Supid,32,0.7,7.5,0.2,0.5,4,0.06,0.465,usda_sr_legacy
17991,"Soup, tomato, dry, mix, prepared with water",,Supid,38,0.9,7.2,0.6,0.4,3.9,0.29,0.89,usda_sr_legacy
15189,"Soup, tomato, low sodium, with water",,Supid,30,0.8,6.6,0.3,0.6,4,0.08,0.083,usda_sr_legacy
15155,"Soup, tomato rice, canned, condensed",,Supid,93,1.6,17.1,2.1,1.3,5.9,0.4,1.588,usda_sr_legacy
16435,"Soup, tomato rice, canned, prepared with equal volume water",,Supid,47,0.8,8.5,1.1,0.7,3,0.2,0.798,usda_sr_legacy
15156,"Soup, turkey, chunky, canned, ready-to-serve",,Supid,57,4.3,6,1.9,0,,0.52,0.978,usda_sr_legacy
17984,"Soup, turkey noodle, canned, prepared with equal volume water",,Supid,28,1.6,3.5,0.8,0.3,,0.23,0.835,usda_sr_legacy
17985,"Soup, turkey vegetable, canned, prepared with equal volume water",,Supid,30,1.3,3.6,1.3,0.2,,0.37,0.94,usda_sr_legacy
14827,"Soup, vegetable beef, canned, condensed",,Supid,63,4.5,8.1,1.5,1.6,0.9,0.68,1.765,usda_sr_legacy
17987,"Soup, vegetable beef, canned, prepared with equal volume water",,Supid,31,2.2,4.1,0.8,0.8,0.5,0.34,0.873,usda_sr_legacy
14853,"Soup, vegetable beef, microwavable, ready-to-serve, single brand",,Supid,44,6.2,3.3,0.7,1.5,,0.22,0.94,usda_sr_legacy
15181,"Soup, vegetable broth, ready to serve",,Supid,5,0.2,0.9,0.1,0,0.6,0.03,0.74,usda_sr_legacy
17960,"Soup, vegetable, canned, low sodium, condensed",,Supid,65,2.2,12.1,0.9,2.1,4.3,0.15,0.963,usda_sr_legacy
15194,"Soup, vegetable chicken, canned, prepared with water, low sodium",,Supid,69,5.1,8.8,2,0.4,1.4,0.6,0.088,usda_sr_legacy
15192,"Soup, vegetable soup, condensed, low sodium, prepared with equal volume water",,Supid,33,1.1,6.1,0.5,1.1,2.2,0.07,0.485,usda_sr_legacy
14828,"Soup, vegetable with beef broth, canned, condensed",,Supid,66,2.4,10.7,1.6,1.3,1.6,0.36,1.288,usda_sr_legacy
16436,"Soup, vegetable with beef broth, canned, prepared with equal volume water",,Supid,33,1.2,5.4,0.8,0.7,0.8,0.18,0.633,usda_sr_legacy
14825,"Soup, vegetarian vegetable, canned, condensed",,Supid,59,1.7,9.8,1.6,0.5,3.1,0.24,1.29,usda_sr_legacy
17986,"Soup, vegetarian vegetable, canned, prepared with equal volume water",,Supid,28,0.9,4.9,0.8,0.3,1.6,0.12,0.845,usda_sr_legacy
15419,"Soup, wonton, Chinese restaurant",,Supid,32,2.1,5.3,0.3,0.2,0.3,0.06,1.015,usda_sr_legacy
1522,Tomato soup,,Supid,48,1.5,9,1,1.2,0,,,
1520,Vegetable soup,,Supid,38,1.8,6.5,0.8,1.8,0,,,
1528,Vichyssoise,,Supid,85,2.5,10.5,3.8,1.2,0,,,
14410,"Amaranth grain, cooked",,Teravili ja pasta,102,3.8,18.7,1.6,2.1,,,0.015,usda_sr_legacy
14409,"Amaranth grain, uncooked",,Teravili ja pasta,371,13.6,65.3,7,6.7,1.7,1.46,0.01,usda_sr_legacy
101,Arborio rice (raw),,Teravili ja pasta,357,6.5,79,0.5,0.5,0,,,
14411,Arrowroot flour,,Teravili ja pasta,357,0.3,88.2,0.1,3.4,,0.02,0.005,usda_sr_legacy
13519,Barley flour or meal,,Teravili ja pasta,345,10.5,74.5,1.6,10.1,0.8,0.34,0.01,usda_sr_legacy
14010,"Barley, hulled",,Teravili ja pasta,354,12.5,73.5,2.3,17.3,0.8,0.48,0.03,usda_sr_legacy
13520,Barley malt flour,,Teravili ja pasta,361,10.3,78.3,1.8,7.1,0.8,0.39,0.028,usda_sr_legacy
14012,"Barley, pearled, cooked",,Teravili ja pasta,123,2.3,28.2,0.4,3.8,0.3,0.09,0.008,usda_sr_legacy
14011,"Barley, pearled, raw",,Teravili ja pasta,352,9.9,77.7,1.2,15.6,0.8,0.24,0.023,usda_sr_legacy
96,Basmati rice (cooked),,Teravili ja pasta,121,3.5,25.2,0.4,0.4,0,,,
95,Basmati rice (raw),,Teravili ja pasta,356,8.7,77.4,0.9,0.7,0,,,
104,Black rice (raw),,Teravili ja pasta,356,8.9,74.9,2.4,4.9,0,,,
94,Brown rice (cooked),,Teravili ja pasta,112,2.6,23.5,0.9,1.8,0,,,
93,Brown rice (raw),,Teravili ja pasta,367,7.9,76.2,2.7,3.5,0,,,
14013,Buckwheat,,Teravili ja pasta,343,13.3,71.5,3.4,10,,0.74,0.003,usda_sr_legacy
14414,"Buckwheat flour, whole-groat",,Teravili ja pasta,335,12.6,70.6,3.1,10,2.6,0.68,0.028,usda_sr_legacy
14413,"Buckwheat groats, roasted, cooked",,Teravili ja pasta,92,3.4,19.9,0.6,2.7,0.9,0.13,0.01,usda_sr_legacy
14412,"Buckwheat groats, roasted, dry",,Teravili ja pasta,346,11.7,75,2.7,10.3,,0.59,0.028,usda_sr_legacy
113,Bulgur (cooked),,Teravili ja pasta,83,3.1,18.6,0.2,4.5,0,,,
14014,"Bulgur, cooked",,Teravili ja pasta,83,3.1,18.6,0.2,4.5,0.1,0.04,0.013,usda_sr_legacy
14415,"Bulgur, dry",,Teravili ja pasta,342,12.3,75.9,1.3,12.5,0.4,0.23,0.043,usda_sr_legacy
112,Bulgur (raw),,Teravili ja pasta,342,12.3,75.9,1.3,18.3,0,,,
14016,"Corn bran, crude",,Teravili ja pasta,224,8.4,85.6,0.9,79,0,0.13,0.018,usda_sr_legacy
13476,"Corn flour, masa, white",,Teravili ja pasta,363,8.5,76.6,3.7,6.4,1.6,0.53,0.013,usda_sr_legacy
13474,"Corn flour, masa, white",,Teravili ja pasta,363,8.5,76.6,3.7,6.4,1.6,0.53,0.013,usda_sr_legacy
12749,"Corn flour, whole-grain, blue (harina de maiz morado)",,Teravili ja pasta,364,8.8,73.9,5.1,8.4,,,0.013,usda_sr_legacy
13528,"Corn flour, whole-grain, white",,Teravili ja pasta,361,6.9,76.9,3.9,7.3,0.6,0.54,0.013,usda_sr_legacy
14017,"Corn flour, whole-grain, yellow",,Teravili ja pasta,361,6.9,76.9,3.9,7.3,0.6,0.54,0.013,usda_sr_legacy
13475,"Corn flour, yellow, degermed",,Teravili ja pasta,375,5.6,82.8,1.4,1.9,0.6,0.17,0.003,usda_sr_legacy
13529,"Corn flour, yellow, masa",,Teravili ja pasta,363,8.5,76.6,3.7,6.4,,0.53,0.013,usda_sr_legacy
12748,"Corn grain, white",,Teravili ja pasta,365,9.4,74.3,4.7,0,,0.67,0.088,usda_sr_legacy
14015,"Corn grain, yellow",,Teravili ja pasta,365,9.4,74.3,4.7,7.3,0.6,0.67,0.088,usda_sr_legacy
15613,"Cornmeal, degermed, white",,Teravili ja pasta,370,7.1,79.5,1.8,3.9,1.6,0.22,0.018,usda_sr_legacy
12750,"Cornmeal, degermed, white",,Teravili ja pasta,370,7.1,79.5,1.8,3.9,1.6,0.22,0.018,usda_sr_legacy
12695,"Cornmeal, degermed, yellow",,Teravili ja pasta,370,7.1,79.5,1.8,3.9,1.6,0.22,0.018,usda_sr_legacy
12757,"Cornmeal, degermed, yellow",,Teravili ja pasta,370,7.1,79.5,1.8,3.9,1.6,0.22,0.018,usda_sr_legacy
12751,"Cornmeal, white, self-rising, bolted, plain",,Teravili ja pasta,334,8.3,70.3,3.4,6.7,,0.48,3.118,usda_sr_legacy
12752,"Cornmeal, white, self-rising, bolted, with wheat flour added",,Teravili ja pasta,348,8.4,73.4,2.9,6.3,,0.4,3.298,usda_sr_legacy
12753,"Cornmeal, white, self-rising, degermed",,Teravili ja pasta,355,8.4,74.8,1.7,7.1,,0.23,3.37,usda_sr_legacy
13530,"Cornmeal, whole-grain, white",,Teravili ja pasta,362,8.1,76.9,3.6,7.3,0.6,0.51,0.088,usda_sr_legacy
13477,"Cornmeal, whole-grain, yellow",,Teravili ja pasta,362,8.1,76.9,3.6,7.3,0.6,0.51,0.088,usda_sr_legacy
12696,"Cornmeal, yellow, self-rising, bolted, plain",,Teravili ja pasta,334,8.3,70.3,3.4,6.7,,0.48,3.118,usda_sr_legacy
12697,"Cornmeal, yellow, self-rising, bolted, with wheat flour added",,Teravili ja pasta,348,8.4,73.4,2.9,6.3,,0.4,3.298,usda_sr_legacy
12698,"Cornmeal, yellow, self-rising, degermed",,Teravili ja pasta,355,8.4,74.8,1.7,7.1,,0.23,3.37,usda_sr_legacy
13478,Cornstarch,,Teravili ja pasta,381,0.3,91.3,0.1,0.9,0,0.01,0.023,usda_sr_legacy
115,Couscous (cooked),,Teravili ja pasta,112,3.8,23.2,0.2,1.4,0,,,
13480,"Couscous, cooked",,Teravili ja pasta,112,3.8,23.2,0.2,1.4,0.1,0.03,0.013,usda_sr_legacy
13479,"Couscous, dry",,Teravili ja pasta,376,12.8,77.4,0.6,5,,0.12,0.025,usda_sr_legacy
114,Couscous (raw),,Teravili ja pasta,376,12.8,77.4,0.6,5,0,,,
13481,"Hominy, canned, white",,Teravili ja pasta,72,1.5,14.3,0.9,2.5,1.5,0.12,0.668,usda_sr_legacy
13532,"Hominy, canned, yellow",,Teravili ja pasta,72,1.5,14.3,0.9,2.5,,0.12,0.863,usda_sr_legacy
110,Instant oats,,Teravili ja pasta,380,13,67,6.5,9.5,0,,,
98,Jasmine rice (cooked),,Teravili ja pasta,129,2.5,28.7,0.2,0.3,0,,,
97,Jasmine rice (raw),,Teravili ja pasta,358,6.7,79.2,0.6,0.5,0,,,
12732,"Macaroni, vegetable, cooked",,Teravili ja pasta,128,4.5,26.6,0.1,4.3,1.2,0.02,0.015,usda_sr_legacy
12731,"Macaroni, vegetable, dry",,Teravili ja pasta,367,13.1,74.9,1,4.3,,0.15,0.108,usda_sr_legacy
12699,"Millet, cooked",,Teravili ja pasta,119,3.5,23.7,1,1.3,0.1,0.17,0.005,usda_sr_legacy
15621,Millet flour,,Teravili ja pasta,382,10.8,75.1,4.3,3.5,1.7,0.54,0.01,usda_sr_legacy
13482,"Millet, raw",,Teravili ja pasta,378,11,72.9,4.2,8.5,,0.72,0.013,usda_sr_legacy
12733,"Noodles, chinese, chow mein",,Teravili ja pasta,471,10.9,63.6,21.2,6.7,0,6.74,2.165,usda_sr_legacy
13512,"Noodles, egg, cooked",,Teravili ja pasta,138,4.5,25.2,2.1,1.2,0.4,0.42,0.013,usda_sr_legacy
13542,"Noodles, egg, cooked, with added salt",,Teravili ja pasta,138,4.5,25.2,2.1,1.2,0.4,0.42,0.413,usda_sr_legacy
12747,"Noodles, egg, cooked, with added salt",,Teravili ja pasta,138,4.5,25.2,2.1,1.2,0.4,0.42,0.413,usda_sr_legacy
12754,"Noodles, egg, cooked, without added salt",,Teravili ja pasta,138,4.5,25.2,2.1,1.2,0.4,0.42,0.013,usda_sr_legacy
13535,"Noodles, egg, dry",,Teravili ja pasta,384,14.2,71.3,4.4,3.3,1.9,1.18,0.053,usda_sr_legacy
13511,"Noodles, egg, dry",,Teravili ja pasta,384,14.2,71.3,4.4,3.3,1.9,1.18,0.053,usda_sr_legacy
13514,"Noodles, egg, spinach, cooked",,Teravili ja pasta,132,5,24.3,1.6,2.3,0.7,0.36,0.03,usda_sr_legacy
13513,"Noodles, egg, spinach, dry",,Teravili ja pasta,382,14.6,70.3,4.6,6.8,,1.05,0.18,usda_sr_legacy
13515,"Noodles, flat, crunchy, Chinese restaurant",,Teravili ja pasta,521,10.3,51.9,31.7,1.9,0.3,4.93,0.945,usda_sr_legacy
12735,"Noodles, japanese, soba, cooked",,Teravili ja pasta,99,5.1,21.4,0.1,0,,0.02,0.15,usda_sr_legacy
12734,"Noodles, japanese, soba, dry",,Teravili ja pasta,336,14.4,74.6,0.7,0,,0.14,1.98,usda_sr_legacy
12737,"Noodles, japanese, somen, cooked",,Teravili ja pasta,131,4,27.5,0.2,0,,0.03,0.403,usda_sr_legacy
12736,"Noodles, japanese, somen, dry",,Teravili ja pasta,356,11.4,74.1,0.8,4.3,,0.12,4.6,usda_sr_legacy
111,Oat bran,,Teravili ja pasta,246,17.3,66.2,7,15.4,0,,,
12701,"Oat bran, cooked",,Teravili ja pasta,40,3.2,11.4,0.9,2.6,,0.16,0.003,usda_sr_legacy
12700,"Oat bran, raw",,Teravili ja pasta,246,17.3,66.2,7,15.4,1.5,1.33,0.01,usda_sr_legacy
13521,"Oat flour, partially debranned",,Teravili ja pasta,404,14.7,65.7,9.1,6.5,0.8,1.61,0.048,usda_sr_legacy
13485,Oats,,Teravili ja pasta,389,16.9,66.3,6.9,10.6,,1.22,0.005,usda_sr_legacy
13531,"Pasta, cooked, with added salt",,Teravili ja pasta,157,5.8,30.6,0.9,1.8,0.6,0.18,0.328,usda_sr_legacy
15612,"Pasta, cooked, with added salt",,Teravili ja pasta,157,5.8,30.6,0.9,1.8,0.6,0.18,0.328,usda_sr_legacy
12756,"Pasta, cooked, without added salt",,Teravili ja pasta,158,5.8,30.9,0.9,1.8,0.6,0.18,0.003,usda_sr_legacy
13517,"Pasta, cooked, without added salt",,Teravili ja pasta,158,5.8,30.9,0.9,1.8,0.6,0.18,0.003,usda_sr_legacy
13516,"Pasta, dry",,Teravili ja pasta,371,13,74.7,1.5,3.2,2.7,0.28,0.015,usda_sr_legacy
12755,"Pasta, dry",,Teravili ja pasta,371,13,74.7,1.5,3.2,2.7,0.28,0.015,usda_sr_legacy
13507,"Pasta, fresh-refrigerated, plain",,Teravili ja pasta,288,11.3,54.7,2.3,0,,0.33,0.065,usda_sr_legacy
13508,"Pasta, fresh-refrigerated, plain, cooked",,Teravili ja pasta,131,5.2,24.9,1.1,0,,0.15,0.015,usda_sr_legacy
13509,"Pasta, fresh-refrigerated, spinach",,Teravili ja pasta,289,11.3,55.7,2.1,0,,0.48,0.068,usda_sr_legacy
13510,"Pasta, fresh-refrigerated, spinach, cooked",,Teravili ja pasta,130,5.1,25,0.9,0,,0.22,0.015,usda_sr_legacy
15624,"Pasta, gluten-free, brown rice flour, cooked, TINKYADA",,Teravili ja pasta,138,3.5,32.2,1.7,1.7,0,0.2,0.01,usda_sr_legacy
16772,"Pasta, gluten-free, corn and rice flour, cooked",,Teravili ja pasta,179,3.2,38.1,1,1.4,0,0.15,0.01,usda_sr_legacy
12728,"Pasta, gluten-free, corn, cooked",,Teravili ja pasta,126,2.6,27.9,0.7,4.8,,0.1,0,usda_sr_legacy
12727,"Pasta, gluten-free, corn, dry",,Teravili ja pasta,357,7.5,79.3,2.1,11,,0.29,0.008,usda_sr_legacy
15625,"Pasta, gluten-free, corn flour and quinoa flour, cooked, ANCIENT HARVEST",,Teravili ja pasta,152,3.2,31.1,2.1,3.3,0.3,0.15,0.01,usda_sr_legacy
16771,"Pasta, gluten-free, rice flour and rice bran extract, cooked, DE BOLES",,Teravili ja pasta,200,4.2,40.8,1.7,1.9,0,,0.01,usda_sr_legacy
12729,"Pasta, homemade, made with egg, cooked",,Teravili ja pasta,130,5.3,23.5,1.7,0,,0.41,0.208,usda_sr_legacy
12730,"Pasta, homemade, made without egg, cooked",,Teravili ja pasta,124,4.4,25.1,1,0,,0.14,0.185,usda_sr_legacy
15622,"Pasta, whole grain, 51% whole wheat, remaining enriched semolina, cooked",,Teravili ja pasta,156,5.7,30.9,1.5,4.5,0.7,,0.01,usda_sr_legacy
15623,"Pasta, whole grain, 51% whole wheat, remaining enriched semolina, dry",,Teravili ja pasta,361,13.2,73.3,2.6,11.3,2.2,0.32,0.03,usda_sr_legacy
12744,"Pasta, whole grain, 51% whole wheat, remaining unenriched semolina, cooked",,Teravili ja pasta,159,5.8,31.5,1.5,4.6,0.9,0.24,0.015,usda_sr_legacy
12743,"Pasta, whole grain, 51% whole wheat, remaining unenriched semolina, dry",,Teravili ja pasta,362,13.5,73.1,2.7,10.1,2.6,0.35,0.028,usda_sr_legacy
12738,"Pasta, whole-wheat, cooked",,Teravili ja pasta,149,6,30.1,1.7,3.9,0.8,0.24,0.01,usda_sr_legacy
13518,"Pasta, whole-wheat, dry",,Teravili ja pasta,352,13.9,73.4,2.9,9.2,2.7,0.43,0.015,usda_sr_legacy
106,Puffed rice,,Teravili ja pasta,382,6.3,87.7,0.4,0.5,0,,,
12745,"Quinoa, cooked",,Teravili ja pasta,120,4.4,21.3,1.9,2.8,0.9,0.23,0.018,usda_sr_legacy
12702,"Quinoa, uncooked",,Teravili ja pasta,368,14.1,64.2,6.1,7,,0.71,0.013,usda_sr_legacy
105,Red rice (raw),,Teravili ja pasta,351,7.5,72.5,2.8,4,0,,,
13493,"Rice bran, crude",,Teravili ja pasta,316,13.4,49.7,20.9,21,0.9,4.17,0.013,usda_sr_legacy
13484,"Rice, brown, long-grain, cooked",,Teravili ja pasta,123,2.7,25.6,1,1.6,0.2,0.26,0.01,usda_sr_legacy
13483,"Rice, brown, long-grain, raw",,Teravili ja pasta,367,7.5,76.3,3.2,3.6,0.7,0.59,0.013,usda_sr_legacy
12703,"Rice, brown, medium-grain, cooked",,Teravili ja pasta,112,2.3,23.5,0.8,1.8,,0.17,0.003,usda_sr_legacy
13486,"Rice, brown, medium-grain, raw",,Teravili ja pasta,362,7.5,76.2,2.7,3.4,,0.54,0.01,usda_sr_legacy
16770,"Rice, brown, parboiled, cooked, UNCLE BENS",,Teravili ja pasta,147,3.1,31.3,0.9,1.7,0.2,0.21,0.01,usda_sr_legacy
12704,"Rice, brown, parboiled, dry, UNCLE BEN'S",,Teravili ja pasta,370,7.6,78.7,2.8,3.5,0.5,0.48,0.015,usda_sr_legacy
12726,"Rice flour, brown",,Teravili ja pasta,363,7.2,76.5,2.8,4.6,0.7,0.56,0.02,usda_sr_legacy
13494,"Rice flour, white",,Teravili ja pasta,366,6,80.1,1.4,2.4,0.1,0.39,0,usda_sr_legacy
12742,"Rice noodles, cooked",,Teravili ja pasta,108,1.8,24,0.2,1,0,0.02,0.048,usda_sr_legacy
13522,"Rice noodles, dry",,Teravili ja pasta,364,6,80.2,0.6,1.6,0.1,0.15,0.455,usda_sr_legacy
13491,"Rice, white, glutinous, cooked",,Teravili ja pasta,97,2,21.1,0.2,1,0.1,0.04,0.013,usda_sr_legacy
12711,"Rice, white, glutinous, uncooked",,Teravili ja pasta,370,6.8,81.7,0.6,2.8,,0.11,0.018,usda_sr_legacy
12706,"Rice, white, long-grain, cooked",,Teravili ja pasta,130,2.7,28.2,0.3,0.4,0.1,0.08,0.003,usda_sr_legacy
13537,"Rice, white, long-grain, cooked without salt",,Teravili ja pasta,130,2.7,28.2,0.3,0.4,0.1,0.08,0.003,usda_sr_legacy
13533,"Rice, white, long-grain, cooked, with salt",,Teravili ja pasta,130,2.7,28.2,0.3,0.4,0.1,0.08,0.955,usda_sr_legacy
12763,"Rice, white, long-grain, cooked, with salt",,Teravili ja pasta,130,2.7,28.2,0.3,0.4,0.1,0.08,0.955,usda_sr_legacy
13539,"Rice, white, long-grain, parboiled, cooked",,Teravili ja pasta,123,2.9,26.1,0.4,0.9,0.1,0.07,0.005,usda_sr_legacy
13488,"Rice, white, long-grain, parboiled, cooked",,Teravili ja pasta,123,2.9,26.1,0.4,0.9,0.1,0.07,0.005,usda_sr_legacy
13538,"Rice, white, long-grain, parboiled, dry",,Teravili ja pasta,374,7.5,80.9,1,1.8,0.3,0.29,0.005,usda_sr_legacy
13487,"Rice, white, long-grain, parboiled, dry",,Teravili ja pasta,374,7.5,80.9,1,1.8,0.3,0.29,0.005,usda_sr_legacy
13489,"Rice, white, long-grain, precooked or instant, dry",,Teravili ja pasta,380,7.8,82.3,0.9,1.9,0.1,0.15,0.025,usda_sr_legacy
13490,"Rice, white, long-grain, precooked or instant, prepared",,Teravili ja pasta,124,2.2,26.8,0.5,0.6,0,0.02,0.01,usda_sr_legacy
12705,"Rice, white, long-grain, raw",,Teravili ja pasta,365,7.1,80,0.7,1.3,0.1,0.18,0.013,usda_sr_legacy
13536,"Rice, white, long-grain, raw",,Teravili ja pasta,365,7.1,80,0.7,1.3,0.1,0.18,0.013,usda_sr_legacy
12758,"Rice, white, medium-grain, cooked",,Teravili ja pasta,130,2.4,28.6,0.2,0,,0.06,0,usda_sr_legacy
12708,"Rice, white, medium-grain, cooked",,Teravili ja pasta,130,2.4,28.6,0.2,0.3,,0.06,0,usda_sr_legacy
12707,"Rice, white, medium-grain, raw",,Teravili ja pasta,360,6.6,79.3,0.6,1.4,,0.16,0.003,usda_sr_legacy
13540,"Rice, white, medium-grain, raw",,Teravili ja pasta,360,6.6,79.3,0.6,0,,0.16,0.003,usda_sr_legacy
12710,"Rice, white, short-grain, cooked",,Teravili ja pasta,130,2.4,28.7,0.2,0,,0.05,0,usda_sr_legacy
12760,"Rice, white, short-grain, cooked",,Teravili ja pasta,130,2.4,28.7,0.2,0,,0.05,0,usda_sr_legacy
12759,"Rice, white, short-grain, raw",,Teravili ja pasta,358,6.5,79.2,0.5,0,,0.14,0.003,usda_sr_legacy
12709,"Rice, white, short-grain, uncooked",,Teravili ja pasta,358,6.5,79.2,0.5,2.8,,0.14,0.003,usda_sr_legacy
13492,"Rice, white, steamed, Chinese restaurant",,Teravili ja pasta,151,3.2,33.9,0.3,0.9,,,0.013,usda_sr_legacy
108,Rolled oats (cooked),,Teravili ja pasta,71,2.5,12,1.5,1.7,0,,,
107,Rolled oats (raw),,Teravili ja pasta,389,16.9,66.3,6.9,10.6,0,,,
12713,"Rye flour, dark",,Teravili ja pasta,325,15.9,68.6,2.2,23.8,2.3,0.27,0.005,usda_sr_legacy
12715,"Rye flour, light",,Teravili ja pasta,357,9.8,76.7,1.3,8,0.9,0.15,0.005,usda_sr_legacy
12714,"Rye flour, medium",,Teravili ja pasta,349,10.9,75.4,1.5,11.8,1.1,0.18,0.005,usda_sr_legacy
12712,Rye grain,,Teravili ja pasta,338,10.3,75.9,1.6,15.1,1,0.2,0.005,usda_sr_legacy
13495,Semolina,,Teravili ja pasta,360,12.7,72.8,1.1,3.9,,0.15,0.003,usda_sr_legacy
12761,Semolina,,Teravili ja pasta,360,12.7,72.8,1.1,3.9,,0.15,0.003,usda_sr_legacy
16769,"Sorghum flour, refined",,Teravili ja pasta,357,9.5,76.9,1.2,1.9,,0.3,0.003,usda_sr_legacy
12771,"Sorghum flour, whole-grain",,Teravili ja pasta,359,8.4,76.6,3.3,6.6,1.9,0.53,0.008,usda_sr_legacy
13496,Sorghum grain,,Teravili ja pasta,329,10.6,72.1,3.5,6.7,2.5,0.61,0.005,usda_sr_legacy
12762,"Spaghetti, protein-fortified, cooked, enriched (n x 6.25)",,Teravili ja pasta,164,8.9,30.9,0.2,2,,0.03,0.013,usda_sr_legacy
12765,"Spaghetti, protein-fortified, dry, enriched (n x 6.25)",,Teravili ja pasta,374,21.8,65.7,2.2,2.4,,0.33,0.02,usda_sr_legacy
12740,"Spaghetti, spinach, cooked",,Teravili ja pasta,130,4.6,26.2,0.6,0,,0.09,0.035,usda_sr_legacy
12739,"Spaghetti, spinach, dry",,Teravili ja pasta,372,13.4,74.8,1.6,10.6,2.7,0.23,0.09,usda_sr_legacy
13526,"Spelt, cooked",,Teravili ja pasta,127,5.5,26.4,0.9,3.9,,,0.013,usda_sr_legacy
13525,"Spelt, uncooked",,Teravili ja pasta,338,14.6,70.2,2.4,10.7,6.8,0.41,0.02,usda_sr_legacy
109,Steel cut oats (raw),,Teravili ja pasta,380,14,67,6.5,10,0,,,
103,Sticky rice (cooked),,Teravili ja pasta,169,3.5,37.3,0.3,0.2,0,,,
102,Sushi rice (cooked),,Teravili ja pasta,175,3,38,0.5,0.3,0,,,
13497,"Tapioca, pearl, dry",,Teravili ja pasta,358,0.2,88.7,0,0.9,3.4,0.01,0.003,usda_sr_legacy
12746,"Teff, cooked",,Teravili ja pasta,101,3.9,19.9,0.7,2.8,,,0.02,usda_sr_legacy
13527,"Teff, uncooked",,Teravili ja pasta,367,13.3,73.1,2.4,8,1.8,0.45,0.03,usda_sr_legacy
13498,Triticale,,Teravili ja pasta,336,13.1,72.1,2.1,0,,0.37,0.013,usda_sr_legacy
12716,"Triticale flour, whole-grain",,Teravili ja pasta,338,13.2,73.1,1.8,14.6,,0.32,0.005,usda_sr_legacy
11975,Vital wheat gluten,,Teravili ja pasta,370,75.2,13.8,1.9,0.6,0,0.27,0.073,usda_sr_legacy
13502,"Wheat bran, crude",,Teravili ja pasta,216,15.6,64.5,4.3,42.8,0.4,0.63,0.005,usda_sr_legacy
13501,"Wheat, durum",,Teravili ja pasta,339,13.7,71.1,2.5,0,,0.45,0.005,usda_sr_legacy
12741,"Wheat flours, bread",,Teravili ja pasta,361,12,72.5,1.7,2.4,0.3,0.24,0.005,usda_sr_legacy
13541,"Wheat flour, white, all-purpose",,Teravili ja pasta,364,10.3,76.3,1,2.7,0.3,0.16,0.005,usda_sr_legacy
12722,"Wheat flour, white, all-purpose, bleached",,Teravili ja pasta,364,10.3,76.3,1,2.7,0.3,0.16,0.005,usda_sr_legacy
13534,"Wheat flour, white, all-purpose, calcium-fortified",,Teravili ja pasta,364,10.3,76.3,1,2.7,,0.16,0.005,usda_sr_legacy
12723,"Wheat flour, white, all-purpose, self-rising",,Teravili ja pasta,354,9.9,74.2,1,2.7,0.2,0.15,2.983,usda_sr_legacy
12764,"Wheat flour, white, all-purpose, unbleached",,Teravili ja pasta,364,10.3,76.3,1,2.7,0.3,0.16,0.005,usda_sr_legacy
12724,"Wheat flour, white, bread",,Teravili ja pasta,361,12,72.5,1.7,2.4,0.3,0.24,0.005,usda_sr_legacy
13503,"Wheat flour, white, cake",,Teravili ja pasta,362,8.2,78,0.9,1.7,0.3,0.13,0.005,usda_sr_legacy
15616,"Wheat flour, white (industrial), 10% protein, bleached",,Teravili ja pasta,366,9.7,76.2,1.5,2.4,0.5,0.3,0.005,usda_sr_legacy
15617,"Wheat flour, white (industrial), 10% protein, bleached",,Teravili ja pasta,366,9.7,76.2,1.5,2.4,0.5,0.3,0.005,usda_sr_legacy
12766,"Wheat flour, white (industrial), 10% protein, unbleached",,Teravili ja pasta,366,9.7,76.2,1.5,2.4,0.5,0.3,0.005,usda_sr_legacy
12767,"Wheat flour, white (industrial), 11.5% protein, bleached",,Teravili ja pasta,363,11.5,73.8,1.5,2.4,1.1,0.27,0.005,usda_sr_legacy
12768,"Wheat flour, white (industrial), 11.5% protein, bleached",,Teravili ja pasta,363,11.5,73.8,1.5,2.4,1.1,0.27,0.005,usda_sr_legacy
12769,"Wheat flour, white (industrial), 11.5% protein, unbleached",,Teravili ja pasta,363,11.5,73.8,1.5,2.4,1.1,0.27,0.005,usda_sr_legacy
12770,"Wheat flour, white (industrial), 13% protein, bleached",,Teravili ja pasta,362,13.1,72.2,1.4,2.4,1.1,0.19,0.005,usda_sr_legacy
15618,"Wheat flour, white (industrial), 13% protein, bleached",,Teravili ja pasta,362,13.1,72.2,1.4,2.4,1.1,0.19,0.005,usda_sr_legacy
15619,"Wheat flour, white (industrial), 15% protein, bleached",,Teravili ja pasta,362,15.3,69.9,1.4,2.4,0.9,0.27,0.005,usda_sr_legacy
15620,"Wheat flour, white (industrial), 15% protein, bleached",,Teravili ja pasta,362,15.3,69.9,1.4,2.4,0.9,0.27,0.005,usda_sr_legacy
15614,"Wheat flour, white (industrial), 9% protein, bleached",,Teravili ja pasta,367,8.9,77.3,1.4,0,0.5,0.34,0.005,usda_sr_legacy
15615,"Wheat flour, white (industrial), 9% protein, bleached",,Teravili ja pasta,367,8.9,77.3,1.4,2.4,0.5,0.34,0.005,usda_sr_legacy
13504,"Wheat flour, white, tortilla mix",,Teravili ja pasta,405,9.7,67.1,10.6,0,,4.1,1.693,usda_sr_legacy
12721,"Wheat flour, whole-grain",,Teravili ja pasta,340,13.2,72,2.5,10.7,0.4,0.43,0.005,usda_sr_legacy
12772,"Wheat flour, whole-grain, soft wheat",,Teravili ja pasta,332,9.6,74.5,2,13.1,1,0.43,0.008,usda_sr_legacy
12720,"Wheat germ, crude",,Teravili ja pasta,360,23.2,51.8,9.7,13.2,,1.67,0.03,usda_sr_legacy
12717,"Wheat, hard red spring",,Teravili ja pasta,329,15.4,68,1.9,12.2,0.4,0.31,0.005,usda_sr_legacy
12718,"Wheat, hard red winter",,Teravili ja pasta,327,12.6,71.2,1.5,12.2,0.4,0.27,0.005,usda_sr_legacy
13499,"Wheat, hard white",,Teravili ja pasta,342,11.3,75.9,1.7,12.2,0.4,0.28,0.005,usda_sr_legacy
13524,"Wheat, KAMUT khorasan, cooked",,Teravili ja pasta,132,5.7,27.6,0.8,4.3,3.1,0.08,0.02,usda_sr_legacy
13523,"Wheat, KAMUT khorasan, uncooked",,Teravili ja pasta,337,14.5,70.6,2.1,11.1,7.8,0.2,0.013,usda_sr_legacy
12719,"Wheat, soft red winter",,Teravili ja pasta,331,10.4,74.2,1.6,12.5,0.4,0.29,0.005,usda_sr_legacy
13500,"Wheat, soft white",,Teravili ja pasta,340,10.7,75.4,2,12.7,0.4,0.37,0.005,usda_sr_legacy
13505,"Wheat, sprouted",,Teravili ja pasta,198,7.5,42.5,1.3,1.1,,0.21,0.04,usda_sr_legacy
92,White rice (cooked),,Teravili ja pasta,130,2.7,28.2,0.3,0.4,0,,,
91,White rice (raw),,Teravili ja pasta,364,6.7,79.3,0.7,0.4,0,,,
100,Wild rice (cooked),,Teravili ja pasta,101,4,21.3,0.3,1.8,0,,,
12725,"Wild rice, cooked",,Teravili ja pasta,101,4,21.3,0.3,1.8,0.7,0.05,0.008,usda_sr_legacy
99,Wild rice (raw),,Teravili ja pasta,357,14.7,74.9,1.1,6.2,0,,,
13506,"Wild rice, raw",,Teravili ja pasta,357,14.7,74.9,1.1,6.2,2.5,0.16,0.018,usda_sr_legacy
13565,"APPLEBEE'S, 9 oz house sirloin steak",,Valmistoidud,189,26.9,0,9.1,0,0,3.48,1.51,usda_sr_legacy
12798,"APPLEBEE'S, chicken tenders, from kids' menu",,Valmistoidud,296,19.3,18.4,16.2,1.2,0.4,2.85,1.908,usda_sr_legacy
13575,"APPLEBEE'S, chicken tenders platter",,Valmistoidud,297,19.6,18,16.2,1,0.4,2.85,1.85,usda_sr_legacy
12804,"APPLEBEE'S, chili",,Valmistoidud,157,12.6,4.6,9.8,1.4,2.3,4.15,0.953,usda_sr_legacy
12806,"APPLEBEE'S, coleslaw",,Valmistoidud,120,0.8,13.2,7.1,2.8,9.3,1.06,0.445,usda_sr_legacy
13574,"APPLEBEE'S, crunchy onion rings",,Valmistoidud,356,4.6,40.2,19.6,3.1,4.5,3.57,2.083,usda_sr_legacy
12794,"APPLEBEE'S, Double Crunch Shrimp",,Valmistoidud,323,12.3,26,18.9,2.6,1.1,3.37,2.095,usda_sr_legacy
12803,"APPLEBEE'S, fish, hand battered",,Valmistoidud,202,13.2,16.7,9.1,0.9,0.5,1.61,1.518,usda_sr_legacy
12795,"APPLEBEE'S, french fries",,Valmistoidud,290,3.3,39.5,13.2,3.9,0,2.33,1.545,usda_sr_legacy
12796,"APPLEBEE'S, KRAFT, Macaroni & Cheese, from kid's menu",,Valmistoidud,143,5,21.1,4.3,1.3,3.7,1.31,0.72,usda_sr_legacy
12797,"APPLEBEE'S, mozzarella sticks",,Valmistoidud,316,14.9,22.9,18.4,2.1,2.8,6.73,2.095,usda_sr_legacy
14518,"ARBY'S, roast beef sandwich, classic",,Valmistoidud,242,15.2,22.2,10.3,1.3,3.8,3.4,1.633,usda_sr_legacy
13563,"BANQUET, Salisbury Steak With Gravy, family size, frozen, unprepared",,Valmistoidud,155,6.9,7,11.1,1,0.3,4.28,1.293,usda_sr_legacy
16839,"Beef, corned beef hash, with potato, canned",,Valmistoidud,164,8.7,9.3,10.2,1.1,0.3,4.32,1.03,usda_sr_legacy
15688,"Beef macaroni with tomato sauce, frozen entree, reduced fat",,Valmistoidud,113,5.9,18,2,1.4,3.8,0.44,0.445,usda_sr_legacy
15691,"Beef Pot Pie, frozen entree, prepared",,Valmistoidud,220,7.3,22.1,11.4,0.8,,4.15,0.913,usda_sr_legacy
16837,"Beef stew, canned entree",,Valmistoidud,99,4.4,7.9,5.5,0.9,1.8,2.19,0.97,usda_sr_legacy
14056,"BURGER KING, Cheeseburger",,Valmistoidud,286,14.6,23.7,14.8,1,4.5,6.84,1.505,usda_sr_legacy
14458,"BURGER KING, Chicken Strips",,Valmistoidud,292,18.2,20.5,15.3,1.3,0,2.7,2.148,usda_sr_legacy
15674,"BURGER KING, CROISSAN'WICH with Egg and Cheese",,Valmistoidud,283,10.4,24.8,15.8,0.7,4,4.77,1.625,usda_sr_legacy
16823,"BURGER KING, CROISSAN'WICH with Sausage and Cheese",,Valmistoidud,376,13.7,23,25.5,0.7,3.4,8.6,1.955,usda_sr_legacy
16822,"BURGER KING, CROISSAN'WICH with Sausage, Egg and Cheese",,Valmistoidud,308,12.1,15.9,21.8,1.8,3.1,8.34,1.443,usda_sr_legacy
14101,"BURGER KING, Double Cheeseburger",,Valmistoidud,282,16.8,17.4,16.1,0,4.2,6.92,1.405,usda_sr_legacy
14456,"BURGER KING, DOUBLE WHOPPER, no cheese",,Valmistoidud,252,13.9,13.7,15.7,1.4,3.5,5.77,0.723,usda_sr_legacy
14457,"BURGER KING, DOUBLE WHOPPER, with cheese",,Valmistoidud,266,14.5,13.5,17.1,1.6,3.6,7,0.968,usda_sr_legacy
14054,"BURGER KING, french fries",,Valmistoidud,280,3.2,38.7,12.5,2.9,0.5,2.14,0.698,usda_sr_legacy
15675,"BURGER KING, french toast sticks",,Valmistoidud,349,6,41.2,17.7,1.4,9.9,3.99,1.07,usda_sr_legacy
14055,"BURGER KING, Hamburger",,Valmistoidud,261,14.9,26.8,10.6,1,5.6,3.82,1.153,usda_sr_legacy
15676,"BURGER KING, Hash Brown Rounds",,Valmistoidud,302,2.8,29.4,19.3,2.3,0.6,3.29,1.42,usda_sr_legacy
14498,"BURGER KING, Onion Rings",,Valmistoidud,417,3.9,43.6,25.2,2.7,5.4,4.19,1.94,usda_sr_legacy
14058,"BURGER KING, Original Chicken Sandwich",,Valmistoidud,286,12.1,26.2,14.7,2.4,3,2.72,1.595,usda_sr_legacy
14057,"BURGER KING, Premium Fish Sandwich",,Valmistoidud,260,10.3,26.7,12.5,0.9,3.5,1.95,1.505,usda_sr_legacy
14427,"BURGER KING, Vanilla Shake",,Valmistoidud,168,3.2,19,8.7,0,11.7,5.34,0.25,usda_sr_legacy
14454,"BURGER KING, WHOPPER, no cheese",,Valmistoidud,233,10.7,18.6,12.8,1.8,4.2,4.25,0.783,usda_sr_legacy
14455,"BURGER KING, WHOPPER, with cheese",,Valmistoidud,250,11.2,16.7,15.3,1,4.1,5.78,1.133,usda_sr_legacy
16843,"Burrito, bean and cheese, frozen",,Valmistoidud,221,7.1,34,6.3,3.4,3.2,1.34,0.878,usda_sr_legacy
16842,"Burrito, beef and bean, frozen",,Valmistoidud,239,7.3,30.8,9.6,4.2,0.7,2.95,1.468,usda_sr_legacy
15700,"Burrito, beef and bean, microwaved",,Valmistoidud,298,8.7,39,11.9,6.9,1.4,4.07,1.648,usda_sr_legacy
1676,Calzone,,Valmistoidud,272,13.5,30.5,11,1.8,0,,,
1687,Carpaccio,,Valmistoidud,145,18.5,1.5,7.5,0.3,0,,,
12822,"CARRABBA'S ITALIAN GRILL, cheese ravioli with marinara sauce",,Valmistoidud,156,8,17.6,6,1.4,4.2,2.82,0.928,usda_sr_legacy
13591,"CARRABBA'S ITALIAN GRILL, chicken parmesan without cavatappi pasta",,Valmistoidud,206,19,7.8,11,0.9,2.9,3.52,1.168,usda_sr_legacy
12816,"CARRABBA'S ITALIAN GRILL, lasagne",,Valmistoidud,191,10.5,12.4,11.1,1.3,2.8,4.37,1.31,usda_sr_legacy
11922,"CARRABBA'S ITALIAN GRILL, spaghetti with meat sauce",,Valmistoidud,122,5.9,15.7,3.9,1.5,2,1.1,0.675,usda_sr_legacy
13587,"CARRABBA'S ITALIAN GRILL, spaghetti with pomodoro sauce",,Valmistoidud,104,3.4,18.6,1.8,1.7,1.9,0.36,0.545,usda_sr_legacy
1690,Cheeseburger,,Valmistoidud,325,18.5,26,16.5,1.5,0,,,
1691,Chicken burger,,Valmistoidud,280,19.5,28,10.5,1.5,0,,,
15709,"Chicken, nuggets, dark and white meat, precooked, frozen",,Valmistoidud,268,12,16.1,17.3,1.6,0.7,3.6,1.35,usda_sr_legacy
15710,"Chicken, nuggets, white meat, precooked, frozen",,Valmistoidud,261,14.4,16.2,15.4,0.7,1.3,3.37,1.345,usda_sr_legacy
1685,Chicken parmigiana,,Valmistoidud,285,26.5,14.5,13.5,1.5,0,,,
16838,"Chicken pot pie, frozen entree, prepared",,Valmistoidud,204,5.1,19.2,11.9,1.1,2.3,4.37,0.983,usda_sr_legacy
16853,"Chicken tenders, breaded, frozen, prepared",,Valmistoidud,240,14.6,14.9,13.6,1.7,0.6,2.44,1.318,usda_sr_legacy
12789,"Chicken, thighs, frozen, breaded, reheated",,Valmistoidud,334,18.7,14.2,22.5,0.1,0,5.21,2.033,usda_sr_legacy
14517,"CHICK-FIL-A, chicken sandwich",,Valmistoidud,249,16.3,20.9,11.2,1.4,3.6,2.12,1.883,usda_sr_legacy
14030,"CHICK-FIL-A, Chick-n-Strips",,Valmistoidud,228,21.4,10.4,11.2,0.9,1.2,2.06,1.443,usda_sr_legacy
14031,"CHICK-FIL-A, hash browns",,Valmistoidud,301,3,30.5,18.5,3.2,0.5,2.78,1.135,usda_sr_legacy
15695,"Chili con carne with beans, canned entree",,Valmistoidud,107,5.8,13.1,3.5,3.3,1.9,1.25,1.123,usda_sr_legacy
15696,"Chili, no beans, canned entree",,Valmistoidud,118,7.5,6.1,7.1,0.5,1.1,2.26,1.028,usda_sr_legacy
15708,"Chili with beans, microwavable bowls",,Valmistoidud,100,5.9,10.9,3.7,2.9,1.8,1.37,0.963,usda_sr_legacy
16852,"Corn dogs, frozen, prepared",,Valmistoidud,250,8.6,27,12,1,7.5,3.47,1.67,usda_sr_legacy
13576,"CRACKER BARREL, chicken tenderloin platter, fried",,Valmistoidud,293,18.1,20.3,15.5,0.7,0.1,2.76,2.185,usda_sr_legacy
11909,"CRACKER BARREL, chicken tenderloin platter, fried, from kid's menu",,Valmistoidud,294,18.7,20.2,15.4,1,0.2,2.83,2.178,usda_sr_legacy
13577,"CRACKER BARREL, coleslaw",,Valmistoidud,175,0.9,13,13.2,1.6,11.1,2.04,0.275,usda_sr_legacy
11910,"CRACKER BARREL, country fried shrimp platter",,Valmistoidud,287,12.6,21.4,16.8,0.3,,3.06,2.625,usda_sr_legacy
11911,"CRACKER BARREL, farm raised catfish platter",,Valmistoidud,266,22.9,5.3,17.1,1.6,,3.25,1.035,usda_sr_legacy
11560,"CRACKER BARREL, grilled sirloin steak",,Valmistoidud,203,31.5,0,8.5,0,,3.05,0.45,usda_sr_legacy
13583,"CRACKER BARREL, macaroni n' cheese",,Valmistoidud,194,6.5,15.6,11.8,1.1,2.8,4.18,0.938,usda_sr_legacy
11561,"CRACKER BARREL, macaroni n' cheese plate, from kid's menu",,Valmistoidud,192,6.5,15.6,11.5,0.7,2.8,4.2,0.935,usda_sr_legacy
12807,"CRACKER BARREL, onion rings, thick-cut",,Valmistoidud,327,4.8,41,16,2.2,4.8,2.94,1.158,usda_sr_legacy
11559,"CRACKER BARREL, steak fries",,Valmistoidud,255,3.3,30.9,13.2,3.5,0.9,2.37,0.108,usda_sr_legacy
11915,"DENNY'S, chicken nuggets, star shaped, from kid's menu",,Valmistoidud,377,16.3,13.6,28.6,0.8,0,5.61,1.61,usda_sr_legacy
12808,"DENNY'S, chicken strips",,Valmistoidud,295,19.2,22,14.5,1.1,0.3,2.59,1.995,usda_sr_legacy
12809,"DENNY'S, coleslaw",,Valmistoidud,183,1,10.9,15,1.3,8.2,2.34,0.94,usda_sr_legacy
12810,"DENNY'S, fish fillet, battered or breaded, fried",,Valmistoidud,234,13.8,17.4,12.2,1,0.4,2.14,1.29,usda_sr_legacy
11562,"DENNY'S, french fries",,Valmistoidud,282,3.4,35.2,14.1,3.5,0.9,2.53,0.11,usda_sr_legacy
11913,"DENNY'S, golden fried shrimp",,Valmistoidud,319,13.9,20.9,20,1.5,0.8,3.52,3.5,usda_sr_legacy
12811,"DENNY'S, hash browns",,Valmistoidud,197,2.5,26.6,9,2.7,1.4,1.69,1.17,usda_sr_legacy
11914,"DENNY'S, macaroni & cheese, from kid's menu",,Valmistoidud,150,5.2,21.2,4.9,1.2,4.2,1.38,0.75,usda_sr_legacy
11912,"DENNY'S, mozzarella cheese sticks",,Valmistoidud,324,13.6,27.2,17.9,1.6,2.8,6.64,2.52,usda_sr_legacy
13578,"DENNY'S, onion rings",,Valmistoidud,385,5.3,41.1,22.2,2.4,4.8,3.73,1.95,usda_sr_legacy
13579,"DENNY'S, spaghetti and meatballs",,Valmistoidud,170,7.8,15.5,8.5,1.5,2,3.1,0.878,usda_sr_legacy
11563,"DENNY'S, top sirloin steak",,Valmistoidud,182,28.9,0.1,7.3,0,,2.6,0.873,usda_sr_legacy
14088,"DIGIORNO Pizza, cheese topping, cheese stuffed crust, frozen, baked",,Valmistoidud,279,13.5,29.9,11.7,1.9,,5.63,2.015,usda_sr_legacy
14089,"DIGIORNO Pizza, cheese topping, rising crust, frozen, baked",,Valmistoidud,256,12.8,31.8,8.6,2.4,5,3.51,1.74,usda_sr_legacy
14485,"DIGIORNO Pizza, cheese topping, thin crispy crust, frozen, baked",,Valmistoidud,247,13,26.5,9.9,3,,4.6,1.265,usda_sr_legacy
14486,"DIGIORNO Pizza, pepperoni topping, cheese stuffed crust, frozen, baked",,Valmistoidud,279,13.9,29.5,11.7,2.1,,5.01,1.883,usda_sr_legacy
14487,"DIGIORNO Pizza, pepperoni topping, rising crust, frozen, baked",,Valmistoidud,265,12.5,31.2,10.1,2.3,5.1,3.76,1.858,usda_sr_legacy
14488,"DIGIORNO Pizza, pepperoni topping, thin crispy crust, frozen, baked",,Valmistoidud,283,13.2,28.7,12.9,2.8,,4.97,1.658,usda_sr_legacy
14090,"DIGIORNO Pizza, supreme topping, rising crust, frozen, baked",,Valmistoidud,255,11.7,27.9,10.7,2.3,4.7,3.97,1.78,usda_sr_legacy
14091,"DIGIORNO Pizza, supreme topping, thin crispy crust, frozen, baked",,Valmistoidud,255,11.4,28.1,10.8,2.8,,4.38,1.388,usda_sr_legacy
16789,"DOMINO'S 14"" Cheese Pizza, Classic Hand-Tossed Crust",,Valmistoidud,257,10.8,33.2,9,2.2,4,4.11,1.308,usda_sr_legacy
15641,"DOMINO'S 14"" Cheese Pizza, Crunchy Thin Crust",,Valmistoidud,298,12.3,28.2,15.1,2.5,4.1,6.35,1.57,usda_sr_legacy
16790,"DOMINO'S 14"" Cheese Pizza, Ultimate Deep Dish Crust",,Valmistoidud,265,10.8,33.5,9.8,2.4,4.2,4.06,1.538,usda_sr_legacy
15644,"DOMINO'S 14"" EXTRAVAGANZZA FEAST Pizza, Classic Hand-Tossed Crust",,Valmistoidud,244,10.3,25.7,11.1,2,3.3,4.39,1.14,usda_sr_legacy
15642,"DOMINO'S 14"" Pepperoni Pizza, Classic Hand-Tossed Crust",,Valmistoidud,273,11.3,31.9,11.2,2.1,3.7,4.78,1.528,usda_sr_legacy
14097,"DOMINO'S 14"" Pepperoni Pizza, Crunchy Thin Crust",,Valmistoidud,328,13.9,25.4,19.1,2.6,3.7,7.56,1.958,usda_sr_legacy
15643,"DOMINO'S 14"" Pepperoni Pizza, Ultimate Deep Dish Crust",,Valmistoidud,283,11.5,31.9,12.1,2.4,3.9,4.86,1.733,usda_sr_legacy
14493,"DOMINO'S 14"" Sausage Pizza, Classic Hand-Tossed Crust",,Valmistoidud,273,11.1,31.8,11.2,2.4,3.9,4.61,1.485,usda_sr_legacy
14098,"DOMINO'S 14"" Sausage Pizza, Crunchy Thin Crust",,Valmistoidud,319,12.8,25.3,18.5,2.6,3.4,7.08,1.813,usda_sr_legacy
14494,"DOMINO'S 14"" Sausage Pizza, Ultimate Deep Dish Crust",,Valmistoidud,277,11,31.2,12,2.6,3.8,4.76,1.693,usda_sr_legacy
13559,"Dumpling, potato- or cheese-filled, frozen",,Valmistoidud,195,5.3,29.6,6.1,0.9,1.8,1.32,1.185,usda_sr_legacy
1686,Eggplant parmigiana,,Valmistoidud,175,7.5,13.5,10.5,3.5,0,,,
15702,"Egg rolls, chicken, refrigerated, heated",,Valmistoidud,197,10.4,28.5,4.5,2.4,5.6,0.96,1.195,usda_sr_legacy
15701,"Egg rolls, pork, refrigerated, heated",,Valmistoidud,227,9.9,28.5,8.2,0,1.7,1.65,1.018,usda_sr_legacy
15703,"Egg rolls, vegetable, frozen, prepared",,Valmistoidud,214,6,31.8,7,2.4,6,1.14,1.225,usda_sr_legacy
14029,"Fast food, biscuit",,Valmistoidud,370,7.1,42.8,18.9,2.5,3.9,11.8,2.448,usda_sr_legacy
16799,"Fast Food, Pizza Chain, 14"" pizza, cheese topping, regular crust",,Valmistoidud,266,11.4,33.3,9.7,2.3,3.6,4.47,1.495,usda_sr_legacy
14500,"Fast Food, Pizza Chain, 14"" pizza, cheese topping, stuffed crust",,Valmistoidud,274,12.2,30,11.6,1.7,2.9,5.83,1.538,usda_sr_legacy
16800,"Fast Food, Pizza Chain, 14"" pizza, cheese topping, thick crust",,Valmistoidud,271,10.8,33.2,10.5,2.2,3.3,4.23,1.493,usda_sr_legacy
16801,"Fast Food, Pizza Chain, 14"" pizza, cheese topping, thin crust",,Valmistoidud,302,12.9,31.2,14,2.5,3.6,6.22,1.855,usda_sr_legacy
15653,"Fast Food, Pizza Chain, 14"" pizza, meat and vegetable topping, regular crust",,Valmistoidud,244,11,25.4,10.9,2.2,3.7,4.41,1.473,usda_sr_legacy
16802,"Fast Food, Pizza Chain, 14"" pizza, pepperoni topping, regular crust",,Valmistoidud,282,11.7,32,11.9,2.3,3.3,5.09,1.713,usda_sr_legacy
16803,"Fast Food, Pizza Chain, 14"" pizza, pepperoni topping, thick crust",,Valmistoidud,287,11.5,31.8,12.6,2.2,2.9,4.84,1.71,usda_sr_legacy
14489,"Fast Food, Pizza Chain, 14"" pizza, pepperoni topping, thin crust",,Valmistoidud,331,14,29,17.6,2.3,3.2,7.12,2.188,usda_sr_legacy
14094,"Fast Food, Pizza Chain, 14"" pizza, sausage topping, regular crust",,Valmistoidud,280,11.5,30.6,12.4,2.3,3.3,5.03,1.583,usda_sr_legacy
14092,"Fast Food, Pizza Chain, 14"" pizza, sausage topping, thick crust",,Valmistoidud,282,11.1,30.4,12.9,2.3,2.8,4.81,1.593,usda_sr_legacy
14093,"Fast Food, Pizza Chain, 14"" pizza, sausage topping, thin crust",,Valmistoidud,321,13.4,27,17.7,2.5,3,6.89,1.955,usda_sr_legacy
16830,"Fast foods, bagel, with breakfast steak, egg, cheese",,Valmistoidud,282,16,23,14.1,0.2,3,5.42,1.605,usda_sr_legacy
16829,"Fast foods, bagel, with egg, sausage patty, cheese",,Valmistoidud,295,13,22.6,17,0.2,2.9,6.4,1.375,usda_sr_legacy
16775,"Fast foods, biscuit, with crispy chicken fillet",,Valmistoidud,300,11.9,30.6,14.9,1.4,2.6,5.71,2.17,usda_sr_legacy
16773,"Fast foods, biscuit, with egg and bacon",,Valmistoidud,305,11.3,19.1,20.7,0.5,2.2,5.3,2.11,usda_sr_legacy
16774,"Fast foods, biscuit, with egg and ham",,Valmistoidud,233,10.6,16.4,14.1,0.4,2.2,3.08,2.733,usda_sr_legacy
15626,"Fast Foods, biscuit, with egg and sausage",,Valmistoidud,312,11.1,21.1,20.8,0.2,1,6.45,1.68,usda_sr_legacy
15627,"Fast foods, biscuit, with egg, cheese, and bacon",,Valmistoidud,301,12,24.4,17.5,0.2,1.7,5.89,2.04,usda_sr_legacy
15628,"Fast foods, biscuit, with ham",,Valmistoidud,342,11.9,38.8,16.3,0.7,2,10.1,2.435,usda_sr_legacy
15629,"Fast foods, biscuit, with sausage",,Valmistoidud,371,9.7,30,24.4,0.4,1.6,7.43,2.035,usda_sr_legacy
14515,"Fast foods, breadstick, soft, prepared with garlic and parmesan cheese",,Valmistoidud,343,12.2,44.5,12.9,2.4,1.1,2.97,1.348,usda_sr_legacy
14514,"Fast foods, breakfast burrito, with egg, cheese, and sausage",,Valmistoidud,277,11.1,23,15.6,1.2,2.6,6.4,1.86,usda_sr_legacy
15636,"Fast foods, burrito, with beans",,Valmistoidud,206,6.5,32.9,6.2,0,,3.17,1.135,usda_sr_legacy
16784,"Fast foods, burrito, with beans and beef",,Valmistoidud,191,11.5,19.5,7.5,3,2.2,2.91,1.425,usda_sr_legacy
15637,"Fast foods, burrito, with beans and cheese",,Valmistoidud,205,7.4,31.2,6.1,4.2,1.7,2.31,1.408,usda_sr_legacy
16785,"Fast foods, burrito, with beans, cheese, and beef",,Valmistoidud,180,7,23.4,6.8,3.7,2.1,2.73,1.128,usda_sr_legacy
15681,"Fast Foods, cheeseburger, double, large patty, with condiments",,Valmistoidud,253,15.5,12.6,15.6,1.3,3.6,6.52,1.013,usda_sr_legacy
16827,"Fast foods, cheeseburger, double, large patty, with condiments",,Valmistoidud,272,17,14.4,16.2,1,3.5,6.47,1.2,usda_sr_legacy
14020,"Fast foods, cheeseburger, double, regular patty and bun, with condiments",,Valmistoidud,282,16.2,18,16.2,1,4.2,6.96,1.543,usda_sr_legacy
15682,"Fast foods, cheeseburger, double, regular patty, double decker bun with condiments and special sauce",,Valmistoidud,261,11.9,21.5,14.1,1.4,3.3,5.05,1.213,usda_sr_legacy
16826,"Fast foods, cheeseburger, double, regular patty, with condiments",,Valmistoidud,282,16.2,18,16.2,0.9,4.2,6.96,1.543,usda_sr_legacy
14021,"Fast foods, cheeseburger, single, large patty, plain",,Valmistoidud,310,17.3,24.1,16,1.7,4.7,6.87,1.203,usda_sr_legacy
15679,"Fast foods, cheeseburger, single, large patty, with condiments",,Valmistoidud,268,13.7,17.7,15.8,1.1,4.5,5.75,1.183,usda_sr_legacy
15680,"Fast foods, cheeseburger, single, large patty, with condiments",,Valmistoidud,269,15.2,19.7,14.4,1.2,3.6,7.03,1.478,usda_sr_legacy
14417,"Fast foods, cheeseburger, single, regular patty, plain",,Valmistoidud,308,16.5,28,14.7,2,4.9,6.47,1.288,usda_sr_legacy
14418,"Fast foods, cheeseburger, single, regular patty, with condiments",,Valmistoidud,270,13.5,25.5,12.9,1.9,5.2,5.8,1.57,usda_sr_legacy
14419,"Fast foods, cheeseburger, single, regular patty, with condiments and vegetables",,Valmistoidud,254,13.1,25,11.5,1.4,5.1,5.18,1.365,usda_sr_legacy
14445,"Fast foods, chicken, breaded and fried, boneless pieces, plain",,Valmistoidud,307,15.9,14.9,20.4,0.9,0.1,3.57,1.485,usda_sr_legacy
14022,"Fast foods, chicken fillet sandwich, plain with pickles",,Valmistoidud,250,16.3,20.9,11.2,1.4,3.6,2.12,1.883,usda_sr_legacy
16828,"Fast foods, chicken tenders",,Valmistoidud,271,19.2,17.3,14,1.2,0.4,2.49,1.923,usda_sr_legacy
14027,"Fast foods, coleslaw",,Valmistoidud,153,1,14.9,9.9,1.9,12.2,1.6,0.508,usda_sr_legacy
14480,"Fast foods, crispy chicken, bacon, and tomato club sandwich, with cheese",,Valmistoidud,257,15.4,22.6,11.8,1.2,5,3.37,1.513,usda_sr_legacy
14045,"Fast Foods, crispy chicken filet sandwich, with lettuce and mayonnaise",,Valmistoidud,276,10.9,27.4,13.6,1.4,3.4,2.46,1.543,usda_sr_legacy
14512,"Fast foods, crispy chicken in tortilla, with lettuce, cheese, and ranch sauce",,Valmistoidud,275,11.5,23.2,15.1,1.3,2.5,3.84,1.518,usda_sr_legacy
16776,"Fast foods, croissant, with egg, cheese, and bacon",,Valmistoidud,289,12.9,22.5,16.4,1,4.8,7.03,1.505,usda_sr_legacy
16777,"Fast foods, croissant, with egg, cheese, and ham",,Valmistoidud,261,12.5,19,15,0.9,5.4,5.16,1.778,usda_sr_legacy
16778,"Fast foods, croissant, with egg, cheese, and sausage",,Valmistoidud,308,12.1,15.9,21.8,1.8,3.1,8.34,1.443,usda_sr_legacy
16779,"Fast foods, egg, scrambled",,Valmistoidud,212,13.8,2.1,16.2,0,1.6,6.15,0.468,usda_sr_legacy
15630,"Fast foods, english muffin, with cheese and sausage",,Valmistoidud,338,13.3,25.3,20.7,0.5,2,8.15,1.67,usda_sr_legacy
15631,"Fast foods, english muffin, with egg, cheese, and canadian bacon",,Valmistoidud,228,13.6,21.7,9.7,0.4,2.1,3.59,1.543,usda_sr_legacy
15632,"Fast foods, english muffin, with egg, cheese, and sausage",,Valmistoidud,286,13.4,17.4,18.1,0.2,1.5,6.93,1.37,usda_sr_legacy
14023,"Fast foods, fish sandwich, with tartar sauce",,Valmistoidud,257,10.3,26.7,12.5,1,3.5,1.95,1.505,usda_sr_legacy
14024,"Fast foods, fish sandwich, with tartar sauce and cheese",,Valmistoidud,279,11.3,26.4,14.6,0.8,3.7,2.83,1.085,usda_sr_legacy
15633,"Fast foods, french toast sticks",,Valmistoidud,340,6,41.2,17.7,1.4,9.9,3.99,1,usda_sr_legacy
14483,"Fast Foods, Fried Chicken, Breast, meat and skin and breading",,Valmistoidud,230,23.5,6,12.4,0.1,0,3.32,1.643,usda_sr_legacy
14083,"Fast Foods, Fried Chicken, Breast, meat only, skin and breading removed",,Valmistoidud,153,27.9,0,4.5,0,0,1.18,1.28,usda_sr_legacy
14484,"Fast Foods, Fried Chicken, Drumstick, meat and skin with breading",,Valmistoidud,267,21.1,7.6,16.9,0.5,0,4.46,1.478,usda_sr_legacy
14084,"Fast Foods, Fried Chicken, Drumstick, meat only, skin and breading removed",,Valmistoidud,172,26.2,0,7.4,0,0,2,1.23,usda_sr_legacy
14482,"Fast Foods, Fried Chicken, Skin and breading from all pieces",,Valmistoidud,398,14.1,19.6,29.2,0.3,0,7.86,2.413,usda_sr_legacy
14086,"Fast Foods, Fried Chicken, Thigh, meat and skin and breading",,Valmistoidud,274,19.2,8.7,18.1,0.1,0,4.83,1.868,usda_sr_legacy
14085,"Fast Foods, Fried Chicken, Thigh, meat only, skin and breading removed",,Valmistoidud,178,23.2,0.2,9.4,0,0,2.48,1.443,usda_sr_legacy
14087,"Fast Foods, Fried Chicken, Wing, meat and skin and breading",,Valmistoidud,310,21.1,11.2,20.1,0.1,0,5.36,2.168,usda_sr_legacy
14481,"Fast Foods, Fried Chicken, Wing, meat only, skin and breading removed",,Valmistoidud,215,28.8,2.1,10.2,0,0,2.65,1.903,usda_sr_legacy
15656,"Fast foods, griddle cake sandwich, egg, cheese, and bacon",,Valmistoidud,272,12,26.2,13.2,0.8,9.6,4.12,1.795,usda_sr_legacy
15654,"Fast foods, griddle cake sandwich, egg, cheese, and sausage",,Valmistoidud,291,10.8,22,17.7,0.6,7.9,5.65,1.63,usda_sr_legacy
15655,"Fast foods, griddle cake sandwich, sausage",,Valmistoidud,318,8.4,31.3,17.8,1,11.2,5.36,1.843,usda_sr_legacy
14479,"Fast foods, grilled chicken, bacon and tomato club sandwich, with cheese, lettuce",,Valmistoidud,220,17.2,19.9,8.1,1.2,4.7,3.11,1.575,usda_sr_legacy
14095,"Fast Foods, grilled chicken filet sandwich, with lettuce, tomato and spread",,Valmistoidud,182,17.3,16.8,4.6,0.9,3.1,0.95,1.068,usda_sr_legacy
14513,"Fast foods, grilled chicken in tortilla, with lettuce, cheese, and ranch sauce",,Valmistoidud,222,13.8,18.4,10.3,0.9,1.5,3.36,1.443,usda_sr_legacy
15678,"Fast foods, hamburger, double, large patty, with condiments",,Valmistoidud,252,13.9,13.7,15.7,1.4,3.5,5.77,0.723,usda_sr_legacy
14437,"Fast foods, hamburger, large, single patty, with condiments",,Valmistoidud,256,15.7,22.1,11.6,1.1,3.7,4.79,0.935,usda_sr_legacy
16824,"Fast foods, hamburger, single, large patty, with condiments",,Valmistoidud,226,11.3,17.3,12.4,1.5,4,3.97,0.855,usda_sr_legacy
16825,"Fast foods, hamburger, single, regular patty, double decker bun with condiments and special sauce",,Valmistoidud,259,12.2,22.7,13.3,1.4,,4.24,0.965,usda_sr_legacy
14420,"Fast foods, hamburger, single, regular patty, plain",,Valmistoidud,297,16.5,31.5,12,1.7,4.9,4.49,0.828,usda_sr_legacy
14421,"Fast foods, hamburger, single, regular patty, with condiments",,Valmistoidud,263,13.3,29.6,10.2,1.8,6,3.57,1.218,usda_sr_legacy
14028,"Fast foods, hush puppies",,Valmistoidud,296,6.2,40.2,13.3,2.9,3.8,2.62,2.033,usda_sr_legacy
15677,"Fast foods, miniature cinnamon rolls",,Valmistoidud,403,7,53.4,18,2.2,18,4.7,1.385,usda_sr_legacy
14018,"Fast foods, nachos, with cheese",,Valmistoidud,343,4.3,34.9,21.5,3.2,2.2,2.17,0.783,usda_sr_legacy
14019,"Fast foods, nachos, with cheese, beans, ground beef",,Valmistoidud,219,6.2,21.4,12.5,3.7,1.6,2.55,0.87,usda_sr_legacy
14424,"Fast foods, onion rings, breaded and fried",,Valmistoidud,411,3.9,43.6,25.2,2.7,5.4,4.19,1.94,usda_sr_legacy
16780,"Fast foods, potatoes, hash browns, round pieces or patty",,Valmistoidud,272,2.6,28.9,17,2.7,0.6,2.54,1.415,usda_sr_legacy
14425,"Fast foods, potato, french fried in vegetable oil",,Valmistoidud,312,3.4,41.4,14.7,3.8,0.3,2.34,0.525,usda_sr_legacy
14426,"Fast foods, potato, mashed",,Valmistoidud,89,1.7,14.7,2.8,1.3,0.5,0.58,0.765,usda_sr_legacy
14492,"Fast foods, quesadilla, with chicken",,Valmistoidud,294,15.1,24,15.3,1.7,1.9,6.15,1.863,usda_sr_legacy
14422,"Fast foods, roast beef sandwich, plain",,Valmistoidud,244,15.2,22.2,10.3,1.3,3.8,3.4,1.633,usda_sr_legacy
15635,"Fast foods, shrimp, breaded and fried",,Valmistoidud,308,7.8,28,18.9,0.7,0.1,3.84,2.243,usda_sr_legacy
14502,"Fast foods, strawberry banana smoothie made with ice and low-fat yogurt",,Valmistoidud,65,0.9,15.1,0.1,0.9,12.7,0,0.035,usda_sr_legacy
14040,"Fast foods, submarine sandwich, bacon, lettuce, and tomato on white bread",,Valmistoidud,205,10.1,26.7,6.4,1.6,3.6,1.92,0.885,usda_sr_legacy
14423,"Fast foods, submarine sandwich, cold cut on white bread with lettuce and tomato",,Valmistoidud,213,10.5,20.4,10,1.2,3.2,3.55,1.438,usda_sr_legacy
14434,"Fast foods, submarine sandwich, ham on white bread with lettuce and tomato",,Valmistoidud,151,9.1,22.9,2.5,1.3,3.5,0.63,0.99,usda_sr_legacy
14436,"Fast foods, submarine sandwich, meatball marinara on white bread",,Valmistoidud,219,9.8,26,8.5,2.1,5,3.12,1.093,usda_sr_legacy
14036,"Fast foods, submarine sandwich, oven roasted chicken on white bread with lettuce and tomato",,Valmistoidud,157,10.8,21.4,3.2,1.2,3,0.72,0.67,usda_sr_legacy
14025,"Fast foods, submarine sandwich, roast beef on white bread with lettuce and tomato",,Valmistoidud,156,12.2,20.3,2.7,0.7,3,0.97,0.823,usda_sr_legacy
14038,"Fast foods, submarine sandwich, steak and cheese on white bread with cheese, lettuce and tomato",,Valmistoidud,183,12.3,21.5,5.3,1.2,3.4,2.03,1.11,usda_sr_legacy
14033,"Fast foods, submarine sandwich, sweet onion chicken teriyaki on white bread with lettuce, tomato and sweet onion sauce",,Valmistoidud,155,10.9,22.5,2.4,1.2,6.1,0.51,0.763,usda_sr_legacy
14026,"Fast foods, submarine sandwich, tuna on white bread with lettuce and tomato",,Valmistoidud,218,12.3,16,12,0.7,1.9,2.06,0.823,usda_sr_legacy
14433,"Fast foods, submarine sandwich, turkey breast on white bread with lettuce and tomato",,Valmistoidud,147,9.1,22.4,2.3,1.3,3.1,0.48,0.793,usda_sr_legacy
14035,"Fast foods, submarine sandwich, turkey, roast beef and ham on white bread with lettuce and tomato",,Valmistoidud,146,10.7,20.4,2.4,1.4,3.2,0.57,0.87,usda_sr_legacy
16782,"Fast foods, sundae, caramel",,Valmistoidud,196,4.7,31.8,6,0,,2.91,0.315,usda_sr_legacy
16783,"Fast foods, sundae, hot fudge",,Valmistoidud,180,3.6,30.2,5.5,0,,3.18,0.288,usda_sr_legacy
15634,"Fast foods, sundae, strawberry",,Valmistoidud,175,4.1,29.2,5.1,0,,2.44,0.15,usda_sr_legacy
14416,"Fast foods, taco with beef, cheese and lettuce, hard shell",,Valmistoidud,226,8.9,19.9,12.7,3.9,0.9,4.38,0.993,usda_sr_legacy
14490,"Fast foods, taco with beef, cheese and lettuce, soft",,Valmistoidud,206,9.3,20.2,9.8,2.9,1.6,4.16,1.4,usda_sr_legacy
14491,"Fast foods, taco with chicken, lettuce and cheese, soft",,Valmistoidud,189,13.3,19.7,6.4,1.2,1.3,2.56,1.533,usda_sr_legacy
16781,"Fast foods, vanilla, light, soft-serve ice cream, with cone",,Valmistoidud,163,4.2,26.4,4.9,0.1,19.5,2.54,0.203,usda_sr_legacy
1692,Fish burger,,Valmistoidud,265,14.5,30,10,1.5,0,,,
1689,Hamburger,,Valmistoidud,295,16.5,25.5,14.5,1.5,0,,,
1673,Hawaiian pizza,,Valmistoidud,262,12,31,10.5,1.8,0,,,
16833,"HOT POCKETS, CROISSANT POCKETS Chicken, Broccoli, and Cheddar Stuffed Sandwich, frozen",,Valmistoidud,235,8.9,30.4,8.6,1.1,7.6,2.62,0.865,usda_sr_legacy
16834,"HOT POCKETS Ham 'N Cheese Stuffed Sandwich, frozen",,Valmistoidud,270,9.2,24.7,15,1.5,7.6,3.55,0.965,usda_sr_legacy
15705,"HOT POCKETS, meatballs & mozzarella stuffed sandwich, frozen",,Valmistoidud,252,9.3,30.7,10.2,2.2,7.7,3.93,0.945,usda_sr_legacy
13562,"HUNGRY MAN, Salisbury Steak With Gravy, frozen, unprepared",,Valmistoidud,136,8,7,8.5,1.3,0.2,3.43,0.948,usda_sr_legacy
13564,"JIMMY DEAN, Sausage, Egg, and Cheese Breakfast Biscuit, frozen",,Valmistoidud,328,9.3,21.1,22.9,2,3.1,8.6,1.473,usda_sr_legacy
14066,"KFC, biscuit",,Valmistoidud,358,7.5,43.6,17.1,2,4,11.92,2.675,usda_sr_legacy
14067,"KFC, Coleslaw",,Valmistoidud,144,0.9,15.7,8.6,2,13.5,1.3,0.473,usda_sr_legacy
14068,"KFC, Crispy Chicken Strips",,Valmistoidud,274,20.3,13.7,15.4,1.4,0,2.89,2.37,usda_sr_legacy
14075,"KFC, Fried Chicken, EXTRA CRISPY, Breast, meat and skin with breading",,Valmistoidud,268,21.2,8.5,16.6,0,,3.54,1.518,usda_sr_legacy
14071,"KFC, Fried Chicken, EXTRA CRISPY, Breast, meat only",,Valmistoidud,153,27.3,0.3,4.8,0,,1.2,1.193,usda_sr_legacy
14076,"KFC, Fried Chicken, EXTRA CRISPY, Drumstick, meat and skin with breading",,Valmistoidud,274,20.6,8,17.7,0,,3.89,1.58,usda_sr_legacy
14072,"KFC, Fried Chicken, EXTRA CRISPY, Drumstick, meat only",,Valmistoidud,170,25.9,0,7.4,0,,1.89,1.315,usda_sr_legacy
14070,"KFC, Fried Chicken, EXTRA CRISPY, Skin and Breading",,Valmistoidud,464,11,22.5,36.6,1.5,0,7.54,2.07,usda_sr_legacy
14473,"KFC, Fried Chicken, EXTRA CRISPY, Thigh, meat and skin with breading",,Valmistoidud,309,17.2,10.3,22.1,0,,4.92,1.705,usda_sr_legacy
14469,"KFC, Fried Chicken, EXTRA CRISPY, Thigh, meat only",,Valmistoidud,179,22.4,0,10,0,,2.71,1.395,usda_sr_legacy
14474,"KFC, Fried Chicken, EXTRA CRISPY, Wing, meat and skin with breading",,Valmistoidud,337,20.8,11.7,23,0,,4.8,1.913,usda_sr_legacy
14470,"KFC, Fried Chicken, EXTRA CRISPY, Wing, meat only",,Valmistoidud,236,28.7,3,12.1,0,,2.6,1.785,usda_sr_legacy
14471,"KFC, Fried Chicken, ORIGINAL RECIPE, Breast, meat and skin with breading",,Valmistoidud,231,21.9,6.3,13.1,0,0,2.98,1.515,usda_sr_legacy
14466,"KFC, Fried Chicken, ORIGINAL RECIPE, Breast, meat only",,Valmistoidud,149,26.9,0,4.6,0,,1.03,1.248,usda_sr_legacy
14472,"KFC, Fried Chicken, ORIGINAL RECIPE, Drumstick, meat and skin with breading",,Valmistoidud,239,22.3,5.4,14.2,0,,3.24,1.563,usda_sr_legacy
14467,"KFC, Fried Chicken, ORIGINAL RECIPE, Drumstick, meat only",,Valmistoidud,175,26.3,0.1,7.7,0,,1.84,1.31,usda_sr_legacy
14465,"KFC, Fried Chicken, ORIGINAL RECIPE, Skin and Breading",,Valmistoidud,384,14.2,18.8,28,0,0,6.34,2.605,usda_sr_legacy
14073,"KFC, Fried Chicken, ORIGINAL RECIPE, Thigh, meat and skin with breading",,Valmistoidud,269,18.9,8.5,17.7,0,0,4.12,1.953,usda_sr_legacy
14468,"KFC, Fried Chicken, ORIGINAL RECIPE, Thigh, meat only",,Valmistoidud,175,22.8,0,9.3,0,,2.31,1.42,usda_sr_legacy
14074,"KFC, Fried Chicken, ORIGINAL RECIPE, Wing, meat and skin with breading",,Valmistoidud,297,21.7,9.9,18.9,0,0,4.25,2.21,usda_sr_legacy
14069,"KFC, Fried Chicken, ORIGINAL RECIPE, Wing, meat only",,Valmistoidud,216,28.7,1.8,10.5,0,,2.32,1.845,usda_sr_legacy
14464,"KFC, Popcorn Chicken",,Valmistoidud,351,17.7,21.2,21.7,1,0,3.95,2.85,usda_sr_legacy
1680,Lasagna,,Valmistoidud,205,12.5,18.5,9.5,1.8,0,,,
16840,"Lasagna, cheese, frozen, prepared",,Valmistoidud,130,6.5,13.8,5.3,1.7,4.2,2.11,0.71,usda_sr_legacy
12788,"Lasagna, cheese, frozen, unprepared",,Valmistoidud,145,5.1,21.6,4.2,1.7,3.8,2.11,0.78,usda_sr_legacy
15704,"Lasagna, Vegetable, frozen, baked",,Valmistoidud,139,6.9,14.2,6,1.9,2.5,2.87,1.113,usda_sr_legacy
16841,"Lasagna with meat & sauce, frozen entree",,Valmistoidud,124,6.6,14.4,4.4,1.4,3,2.07,0.868,usda_sr_legacy
15712,"Lasagna with meat sauce, frozen, prepared",,Valmistoidud,135,7.3,15.4,4.9,1.7,3.1,2.35,0.933,usda_sr_legacy
15699,"Lasagna with meat & sauce, low-fat, frozen entree",,Valmistoidud,101,6.8,13.5,2.2,1.3,,0.97,0.453,usda_sr_legacy
15706,"LEAN POCKETS, Ham N Cheddar",,Valmistoidud,230,10.3,32.5,6.5,1.7,7.6,2.39,1.058,usda_sr_legacy
15707,"Lean Pockets, Meatballs & Mozzarella",,Valmistoidud,240,10.5,32.3,7.7,2,8.8,3.09,1.393,usda_sr_legacy
15683,"Light Ice Cream, soft serve, blended with cookie pieces",,Valmistoidud,169,4,25.6,5.7,0.1,21.2,2.75,0.188,usda_sr_legacy
16831,"Light Ice Cream, soft serve, blended with milk chocolate candies",,Valmistoidud,182,4,26.8,6.5,0.2,24.4,3.63,0.135,usda_sr_legacy
15648,"LITTLE CAESARS 14"" Cheese Pizza, Large Deep Dish Crust",,Valmistoidud,263,12.6,30.1,10.2,1.3,3.7,4.24,1.08,usda_sr_legacy
16796,"LITTLE CAESARS 14"" Cheese Pizza, Thin Crust",,Valmistoidud,309,16.2,22.9,17,1.6,2.8,7.33,1.138,usda_sr_legacy
15645,"LITTLE CAESARS 14"" Original Round Cheese Pizza, Regular Crust",,Valmistoidud,265,13.4,31.5,9.5,1.7,4,4.21,1.135,usda_sr_legacy
15647,"LITTLE CAESARS 14"" Original Round Meat and Vegetable Pizza, Regular Crust",,Valmistoidud,243,12.1,23.1,11.4,2.1,3.7,4.56,1.445,usda_sr_legacy
15646,"LITTLE CAESARS 14"" Original Round Pepperoni Pizza, Regular Crust",,Valmistoidud,273,13.6,31,10.5,1.7,3.8,4.54,1.295,usda_sr_legacy
16795,"LITTLE CAESARS 14"" Pepperoni Pizza, Large Deep Dish Crust",,Valmistoidud,265,12.9,29,10.8,1.5,3.4,4.31,1.23,usda_sr_legacy
13550,"Macaroni and cheese, box mix with cheese sauce, prepared",,Valmistoidud,164,6.7,23.1,5,1.2,1.6,1.64,1.15,usda_sr_legacy
13549,"Macaroni and cheese, box mix with cheese sauce, unprepared",,Valmistoidud,334,12.7,46.7,10.7,1.8,6.4,1.18,1.915,usda_sr_legacy
16832,"Macaroni and Cheese, canned entree",,Valmistoidud,82,3.4,11.5,2.5,0.5,0.5,0.88,0.755,usda_sr_legacy
16844,"Macaroni and Cheese, canned, microwavable",,Valmistoidud,134,6,14,6,0.4,1.4,3.67,0.838,usda_sr_legacy
16847,"Macaroni and cheese dinner with dry sauce mix, boxed, uncooked",,Valmistoidud,379,13.9,70.1,4.8,3.2,9.6,1.15,1.7,usda_sr_legacy
16848,"Macaroni and cheese, dry mix, prepared with 2% milk and 80% stick margarine from dry mix",,Valmistoidud,190,4.9,23.9,8.3,1.2,4.3,1.82,0.845,usda_sr_legacy
16849,"Macaroni and cheese, frozen entree",,Valmistoidud,149,5.6,17.3,6.4,1.1,1.5,2.61,0.725,usda_sr_legacy
13554,"Macaroni or noodles with cheese, made from reduced fat packaged mix, unprepared",,Valmistoidud,297,13.1,52.1,4,2,5,0.41,2.168,usda_sr_legacy
13556,"Macaroni or noodles with cheese, microwaveable, unprepared",,Valmistoidud,388,11.5,70.8,6.6,1.6,8.2,2.81,2.255,usda_sr_legacy
15667,"McDONALD'S, Bacon Egg & Cheese Biscuit",,Valmistoidud,304,13.5,22.3,18.8,0.9,2.2,8.26,2.158,usda_sr_legacy
16807,"McDONALD'S, Bacon, Egg & Cheese McGRIDDLES",,Valmistoidud,272,12,26.2,13.2,0.8,9.6,4.2,1.683,usda_sr_legacy
15670,McDONALD'S Bacon Ranch Salad with Crispy Chicken,,Valmistoidud,122,8.8,6.1,6.3,1,1.5,1.62,0.683,usda_sr_legacy
16819,"McDONALD'S, Bacon Ranch Salad with Grilled Chicken",,Valmistoidud,81,10.3,3.6,3.1,1,1.7,1.24,0.575,usda_sr_legacy
15671,"McDONALD'S, Bacon Ranch Salad without chicken",,Valmistoidud,61,4.1,4.2,3.6,1.5,2.1,1.51,0.33,usda_sr_legacy
15662,"McDONALD'S, BIG BREAKFAST",,Valmistoidud,285,10.2,17.5,19.4,1.1,0.9,6.41,1.373,usda_sr_legacy
14447,"McDONALD'S, BIG MAC",,Valmistoidud,257,11.8,20.1,15,1.6,4,3.8,1.15,usda_sr_legacy
15665,"McDONALD'S, BIG MAC (without Big Mac Sauce)",,Valmistoidud,234,12.8,21,11.6,1.7,3.7,4.16,1.135,usda_sr_legacy
14047,"McDONALD'S, Cheeseburger",,Valmistoidud,263,13,27.8,11.8,1.1,6.2,4.44,1.565,usda_sr_legacy
16804,"McDONALD'S, Chicken McNUGGETS",,Valmistoidud,302,15.8,15.1,19.8,0,0.1,3.26,1.415,usda_sr_legacy
16816,"McDONALD'S, Deluxe Breakfast, with syrup and margarine",,Valmistoidud,285,7.6,29.5,15.2,1,9.9,4.64,1.093,usda_sr_legacy
15663,"McDONALD'S, Double Cheeseburger",,Valmistoidud,282,15.5,18.8,16.1,0.8,4.2,7,1.67,usda_sr_legacy
15664,"McDONALD'S, DOUBLE QUARTER POUNDER with Cheese",,Valmistoidud,262,17,14.4,16.2,1,3.5,6.47,1.19,usda_sr_legacy
16814,"McDONALD'S, Egg McMUFFIN",,Valmistoidud,228,13.6,21.7,9.7,1.1,2.1,3.59,1.543,usda_sr_legacy
14046,"McDONALD'S, FILET-O-FISH",,Valmistoidud,282,11.3,26.4,14.6,1.4,3.7,2.83,1.085,usda_sr_legacy
16821,"McDONALD'S, FILET-O-FISH (without tartar sauce)",,Valmistoidud,243,12.5,31.1,7.6,1,4.3,1.77,1.16,usda_sr_legacy
14448,"McDONALD'S, french fries",,Valmistoidud,323,3.4,42.6,15.5,3.9,0.2,2.27,0.473,usda_sr_legacy
15673,"McDONALD'S, Fruit 'n Yogurt Parfait",,Valmistoidud,105,2.7,20.7,1.3,1,12.8,0.04,0.145,usda_sr_legacy
16820,"McDONALD'S, Fruit 'n Yogurt Parfait (without granola)",,Valmistoidud,90,2.5,17.7,1.1,0.9,11.9,0,0.095,usda_sr_legacy
14444,"McDONALD'S, Hamburger",,Valmistoidud,264,12.9,30.3,10.1,1.3,6,3.5,1.235,usda_sr_legacy
16805,"McDONALD'S, Hash Brown",,Valmistoidud,271,2.5,28.6,16.3,2.8,0.5,2.33,1.45,usda_sr_legacy
16817,"McDONALD'S, Hotcakes and Sausage",,Valmistoidud,294,7.8,37.6,12.5,1.6,7.3,3.65,1.21,usda_sr_legacy
16806,"McDONALD'S, Hotcakes (plain)",,Valmistoidud,228,6,38.3,5.8,1.4,8.8,1.16,0.895,usda_sr_legacy
16818,"McDONALD'S, Hotcakes (with 2 pats margarine & syrup)",,Valmistoidud,272,4.1,46.1,8.1,0.9,20.6,0.82,0.708,usda_sr_legacy
16808,"McDONALD'S, Hot Caramel Sundae",,Valmistoidud,188,3.6,33.4,4.9,0,23.5,2.47,0.2,usda_sr_legacy
16809,"McDONALD'S, Hot Fudge Sundae",,Valmistoidud,186,4.1,30.1,5.9,0.4,26.9,3.59,0.235,usda_sr_legacy
16812,"McDONALD'S, McCHICKEN Sandwich",,Valmistoidud,273,10.4,28,13.2,1.3,3.6,2.35,1.56,usda_sr_legacy
16813,"McDONALD'S, McCHICKEN Sandwich (without mayonnaise)",,Valmistoidud,240,11.1,31,8.5,1.4,4.2,1.64,1.388,usda_sr_legacy
16810,"McDONALD'S, McFLURRY with M&M'S CANDIES",,Valmistoidud,177,4,26.8,6.5,0.2,24.4,3.4,0.135,usda_sr_legacy
16811,"McDONALD'S, McFLURRY with OREO cookies",,Valmistoidud,165,4,25.6,5.7,0.1,21.2,2.58,0.188,usda_sr_legacy
14048,"McDONALD'S, QUARTER POUNDER",,Valmistoidud,244,14.1,22.2,11.6,1.6,5.1,4.01,1.068,usda_sr_legacy
14446,"McDONALD'S, QUARTER POUNDER with Cheese",,Valmistoidud,258,14.6,20,14.2,1.4,4.9,5.64,1.448,usda_sr_legacy
14504,"McDONALD'S, RANCH SNACK WRAP, Crispy",,Valmistoidud,275,11.5,23.2,15.1,1.3,2.5,3.84,1.518,usda_sr_legacy
14505,"McDONALD'S, RANCH SNACK WRAP, Grilled",,Valmistoidud,222,13.8,18.4,10.3,0.9,1.5,3.36,1.443,usda_sr_legacy
15668,"McDONALD'S, Sausage Biscuit",,Valmistoidud,376,9.6,27.2,25.4,1.2,2,10.66,2.188,usda_sr_legacy
15669,"McDONALD'S, Sausage Biscuit with Egg",,Valmistoidud,311,11.3,19.3,22.3,0.8,1.4,8.63,1.66,usda_sr_legacy
15661,"McDONALD'S, Sausage Burrito",,Valmistoidud,277,11.1,23,15.6,1.2,2.6,6.4,1.86,usda_sr_legacy
15658,"McDONALD'S, Sausage, Egg & Cheese McGRIDDLES",,Valmistoidud,283,10.8,22,17.7,0.6,7.9,5.65,1.63,usda_sr_legacy
15657,"McDONALD'S, Sausage McGRIDDLES",,Valmistoidud,312,8.4,31.3,17.8,1,11.2,5.44,1.843,usda_sr_legacy
16815,"McDONALD'S, Sausage McMUFFIN",,Valmistoidud,333,12.7,24.5,21.1,1.4,1.9,7.25,1.733,usda_sr_legacy
15666,"McDONALD'S, Sausage McMUFFIN with Egg",,Valmistoidud,274,12.6,17.3,17.8,0.9,1.6,6.01,1.43,usda_sr_legacy
15672,"McDONALD'S, Side Salad",,Valmistoidud,20,1,4.3,0.2,1.6,2.2,0.02,0.03,usda_sr_legacy
14503,"McDONALD'S, Southern Style Chicken Biscuit",,Valmistoidud,304,11.9,30.6,14.9,1.4,2.6,5.71,2.17,usda_sr_legacy
15660,"McDONALD'S, Strawberry Sundae",,Valmistoidud,158,3.2,28.1,4,0,25.3,2.01,0.118,usda_sr_legacy
15659,"McDONALD'S, Vanilla Reduced Fat Ice Cream Cone",,Valmistoidud,162,4.2,26.4,4.9,0.1,19.5,2.41,0.168,usda_sr_legacy
1674,Meat lovers pizza,,Valmistoidud,305,15.5,29,14.5,1.8,0,,,
1677,Mushroom risotto,,Valmistoidud,185,6.5,28.5,5.5,1.5,0,,,
12823,"OLIVE GARDEN, cheese ravioli with marinara sauce",,Valmistoidud,159,7.4,19.6,5.6,1.1,4.9,2.53,0.673,usda_sr_legacy
13592,"OLIVE GARDEN, chicken parmigiana without pasta",,Valmistoidud,211,15.3,12.3,11.2,0.9,2.7,2.11,1.563,usda_sr_legacy
13585,"OLIVE GARDEN, lasagna classico",,Valmistoidud,184,11.3,10.3,10.8,1.6,3.5,5.35,1.125,usda_sr_legacy
11921,"OLIVE GARDEN, spaghetti with meat sauce",,Valmistoidud,121,5.8,17.2,3.3,1.7,1.7,1.02,0.523,usda_sr_legacy
13586,"OLIVE GARDEN, spaghetti with pomodoro sauce",,Valmistoidud,102,4.3,17.1,1.9,1.7,1.8,0.34,0.458,usda_sr_legacy
13588,"ON THE BORDER, cheese enchilada",,Valmistoidud,271,11.7,16.2,17.7,1.8,2.9,7.52,1.403,usda_sr_legacy
12820,"ON THE BORDER, cheese quesadilla",,Valmistoidud,394,16.9,24.3,25.5,2.2,2,12.98,1.693,usda_sr_legacy
12817,"ON THE BORDER, Mexican rice",,Valmistoidud,195,3.6,34.2,4.9,1.1,1.4,0.89,1.693,usda_sr_legacy
12818,"ON THE BORDER, refried beans",,Valmistoidud,144,7.3,17.5,5,8.2,0.8,1.82,0.945,usda_sr_legacy
11547,"ON THE BORDER, soft taco with ground beef, cheese and lettuce",,Valmistoidud,229,13.2,19.3,11.1,1.8,1.8,4.85,1.615,usda_sr_legacy
1683,Osso buco,,Valmistoidud,245,22.5,8.5,13.5,0.8,0,,,
16791,"PAPA JOHN'S 14"" Cheese Pizza, Original Crust",,Valmistoidud,260,11.5,32.7,9.3,1.9,5.3,3.87,1.445,usda_sr_legacy
16794,"PAPA JOHN'S 14"" Cheese Pizza, Thin Crust",,Valmistoidud,295,12.3,26.3,15.7,2.3,3.9,6.2,1.32,usda_sr_legacy
16792,"PAPA JOHN'S 14"" Pepperoni Pizza, Original Crust",,Valmistoidud,275,12,30,11.9,1.2,4.8,4.91,1.678,usda_sr_legacy
16793,"PAPA JOHN'S 14"" The Works Pizza, Original Crust",,Valmistoidud,240,10.3,26.7,10.2,2.5,4.8,3.77,1.425,usda_sr_legacy
12782,"Pasta mix, classic beef, unprepared",,Valmistoidud,354,12.3,72.2,1.8,2,5,0.44,3.843,usda_sr_legacy
12781,"Pasta mix, classic cheeseburger macaroni, unprepared",,Valmistoidud,349,11.6,71.5,1.9,2.7,5,0.37,5.38,usda_sr_legacy
12786,"Pasta mix, Italian four cheese lasagna, unprepared",,Valmistoidud,355,12.5,70.3,2.7,2.6,6.7,0.7,5.233,usda_sr_legacy
12783,"Pasta mix, Italian lasagna, unprepared",,Valmistoidud,356,10.9,73.8,2,2.8,11.3,0.44,4.625,usda_sr_legacy
15689,"Pasta with Sliced Franks in Tomato Sauce, canned entree",,Valmistoidud,90,4.4,12.7,2.4,1.6,3.2,0.79,0.718,usda_sr_legacy
15698,"Pasta with tomato sauce, no meat, canned",,Valmistoidud,71,2.2,13.9,0.7,0.9,4,0.17,0.953,usda_sr_legacy
14044,"Pizza, cheese topping, regular crust, frozen, cooked",,Valmistoidud,268,10.4,29,12.3,2.2,3.6,4.27,1.118,usda_sr_legacy
14441,"Pizza, cheese topping, rising crust, frozen, cooked",,Valmistoidud,260,12.4,32.9,8.8,2.5,5.1,3.83,1.39,usda_sr_legacy
14100,"Pizza, cheese topping, thin crust, frozen, cooked",,Valmistoidud,263,11.9,28.8,11.1,3,3.7,5.7,1.178,usda_sr_legacy
15638,"PIZZA HUT 12"" Cheese Pizza, Hand-Tossed Crust",,Valmistoidud,271,11.9,31.2,10.9,1.8,3.4,5.04,1.713,usda_sr_legacy
15639,"PIZZA HUT 12"" Cheese Pizza, Pan Crust",,Valmistoidud,280,11.7,29.9,12.6,1.7,3.2,5.18,1.56,usda_sr_legacy
15640,"PIZZA HUT 12"" Cheese Pizza, THIN 'N CRISPY Crust",,Valmistoidud,303,15.3,28.6,14.1,1.6,2.7,6.9,1.96,usda_sr_legacy
16786,"PIZZA HUT 12"" Pepperoni Pizza, Hand-Tossed Crust",,Valmistoidud,280,12.9,31.6,11.4,1.7,3.7,5.16,2.003,usda_sr_legacy
16787,"PIZZA HUT 12"" Pepperoni Pizza, Pan Crust",,Valmistoidud,298,12,30.5,14.2,1.8,3.2,5.27,1.73,usda_sr_legacy
16788,"PIZZA HUT 12"" Super Supreme Pizza, Hand-Tossed Crust",,Valmistoidud,243,10.9,25.6,10.7,2,3.7,4.55,1.723,usda_sr_legacy
16797,"PIZZA HUT 14"" Cheese Pizza, Hand-Tossed Crust",,Valmistoidud,275,12,33.4,10.4,2.4,3.1,4.82,1.685,usda_sr_legacy
16798,"PIZZA HUT 14"" Cheese Pizza, Pan Crust",,Valmistoidud,276,10.9,32.9,11.3,2.1,2.5,4.39,1.45,usda_sr_legacy
14501,"PIZZA HUT 14"" Cheese Pizza, Stuffed Crust",,Valmistoidud,274,12.2,30,11.6,1.7,2.9,5.83,1.538,usda_sr_legacy
15649,"PIZZA HUT 14"" Cheese Pizza, THIN 'N CRISPY Crust",,Valmistoidud,306,13.4,34.2,12.8,2.4,3.1,6.1,2.143,usda_sr_legacy
15650,"PIZZA HUT 14"" Pepperoni Pizza, Hand-Tossed Crust",,Valmistoidud,291,12.2,32.1,12.6,2.6,2.8,5.4,1.898,usda_sr_legacy
15651,"PIZZA HUT 14"" Pepperoni Pizza, Pan Crust",,Valmistoidud,291,11.5,31.8,13.1,2,2,4.82,1.69,usda_sr_legacy
14096,"PIZZA HUT 14"" Pepperoni Pizza, THIN 'N CRISPY Crust",,Valmistoidud,333,14.1,32.7,16.2,2.1,2.8,6.67,2.418,usda_sr_legacy
14496,"PIZZA HUT 14"" Sausage Pizza, Hand-Tossed Crust",,Valmistoidud,287,11.9,29.4,13.5,2.3,2.7,5.46,1.678,usda_sr_legacy
14099,"PIZZA HUT 14"" Sausage Pizza, Pan Crust",,Valmistoidud,287,11.1,29.6,13.9,2,1.8,4.86,1.49,usda_sr_legacy
14495,"PIZZA HUT 14"" Sausage Pizza, THIN 'N CRISPY Crust",,Valmistoidud,323,14,28.7,16.9,2.4,2.6,6.7,2.098,usda_sr_legacy
15652,"PIZZA HUT 14"" Super Supreme Pizza, Hand-Tossed Crust",,Valmistoidud,248,11.3,26,11,2.3,3,4.22,1.645,usda_sr_legacy
14516,"PIZZA HUT, breadstick, parmesan garlic",,Valmistoidud,343,12.2,44.5,12.9,2.4,1.1,2.97,1.348,usda_sr_legacy
1670,Pizza Margherita,,Valmistoidud,245,11.5,30.5,9,1.8,0,,,
14442,"Pizza, meat and vegetable topping, regular crust, frozen, cooked",,Valmistoidud,276,11.3,25.1,14.4,2.2,4.9,5.08,1.388,usda_sr_legacy
14443,"Pizza, meat and vegetable topping, rising crust, frozen, cooked",,Valmistoidud,271,12.6,28.8,11.8,2.3,7.3,4.59,1.6,usda_sr_legacy
15693,"Pizza, meat topping, thick crust, frozen, cooked",,Valmistoidud,274,11.8,30.8,11.5,2.3,3.9,4.28,1.725,usda_sr_legacy
1671,Pizza Pepperoni,,Valmistoidud,285,13.5,30,12.5,1.8,0,,,
15694,"Pizza, pepperoni topping, regular crust, frozen, cooked",,Valmistoidud,274,14.4,24.7,13.1,2,3.4,4.83,1.475,usda_sr_legacy
1672,Pizza Quattro Formaggi,,Valmistoidud,295,15.5,28.5,14,1.5,0,,,
12785,"Pizza rolls, frozen, unprepared",,Valmistoidud,328,8.7,50.7,10,1.2,3.7,2.49,1.498,usda_sr_legacy
1694,Plant-based burger (Beyond),,Valmistoidud,260,20,6,18,3,0,,,
15684,"POPEYES, biscuit",,Valmistoidud,401,6,41,23.7,3.8,3.5,11.52,1.863,usda_sr_legacy
15685,"POPEYES, Coleslaw",,Valmistoidud,161,1,14.1,11.2,1.7,10.8,1.89,0.545,usda_sr_legacy
14080,"POPEYES, Fried Chicken, Mild, Breast, meat and skin with breading",,Valmistoidud,274,21.7,9.8,16.5,0.4,0,5.77,1.35,usda_sr_legacy
14475,"POPEYES, Fried Chicken, Mild, Breast, meat only",,Valmistoidud,157,29,0,4.5,0,,1.37,1.315,usda_sr_legacy
14081,"POPEYES, Fried Chicken, Mild, Drumstick, meat and skin with breading",,Valmistoidud,293,20.4,9.8,19.1,0,,6.59,1.47,usda_sr_legacy
14476,"POPEYES, Fried Chicken, Mild, Drumstick, meat only",,Valmistoidud,170,26.5,0,7.1,0,,2.28,1.195,usda_sr_legacy
14077,"POPEYES, Fried Chicken, Mild, Skin and Breading",,Valmistoidud,433,14,21.5,32.3,1,0,11.75,1.923,usda_sr_legacy
14477,"POPEYES, Fried Chicken, Mild, Thigh, meat and skin with breading",,Valmistoidud,310,19.1,11.2,21,0.5,0,7.34,1.713,usda_sr_legacy
14078,"POPEYES, Fried Chicken, Mild, Thigh, meat only",,Valmistoidud,188,24.3,0.9,9.7,0,,2.94,1.503,usda_sr_legacy
14478,"POPEYES, Fried Chicken, Mild, Wing, meat and skin with breading",,Valmistoidud,338,20.4,13.5,22.5,0.6,0,8.02,1.97,usda_sr_legacy
14079,"POPEYES, Fried Chicken, Mild, Wing, meat only",,Valmistoidud,212,28.9,2.9,9.4,0,,3.08,2.035,usda_sr_legacy
15686,"POPEYES, Mild Chicken Strips, analyzed 2006",,Valmistoidud,271,19.2,19.3,13,0.8,0,5.44,2.305,usda_sr_legacy
14065,"POPEYES, Spicy Chicken Strips, analyzed 2006",,Valmistoidud,253,19.6,18.5,11.2,1.2,0,4.74,2.493,usda_sr_legacy
16850,Potato salad with egg,,Valmistoidud,157,2,16.2,9.4,1.3,5,1.44,0.823,usda_sr_legacy
13553,"Potsticker or wonton, pork and vegetable, frozen, unprepared",,Valmistoidud,136,8.3,13.3,5.5,1.4,2.8,1.72,1.103,usda_sr_legacy
16851,Pulled pork in barbecue sauce,,Valmistoidud,168,13.2,18.7,4.4,1.2,15.2,1.42,1.665,usda_sr_legacy
1681,Ravioli,,Valmistoidud,215,10.5,24.5,8.5,1.5,0,,,
16835,"Ravioli, cheese-filled, canned",,Valmistoidud,77,2.5,13.6,1.5,1.3,3.7,0.72,0.765,usda_sr_legacy
15711,"Ravioli, cheese with tomato sauce, frozen, not prepared",,Valmistoidud,111,4.5,17.3,2.6,1.4,4.1,1.19,0.7,usda_sr_legacy
16836,"Ravioli, meat-filled, with tomato sauce or meat sauce, canned",,Valmistoidud,97,3.2,13.3,3.4,1.5,2,1.46,0.708,usda_sr_legacy
11908,"Restaurant, Chinese, beef and vegetables",,Valmistoidud,105,7.1,7.3,5.3,1.5,2.4,0.98,1.023,usda_sr_legacy
11568,"Restaurant, Chinese, chicken and vegetables",,Valmistoidud,95,8.2,5.4,4.6,0.9,2.9,0.77,1.033,usda_sr_legacy
11919,"Restaurant, Chinese, chicken chow mein",,Valmistoidud,85,6.8,8.3,2.8,1,1.7,0.49,0.778,usda_sr_legacy
11557,"Restaurant, Chinese, egg rolls, assorted",,Valmistoidud,250,8.3,27.3,11.9,2.6,,2.12,1.17,usda_sr_legacy
11558,"Restaurant, Chinese, fried rice, without meat",,Valmistoidud,174,4.1,32.8,3,1.1,0.6,0.54,0.968,usda_sr_legacy
11565,"Restaurant, Chinese, general tso's chicken",,Valmistoidud,295,12.9,24,16.4,0.9,11.6,2.76,1.088,usda_sr_legacy
11566,"Restaurant, Chinese, kung pao chicken",,Valmistoidud,129,9.8,6.9,7,1.5,3,1.35,1.005,usda_sr_legacy
11564,"Restaurant, Chinese, lemon chicken",,Valmistoidud,252,11.9,20.6,13.6,1,8.2,2.03,0.63,usda_sr_legacy
11569,"Restaurant, Chinese, orange chicken",,Valmistoidud,262,14.5,22.5,12.7,0.8,13.6,2.42,1.383,usda_sr_legacy
11923,"Restaurant, Chinese, sesame chicken",,Valmistoidud,293,14.3,26.9,14.3,0.7,16,2.41,1.205,usda_sr_legacy
11916,"Restaurant, Chinese, shrimp and vegetables",,Valmistoidud,78,5.9,4.5,4.1,1.4,2.2,0.63,0.938,usda_sr_legacy
11917,"Restaurant, Chinese, sweet and sour chicken",,Valmistoidud,250,10.1,23.9,12.7,1,11.5,1.93,0.615,usda_sr_legacy
11918,"Restaurant, Chinese, sweet and sour pork",,Valmistoidud,270,8.9,23.3,15.7,1,10.3,2.68,0.76,usda_sr_legacy
11920,"Restaurant, Chinese, vegetable chow mein, without meat or noodles",,Valmistoidud,43,1.3,5.7,1.7,1.2,2.6,0.29,0.86,usda_sr_legacy
11567,"Restaurant, Chinese, vegetable lo mein, without meat",,Valmistoidud,121,4.8,20.2,2.4,1.3,2.6,0.46,1.075,usda_sr_legacy
13571,"Restaurant, family style, chicken fingers, from kid's menu",,Valmistoidud,307,18.7,18.8,17.5,1.1,0.3,3.2,2.023,usda_sr_legacy
13581,"Restaurant, family style, chicken tenders",,Valmistoidud,302,18.9,19.3,16.6,0.9,0.2,2.95,2,usda_sr_legacy
12814,"Restaurant, family style, chili with meat and beans",,Valmistoidud,157,12.6,4.6,9.8,1.4,2.3,4.02,0.953,usda_sr_legacy
12812,"Restaurant, family style, coleslaw",,Valmistoidud,159,0.9,12.4,11.8,1.9,9.5,1.91,0.553,usda_sr_legacy
13580,"Restaurant, family style, fish fillet, battered or breaded, fried",,Valmistoidud,219,13.5,16.9,10.8,0.9,0.5,1.88,1.403,usda_sr_legacy
13570,"Restaurant, family style, french fries",,Valmistoidud,289,3.5,37.2,14,3.9,0.3,2.49,0.893,usda_sr_legacy
12801,"Restaurant, family style, fried mozzarella sticks",,Valmistoidud,325,14.8,25.1,18.3,2,2.4,6.85,2.153,usda_sr_legacy
13582,"Restaurant, family style, hash browns",,Valmistoidud,197,2.5,26.6,9,2.7,1.4,1.69,1.17,usda_sr_legacy
13573,"Restaurant, family style, macaroni & cheese, from kids' menu",,Valmistoidud,151,5.4,18.8,6.1,1.1,3.1,2.15,0.903,usda_sr_legacy
12813,"Restaurant, family style, onion rings",,Valmistoidud,356,4.9,40.7,19.3,2.6,4.7,3.42,1.73,usda_sr_legacy
13572,"Restaurant, family style, shrimp, breaded and fried",,Valmistoidud,308,12.7,22.3,18.7,1.5,0.9,3.36,2.813,usda_sr_legacy
12802,"Restaurant, family style, sirloin steak",,Valmistoidud,195,29.8,0,8.5,0,0.6,3.14,0.848,usda_sr_legacy
12815,"Restaurant, family style, spaghetti and meatballs",,Valmistoidud,170,7.8,15.5,8.5,1.5,2,3.1,0.878,usda_sr_legacy
12824,"Restaurant, Italian, cheese ravioli with marinara sauce",,Valmistoidud,154,7.1,18.5,5.7,1.2,4.5,2.56,0.765,usda_sr_legacy
11898,"Restaurant, Italian, chicken parmesan without pasta",,Valmistoidud,204,16.2,10.9,10.6,0.9,2.8,2.55,1.34,usda_sr_legacy
13584,"Restaurant, Italian, lasagna with meat",,Valmistoidud,185,10.8,11.4,10.7,1.5,3.2,4.94,1.165,usda_sr_legacy
11570,"Restaurant, Italian, spaghetti with meat sauce",,Valmistoidud,121,5.8,16.4,3.6,1.6,1.8,1.06,0.575,usda_sr_legacy
12819,"Restaurant, Italian, spaghetti with pomodoro sauce (no meat)",,Valmistoidud,104,3.9,17.8,1.9,1.7,1.8,0.37,0.478,usda_sr_legacy
11906,"Restaurant, Latino, arepa (unleavened cornmeal bread)",,Valmistoidud,219,5.5,37.1,5.4,2.6,0.9,2.9,0.675,usda_sr_legacy
11900,"Restaurant, Latino, Arroz con frijoles negros (rice and black beans)",,Valmistoidud,151,4.6,24.4,3.9,3.4,0.9,0.73,1.05,usda_sr_legacy
11902,"Restaurant, Latino, Arroz con grandules (rice and pigeonpeas)",,Valmistoidud,182,3.5,30.8,5,1.4,,0.76,1.458,usda_sr_legacy
11901,"Restaurant, Latino, Arroz con habichuelas colorados (Rice And Red Beans)",,Valmistoidud,142,4,23.7,3.5,2.6,0.2,0.5,0.925,usda_sr_legacy
11899,"Restaurant, Latino, arroz con leche (rice pudding)",,Valmistoidud,146,3.2,24.9,3.7,0.5,15.3,1.9,0.265,usda_sr_legacy
11904,"Restaurant, Latino, black bean soup",,Valmistoidud,103,5.1,14.8,2.6,4.9,0.9,0.54,0.778,usda_sr_legacy
11907,"Restaurant, Latino, bunuelos (fried yeast bread)",,Valmistoidud,462,8,48.6,26.2,1.5,12.2,6.83,1.045,usda_sr_legacy
11549,"Restaurant, Latino, chicken and rice, entree, prepared",,Valmistoidud,174,12,20,5.1,1.2,0.6,1.1,1.295,usda_sr_legacy
11550,"Restaurant, Latino, empanadas, beef, prepared",,Valmistoidud,335,11.3,31.2,18.4,2,1.8,5.16,1.1,usda_sr_legacy
11551,"Restaurant, Latino, pupusas con frijoles (pupusas, bean)",,Valmistoidud,229,5.6,31.5,9,5.8,1.3,2.19,0.763,usda_sr_legacy
11552,"Restaurant, Latino, pupusas con queso (pupusas, cheese)",,Valmistoidud,256,11.7,22.4,13.3,2.9,1.2,6.48,1,usda_sr_legacy
11553,"Restaurant, Latino, pupusas del cerdo (pupusas, pork)",,Valmistoidud,232,11.5,23,10.4,2.6,1.5,3.17,1.065,usda_sr_legacy
11554,"Restaurant, Latino, tamale, corn",,Valmistoidud,186,3.5,26.7,7.2,3.2,7.4,2.63,0.693,usda_sr_legacy
11903,"Restaurant, Latino, tamale, pork",,Valmistoidud,174,7.4,15.8,9,2.4,0.5,2.69,1.183,usda_sr_legacy
11905,"Restaurant, Latino, tripe soup",,Valmistoidud,74,8.6,4.1,2.6,0,,1.05,1.028,usda_sr_legacy
13589,"Restaurant, Mexican, cheese enchilada",,Valmistoidud,273,11.2,15.5,18.5,1.9,2.6,8.37,1.32,usda_sr_legacy
12821,"Restaurant, Mexican, cheese quesadilla",,Valmistoidud,368,15.9,24.1,23.1,1.7,2.2,11.56,1.753,usda_sr_legacy
13590,"Restaurant, Mexican, cheese tamales",,Valmistoidud,216,9,18,12,2.2,1.2,3.98,1.258,usda_sr_legacy
11556,"Restaurant, Mexican, refried beans",,Valmistoidud,156,6.9,16.8,6.8,8,0.8,1.84,0.94,usda_sr_legacy
11548,"Restaurant, Mexican, soft taco with ground beef, cheese and lettuce",,Valmistoidud,219,12.6,17.9,10.8,1.5,2.4,4.49,1.273,usda_sr_legacy
11555,"Restaurant, Mexican, spanish rice",,Valmistoidud,185,3.3,31.2,5.3,1.2,1.3,1.01,1.32,usda_sr_legacy
12778,"Rice and vermicelli mix, beef flavor, prepared with 80% margarine",,Valmistoidud,129,2.8,22,3.2,0.6,,0.68,0.91,usda_sr_legacy
12777,"Rice and vermicelli mix, beef flavor, unprepared",,Valmistoidud,359,10.8,76,1.3,1.6,4.3,0.31,3.343,usda_sr_legacy
16855,"Rice and vermicelli mix, chicken flavor, prepared with 80% margarine",,Valmistoidud,136,2.7,23.5,3.5,0.7,0.6,0.75,0.943,usda_sr_legacy
12780,"Rice and vermicelli mix, rice pilaf flavor, prepared with 80% margarine",,Valmistoidud,148,2.9,25.7,3.7,0.6,0.3,0.74,1.075,usda_sr_legacy
12779,"Rice and vermicelli mix, rice pilaf flavor, unprepared",,Valmistoidud,359,10.4,76.3,1.4,1.2,1.5,0.31,3.258,usda_sr_legacy
16854,"RICE-A-RONI, chicken flavor, unprepared",,Valmistoidud,356,10.6,76.1,1,1.2,0.7,0.39,2.21,usda_sr_legacy
16846,"Rice bowl with chicken, frozen entree, prepared",,Valmistoidud,126,5.7,22.5,1.6,0.7,4.1,0.33,0.833,usda_sr_legacy
13558,"Rice mix, cheese flavor, dry mix, unprepared",,Valmistoidud,362,8.8,73.9,3.5,1.8,5.3,1.75,2.983,usda_sr_legacy
12792,"Rice mix, white and wild, flavored, unprepared",,Valmistoidud,142,3.5,26.3,2.6,0.8,0.4,1.07,1.108,usda_sr_legacy
1679,Saffron risotto,,Valmistoidud,192,6,29.5,5.5,0.8,0,,,
12793,"Salisbury steak with gravy, frozen",,Valmistoidud,149,7,6.8,10.5,1,0.3,3.98,1.273,usda_sr_legacy
1684,Saltimbocca,,Valmistoidud,225,24.5,3.5,13,0.3,0,,,
13561,"Sausage, egg and cheese breakfast biscuit",,Valmistoidud,324,9.5,21.6,22.1,2,3.1,8.6,1.478,usda_sr_legacy
14522,"School Lunch, chicken nuggets, whole grain breaded",,Valmistoidud,270,15.7,22.9,12.9,2.2,0.5,2.83,1.278,usda_sr_legacy
14521,"School Lunch, chicken patty, whole grain breaded",,Valmistoidud,246,17.6,12.5,13.9,2.3,0.6,2.64,1.168,usda_sr_legacy
14032,"School Lunch, pizza, BIG DADDY'S LS 16"" 51% Whole Grain Rolled Edge Cheese Pizza, frozen",,Valmistoidud,243,13.9,27.1,8.8,2.7,4.8,4.14,1,usda_sr_legacy
14428,"School Lunch, pizza, BIG DADDY'S LS 16"" 51% Whole Grain Rolled Edge Turkey Pepperoni Pizza, frozen",,Valmistoidud,248,13.6,27.4,9.3,4.1,3.8,3.99,1.125,usda_sr_legacy
14506,"School Lunch, pizza, cheese topping, thick crust, whole grain",,Valmistoidud,254,14.6,28.1,9.3,2.9,5,4.36,1.053,usda_sr_legacy
14519,"School Lunch, pizza, cheese topping, thin crust, whole grain",,Valmistoidud,247,12.7,31.3,7.9,4,7.1,4,1.053,usda_sr_legacy
14508,"School Lunch, pizza, pepperoni topping, thick crust, whole grain",,Valmistoidud,259,14.4,28.3,9.8,4.3,4,4.22,1.185,usda_sr_legacy
14507,"School Lunch, pizza, pepperoni topping, thin crust, whole grain",,Valmistoidud,254,12.8,31.2,8.6,4.3,7.6,2.81,1.238,usda_sr_legacy
14520,"School Lunch, pizza, sausage topping, thick crust, whole grain",,Valmistoidud,257,13.3,30.6,9.1,4,3.7,4.22,1.083,usda_sr_legacy
14509,"School Lunch, pizza, sausage topping, thin crust, whole grain",,Valmistoidud,250,12.6,32.2,7.8,3.9,7.5,3.49,1.143,usda_sr_legacy
14431,"School Lunch, pizza, TONY'S Breakfast Pizza Sausage, frozen",,Valmistoidud,240,10.4,27,10,2,5.9,3.47,1.5,usda_sr_legacy
14429,"School Lunch, pizza, TONY'S SMARTPIZZA Whole Grain 4x6 Cheese Pizza 50/50 Cheese, frozen",,Valmistoidud,233,12.1,29.3,7.5,3.8,6.8,2.79,1,usda_sr_legacy
14430,"School Lunch, pizza, TONY'S SMARTPIZZA Whole Grain 4x6 Pepperoni Pizza 50/50 Cheese, frozen",,Valmistoidud,238,12.1,28.8,8.2,4.1,7.2,2.81,1.175,usda_sr_legacy
1678,Seafood risotto,,Valmistoidud,195,10.5,27.5,5,1,0,,,
15697,"Spaghetti, with meatballs in tomato sauce, canned",,Valmistoidud,100,4.4,11.5,4.1,2.7,2.9,1.46,0.7,usda_sr_legacy
15687,"Spaghetti with meat sauce, frozen entree",,Valmistoidud,90,5.1,15.2,1,1.8,2.6,0.35,0.595,usda_sr_legacy
13557,"Spanish rice mix, dry mix, prepared (with canola/vegetable oil blend or diced tomatoes and margarine)",,Valmistoidud,125,3.3,22.7,2.4,1.5,1.8,0.39,0.873,usda_sr_legacy
12787,"Spanish rice mix, dry mix, unprepared",,Valmistoidud,363,10.6,76.5,1.6,3.1,3.8,0.4,2.713,usda_sr_legacy
14439,"SUBWAY, black forest ham sub on white bread with lettuce and tomato",,Valmistoidud,151,9.1,22.9,2.5,1.3,3.5,0.63,0.99,usda_sr_legacy
14039,"SUBWAY, B.L.T. sub on white bread with bacon, lettuce and tomato",,Valmistoidud,205,10.1,26.7,6.4,1.6,3.6,1.92,0.885,usda_sr_legacy
14042,"SUBWAY, cold cut sub on white bread with lettuce and tomato",,Valmistoidud,214,10.5,20.4,10,1.2,3.2,3.55,1.438,usda_sr_legacy
14435,"SUBWAY, meatball marinara sub on white bread (no toppings)",,Valmistoidud,219,9.8,26,8.5,2.1,5,3.12,1.093,usda_sr_legacy
14041,"SUBWAY, oven roasted chicken sub on white bread with lettuce and tomato",,Valmistoidud,157,10.8,21.4,3.2,1.2,3,0.72,0.67,usda_sr_legacy
14440,"SUBWAY, roast beef sub on white bread with lettuce and tomato",,Valmistoidud,155,12.2,20.3,2.7,0.7,3,0.97,0.823,usda_sr_legacy
14037,"SUBWAY, steak & cheese sub on white bread with American cheese, lettuce and tomato",,Valmistoidud,183,12.3,21.5,5.3,1.2,3.4,2.03,1.11,usda_sr_legacy
14034,"SUBWAY, SUBWAY CLUB sub on white bread with lettuce and tomato",,Valmistoidud,146,10.7,20.4,2.4,1.4,3.2,0.57,0.87,usda_sr_legacy
14432,"SUBWAY, sweet onion chicken teriyaki sub on white bread with lettuce, tomato and sweet onion sauce",,Valmistoidud,155,10.9,22.5,2.4,1.2,6.1,0.51,0.763,usda_sr_legacy
14043,"SUBWAY, tuna sub on white bread with lettuce and tomato",,Valmistoidud,221,12.3,16,12,0.7,1.9,2.19,0.823,usda_sr_legacy
14438,"SUBWAY, turkey breast sub on white bread with lettuce and tomato",,Valmistoidud,147,9.1,22.4,2.3,1.3,3.1,0.48,0.793,usda_sr_legacy
14461,"TACO BELL, Bean Burrito",,Valmistoidud,209,7.4,31.2,6.1,4.2,1.7,2.31,1.408,usda_sr_legacy
14462,"TACO BELL, BURRITO SUPREME with beef",,Valmistoidud,183,7,23.4,6.8,3.7,2.1,2.73,1.128,usda_sr_legacy
14061,"TACO BELL, BURRITO SUPREME with chicken",,Valmistoidud,179,9.8,20.5,6.4,2.4,,2.35,1.41,usda_sr_legacy
14062,"TACO BELL, BURRITO SUPREME with steak",,Valmistoidud,183,9.1,20.3,7.3,2.4,,2.67,1.335,usda_sr_legacy
14063,"TACO BELL, Nachos",,Valmistoidud,350,4.3,34.9,21.5,3.2,2.2,2.17,0.783,usda_sr_legacy
14064,"TACO BELL, Nachos Supreme",,Valmistoidud,223,6.2,21.4,12.5,3.7,1.6,2.55,0.87,usda_sr_legacy
14059,"TACO BELL, Original Taco with beef, cheese and lettuce",,Valmistoidud,229,8.9,19.9,12.7,3.9,0.9,4.38,0.993,usda_sr_legacy
14060,"TACO BELL, Soft Taco with beef, cheese and lettuce",,Valmistoidud,206,9.3,20.2,9.8,2.9,1.6,4.16,1.4,usda_sr_legacy
14459,"TACO BELL, Soft Taco with chicken, cheese and lettuce",,Valmistoidud,189,13.3,19.7,6.4,1.2,1.3,2.56,1.533,usda_sr_legacy
14460,"TACO BELL, Soft Taco with steak",,Valmistoidud,225,11.8,17.2,12.1,1.6,,3.37,1.378,usda_sr_legacy
14463,"TACO BELL, Taco Salad",,Valmistoidud,170,6.7,15.1,9.2,3,,2.98,0.908,usda_sr_legacy
13552,"Taquitos, frozen, beef and cheese, oven-heated",,Valmistoidud,287,9.4,33.5,12.8,2.8,1.7,2.62,1.14,usda_sr_legacy
13551,"Taquitos, frozen, chicken and cheese, oven-heated",,Valmistoidud,284,9.2,33.6,12.5,2.9,1.3,2.31,1.133,usda_sr_legacy
12805,"T.G.I. FRIDAY'S, chicken fingers",,Valmistoidud,325,18.7,16.8,20.3,0.8,0.2,3.91,1.968,usda_sr_legacy
12799,"T.G.I. FRIDAY'S, chicken fingers, from kids' menu",,Valmistoidud,330,18.1,17.7,20.8,0.9,0.3,3.92,1.98,usda_sr_legacy
12800,"T.G.I. FRIDAY'S, classic sirloin steak (10 oz)",,Valmistoidud,196,31,0.5,7.8,0,0.5,2.45,0.58,usda_sr_legacy
13567,"T.G.I. FRIDAY'S, french fries",,Valmistoidud,296,3.7,36.9,14.8,4.1,0,2.6,1.023,usda_sr_legacy
13566,"T.G.I. FRIDAY'S, FRIDAY'S Shrimp, breaded",,Valmistoidud,302,11.9,20.9,19,0,,3.5,3.025,usda_sr_legacy
13568,"T.G.I. FRIDAY'S, fried mozzarella",,Valmistoidud,333,15.8,25.3,18.8,2.2,1.5,7.17,1.845,usda_sr_legacy
13569,"T.G.I. FRIDAY'S, macaroni & cheese, from kid's menu",,Valmistoidud,121,5,17.4,3.5,1,1.7,1.63,1.205,usda_sr_legacy
1682,Tortellini,,Valmistoidud,228,11,26.5,9,1.5,0,,,
15692,"Tortellini, pasta with cheese filling, fresh-refrigerated",,Valmistoidud,307,13.5,47,7.2,1.9,1,3.6,1.015,usda_sr_legacy
15690,"Turkey Pot Pie, frozen entree",,Valmistoidud,176,6.5,17.7,8.8,1.1,,2.88,0.875,usda_sr_legacy
16845,"Turkey, stuffing, mashed potatoes w/gravy, assorted vegetables, frozen",,Valmistoidud,128,7,16.3,3.9,1.3,4.8,0.88,0.815,usda_sr_legacy
13555,"Turnover, cheese-filled, tomato-based sauce, frozen, unprepared",,Valmistoidud,235,10.2,27.3,9.5,1.6,7.9,4.72,1.495,usda_sr_legacy
13560,"Turnover, chicken- or turkey-, and vegetable-filled, reduced fat, frozen",,Valmistoidud,168,7.9,21.7,5.5,3.1,3.9,2.76,0.69,usda_sr_legacy
12791,"Turnover, filled with egg, meat and cheese, frozen",,Valmistoidud,228,7.9,20.7,12.6,0.8,7.9,5.51,0.945,usda_sr_legacy
12790,"Turnover, meat- and cheese-filled, tomato-based sauce, reduced fat, frozen",,Valmistoidud,215,9.5,31.9,5.5,0.8,3.9,2.76,0.945,usda_sr_legacy
1693,Vegan burger,,Valmistoidud,245,12,32,8.5,4,0,,,
1675,Vegetable pizza,,Valmistoidud,225,9.5,31.5,7.5,2.5,0,,,
1688,Vitello tonnato,,Valmistoidud,195,20.5,3.5,11.5,0.5,0,,,
14452,"WENDY'S, Chicken Nuggets",,Valmistoidud,326,16.5,14.3,22.6,0,0.1,4.79,1.77,usda_sr_legacy
14052,"WENDY'S, CLASSIC DOUBLE, with cheese",,Valmistoidud,241,16.5,11.7,14.2,1.1,,5.89,1.055,usda_sr_legacy
14449,"WENDY'S, CLASSIC SINGLE Hamburger, no cheese",,Valmistoidud,213,12.6,16.8,10.6,1.3,,3.69,0.988,usda_sr_legacy
14049,"WENDY'S, CLASSIC SINGLE Hamburger, with cheese",,Valmistoidud,221,14.9,14.2,11.6,1.4,,5.19,1.19,usda_sr_legacy
14497,"WEND'YS, Crispy Chicken Sandwich",,Valmistoidud,278,11.7,26.4,13.9,0,3.1,2.64,1.415,usda_sr_legacy
14499,"WENDY'S, DAVE'S Hot 'N Juicy 1/4 LB, single",,Valmistoidud,268,13.7,17.7,15.8,1.1,4.5,5.75,1.183,usda_sr_legacy
14511,"WENDY'S, Double Stack, with cheese",,Valmistoidud,285,18.5,15.4,16.6,0,3.9,6.85,1.193,usda_sr_legacy
14453,"WENDY'S, french fries",,Valmistoidud,301,3.7,39.7,14.1,4,0.4,2.79,0.548,usda_sr_legacy
14053,"WENDY'S, Frosty Dairy Dessert",,Valmistoidud,132,3.5,23.6,2.6,3.3,,1.64,0.245,usda_sr_legacy
14450,"WENDY'S, Homestyle Chicken Fillet Sandwich",,Valmistoidud,214,13.8,21.6,8.1,1.3,,1.62,1.003,usda_sr_legacy
14051,"WENDY'S, Jr. Hamburger, with cheese",,Valmistoidud,256,13.1,25,11.5,1.4,,5.18,1.65,usda_sr_legacy
14050,"WENDY'S, Jr. Hamburger, without cheese",,Valmistoidud,243,12.6,28.5,8.8,1.7,,3.47,1.348,usda_sr_legacy
14451,"WENDY'S, Ultimate Chicken Grill Sandwich",,Valmistoidud,179,14.7,18.9,5,1.1,,1.03,1.068,usda_sr_legacy
12784,"Yellow rice with seasoning, dry packet mix, unprepared",,Valmistoidud,343,7,74.7,1.8,1.8,1.8,0,3.29,usda_sr_legacy
14082,"Yogurt parfait, lowfat, with fruit and granola",,Valmistoidud,84,3.4,15.9,1,1.1,11.7,0.53,0.123,usda_sr_legacy
15830,"Basil, fresh",,Vürtsid ja maitseained,23,3.2,2.7,0.6,1.6,0.3,0.04,0.01,usda_sr_legacy
1354,Black pepper,,Vürtsid ja maitseained,251,10.4,63.7,3.3,25.3,0,,,
15836,"Capers, canned",,Vürtsid ja maitseained,23,2.4,4.9,0.9,3.2,0.4,0.23,5.87,usda_sr_legacy
1356,Cayenne pepper,,Vürtsid ja maitseained,318,12,56.6,17.3,27.2,0,,,
1364,Cinnamon,,Vürtsid ja maitseained,247,4,80.6,1.2,53.1,0,,,
1366,Clove ground,,Vürtsid ja maitseained,274,5.9,65.5,13,33.9,0,,,
1361,Coriander ground,,Vürtsid ja maitseained,298,12.4,54.9,17.8,41.9,0,,,
1362,Coriander seeds,,Vürtsid ja maitseained,298,12.4,54.9,17.8,41.9,0,,,
1360,Cumin ground,,Vürtsid ja maitseained,375,17.8,44.2,22.3,10.5,0,,,
15831,"Dill weed, fresh",,Vürtsid ja maitseained,43,3.5,7,1.1,2.1,,0.06,0.153,usda_sr_legacy
1367,Green cardamom,,Vürtsid ja maitseained,311,10.8,68.5,6.7,28,0,,,
16979,"Horseradish, prepared",,Vürtsid ja maitseained,48,1.2,11.3,0.7,3.3,8,0.09,1.05,usda_sr_legacy
1359,Hot paprika,,Vürtsid ja maitseained,314,12,55.8,16.8,27,0,,,
15832,"Mustard, prepared, yellow",,Vürtsid ja maitseained,60,3.7,5.8,3.3,4,0.9,0.21,2.76,usda_sr_legacy
1365,Nutmeg,,Vürtsid ja maitseained,525,5.8,49.3,36.3,20.8,0,,,
16981,"Peppermint, fresh",,Vürtsid ja maitseained,70,3.8,14.9,0.9,8,,0.25,0.078,usda_sr_legacy
16980,"Rosemary, fresh",,Vürtsid ja maitseained,131,3.3,20.7,5.9,14.1,,2.84,0.065,usda_sr_legacy
16983,"Seasoning mix, dry, chili, original",,Vürtsid ja maitseained,335,10.8,56.6,7.3,10.8,8.7,0,11.54,usda_sr_legacy
15841,"Seasoning mix, dry, taco, original",,Vürtsid ja maitseained,322,4.5,58,0,13.3,10.8,0,18.008,usda_sr_legacy
1358,Smoked paprika,,Vürtsid ja maitseained,289,14.8,54,13,34.8,0,,,
15837,"Spearmint, dried",,Vürtsid ja maitseained,285,19.9,52,6,29.8,,1.58,0.86,usda_sr_legacy
16982,"Spearmint, fresh",,Vürtsid ja maitseained,44,3.3,8.4,0.7,6.8,,0.19,0.075,usda_sr_legacy
14979,"Spices, allspice, ground",,Vürtsid ja maitseained,263,6.1,72.1,8.7,21.6,,2.55,0.193,usda_sr_legacy
14980,"Spices, anise seed",,Vürtsid ja maitseained,337,17.6,50,15.9,14.6,,0.59,0.04,usda_sr_legacy
14981,"Spices, basil, dried",,Vürtsid ja maitseained,233,23,47.8,4.1,37.7,1.7,2.16,0.19,usda_sr_legacy
14644,"Spices, bay leaf",,Vürtsid ja maitseained,313,7.6,75,8.4,26.3,,2.28,0.058,usda_sr_legacy
14645,"Spices, caraway seed",,Vürtsid ja maitseained,333,19.8,49.9,14.6,38,0.6,0.62,0.043,usda_sr_legacy
14646,"Spices, cardamom",,Vürtsid ja maitseained,311,10.8,68.5,6.7,28,,0.68,0.045,usda_sr_legacy
14647,"Spices, celery seed",,Vürtsid ja maitseained,392,18.1,41.4,25.3,11.8,0.7,2.19,0.4,usda_sr_legacy
14982,"Spices, chervil, dried",,Vürtsid ja maitseained,237,23.2,49.1,3.9,11.3,,0.17,0.208,usda_sr_legacy
14983,"Spices, chili powder",,Vürtsid ja maitseained,282,13.5,49.7,14.3,34.8,7.2,2.46,7.168,usda_sr_legacy
14984,"Spices, cinnamon, ground",,Vürtsid ja maitseained,247,4,80.6,1.2,53.1,2.2,0.35,0.025,usda_sr_legacy
14985,"Spices, cloves, ground",,Vürtsid ja maitseained,274,6,65.5,13,33.9,2.4,3.95,0.693,usda_sr_legacy
14648,"Spices, coriander leaf, dried",,Vürtsid ja maitseained,279,21.9,52.1,4.8,10.4,7.3,0.12,0.528,usda_sr_legacy
14649,"Spices, coriander seed",,Vürtsid ja maitseained,298,12.4,55,17.8,41.9,,0.99,0.088,usda_sr_legacy
14650,"Spices, cumin seed",,Vürtsid ja maitseained,375,17.8,44.2,22.3,10.5,2.3,1.54,0.42,usda_sr_legacy
14651,"Spices, curry powder",,Vürtsid ja maitseained,325,14.3,55.8,14,53.2,2.8,1.65,0.13,usda_sr_legacy
14652,"Spices, dill seed",,Vürtsid ja maitseained,305,16,55.2,14.5,21.1,,0.73,0.05,usda_sr_legacy
14986,"Spices, dill weed, dried",,Vürtsid ja maitseained,253,20,55.8,4.4,13.6,,0.23,0.52,usda_sr_legacy
14987,"Spices, fennel seed",,Vürtsid ja maitseained,345,15.8,52.3,14.9,39.8,,0.48,0.22,usda_sr_legacy
14988,"Spices, fenugreek seed",,Vürtsid ja maitseained,323,23,58.4,6.4,24.6,,1.46,0.168,usda_sr_legacy
14989,"Spices, garlic powder",,Vürtsid ja maitseained,331,16.6,72.7,0.7,9,2.4,0.25,0.15,usda_sr_legacy
14653,"Spices, ginger, ground",,Vürtsid ja maitseained,335,9,71.6,4.2,14.1,3.4,2.6,0.068,usda_sr_legacy
14654,"Spices, mace, ground",,Vürtsid ja maitseained,475,6.7,50.5,32.4,20.2,,9.51,0.2,usda_sr_legacy
14655,"Spices, marjoram, dried",,Vürtsid ja maitseained,271,12.7,60.6,7,40.3,4.1,0.53,0.193,usda_sr_legacy
14656,"Spices, mustard seed, ground",,Vürtsid ja maitseained,508,26.1,28.1,36.2,12.2,6.8,1.99,0.033,usda_sr_legacy
14990,"Spices, nutmeg, ground",,Vürtsid ja maitseained,525,5.8,49.3,36.3,20.8,3,25.94,0.04,usda_sr_legacy
14991,"Spices, onion powder",,Vürtsid ja maitseained,341,10.4,79.1,1,15.2,6.6,0.22,0.183,usda_sr_legacy
14992,"Spices, oregano, dried",,Vürtsid ja maitseained,265,9,68.9,4.3,42.5,4.1,1.55,0.063,usda_sr_legacy
14993,"Spices, paprika",,Vürtsid ja maitseained,282,14.1,54,12.9,34.9,10.3,2.14,0.17,usda_sr_legacy
14657,"Spices, parsley, dried",,Vürtsid ja maitseained,292,26.6,50.6,5.5,26.7,7.3,1.38,1.13,usda_sr_legacy
14658,"Spices, pepper, black",,Vürtsid ja maitseained,251,10.4,64,3.3,25.3,0.6,1.39,0.05,usda_sr_legacy
14659,"Spices, pepper, red or cayenne",,Vürtsid ja maitseained,318,12,56.6,17.3,27.2,10.3,3.26,0.075,usda_sr_legacy
14660,"Spices, pepper, white",,Vürtsid ja maitseained,296,10.4,68.6,2.1,26.2,,0.63,0.013,usda_sr_legacy
14994,"Spices, poppy seed",,Vürtsid ja maitseained,525,18,28.1,41.6,19.5,3,4.52,0.065,usda_sr_legacy
14995,"Spices, poultry seasoning",,Vürtsid ja maitseained,307,9.6,65.6,7.5,11.3,1.8,3.29,0.068,usda_sr_legacy
14996,"Spices, pumpkin pie spice",,Vürtsid ja maitseained,342,5.8,69.3,12.6,14.8,7.8,6.53,0.13,usda_sr_legacy
14997,"Spices, rosemary, dried",,Vürtsid ja maitseained,331,4.9,64.1,15.2,42.6,,7.37,0.125,usda_sr_legacy
14661,"Spices, saffron",,Vürtsid ja maitseained,310,11.4,65.4,5.9,3.9,,1.59,0.37,usda_sr_legacy
14662,"Spices, sage, ground",,Vürtsid ja maitseained,315,10.6,60.7,12.8,40.3,1.7,7.03,0.028,usda_sr_legacy
14663,"Spices, savory, ground",,Vürtsid ja maitseained,272,6.7,68.7,5.9,45.7,,3.26,0.06,usda_sr_legacy
14664,"Spices, tarragon, dried",,Vürtsid ja maitseained,295,22.8,50.2,7.2,7.4,,1.88,0.155,usda_sr_legacy
14665,"Spices, thyme, dried",,Vürtsid ja maitseained,276,9.1,63.9,7.4,37,1.7,2.73,0.138,usda_sr_legacy
15829,"Spices, turmeric, ground",,Vürtsid ja maitseained,312,9.7,67.1,3.3,22.7,3.2,1.84,0.068,usda_sr_legacy
1357,Sweet paprika,,Vürtsid ja maitseained,282,14.1,53.9,12.9,34.9,0,,,
16977,"Thyme, fresh",,Vürtsid ja maitseained,101,5.6,24.5,1.7,14,,0.47,0.023,usda_sr_legacy
1363,Turmeric ground,,Vürtsid ja maitseained,312,9.7,67.1,3.3,22.7,0,,,
16978,Vanilla extract,,Vürtsid ja maitseained,288,0.1,12.7,0.1,0,12.7,0.01,0.023,usda_sr_legacy
15833,"Vanilla extract, imitation, alcohol",,Vürtsid ja maitseained,237,0.1,2.4,0,0,,,0.01,usda_sr_legacy
15834,"Vanilla extract, imitation, no alcohol",,Vürtsid ja maitseained,56,0,14.4,0,0,14.4,0,0.008,usda_sr_legacy
15839,"Vinegar, balsamic",,Vürtsid ja maitseained,88,0.5,17,0,0,15,0,0.058,usda_sr_legacy
16976,"Vinegar, cider",,Vürtsid ja maitseained,21,0,0.9,0,0,0.4,0,0.013,usda_sr_legacy
15835,"Vinegar, distilled",,Vürtsid ja maitseained,18,0,0,0,0,0,0,0.005,usda_sr_legacy
15838,"Vinegar, red wine",,Vürtsid ja maitseained,19,0,0.3,0,0,0,0,0.02,usda_sr_legacy
1355,White pepper,,Vürtsid ja maitseained,296,10.4,68.6,2.1,26.2,0,,,
